{"type":"FeatureCollection","features":[{"type":"Feature","geometry":{"type":"Polygon","coordinates":[[[-41.13748550415039,-20.288307189941293],[-41.13210678100586,-20.28379821777338],[-41.12925720214844,-20.269878387451115],[-41.12542724609375,-20.26596832275385],[-41.12216186523432,-20.269092559814453],[-41.114654541015625,-20.26710891723627],[-41.10174560546869,-20.275159835815373],[-41.100948333740234,-20.26606369018549],[-41.0918350219726,-20.26955795288086],[-41.079135894775334,-20.259418487548828],[-41.07905960083002,-20.254783630371094],[-41.0706901550293,-20.249460220336914],[-41.066574096679574,-20.234996795654183],[-41.07126998901367,-20.2298583984375],[-41.06636428833002,-20.228351593017578],[-41.06835937499994,-20.221176147460938],[-41.05895233154297,-20.221338272094727],[-41.05673980712885,-20.232700347900334],[-41.05060577392578,-20.23631477355957],[-41.037754058837834,-20.227834701538086],[-41.029388427734375,-20.230993270874023],[-41.025699615478516,-20.230884552001896],[-41.02576065063465,-20.212949752807617],[-41.0019645690918,-20.214317321777344],[-40.99906539916992,-20.207538604736328],[-41.00799942016596,-20.20278358459467],[-41.00547790527344,-20.19952392578125],[-41.00993347167969,-20.194927215576115],[-41.02025604248047,-20.193218231201115],[-41.015327453613224,-20.188547134399414],[-41.014125823974496,-20.17582893371582],[-41.0220832824707,-20.172271728515625],[-41.018619537353516,-20.165922164916992],[-41.018386840820256,-20.15072059631342],[-41.02189254760742,-20.15000915527338],[-41.023269653320256,-20.14286231994629],[-41.03001022338867,-20.142749786376896],[-41.0364418029784,-20.137981414794865],[-41.037498474121094,-20.131734848022404],[-41.02558517456055,-20.11948394775385],[-41.01632308959961,-20.118335723876896],[-41.015735626220646,-20.11415672302246],[-41.01176071166992,-20.11321449279785],[-41.011917114257756,-20.110181808471623],[-41.008762359619084,-20.112979888916016],[-41.000892639160156,-20.11019515991211],[-40.99908447265625,-20.12483787536621],[-40.9923095703125,-20.12535858154297],[-40.98996734619135,-20.121061325073185],[-40.986568450927734,-20.12143135070795],[-40.98206710815424,-20.111543655395394],[-40.97289276123041,-20.11124038696289],[-40.973724365234375,-20.104358673095703],[-40.965950012206974,-20.10293006896967],[-40.96284103393555,-20.09176826477045],[-40.95459365844721,-20.090095520019474],[-40.950481414794865,-20.086437225341797],[-40.94778060913086,-20.088922500610295],[-40.94802856445307,-20.074825286865234],[-40.95574569702143,-20.071523666381836],[-40.95310974121094,-20.06959915161127],[-40.960269927978516,-20.06434440612793],[-40.95652008056629,-20.063053131103516],[-40.957611083984375,-20.057981491088867],[-40.967628479003906,-20.0466365814209],[-40.968379974365234,-20.03787231445301],[-40.96518707275385,-20.03516769409174],[-40.966140747070256,-20.02981948852539],[-40.962921142578125,-20.029272079467773],[-40.96620178222656,-20.02566909790039],[-40.969974517822266,-20.02303695678711],[-40.97006225585926,-19.98993682861328],[-40.96939849853504,-19.976200103759766],[-40.98104476928711,-19.978673934936467],[-40.986045837402344,-19.972955703735295],[-40.9949836730957,-19.96870231628418],[-40.994239807128906,-19.964832305908203],[-40.99488830566406,-19.96048355102539],[-41.00429534912104,-19.96124267578125],[-41.01188278198242,-19.96609878540039],[-41.018955230712834,-19.971364974975586],[-41.037464141845646,-19.977697372436523],[-41.04618835449219,-19.977285385131836],[-41.055240631103516,-19.986743927001896],[-41.06510543823242,-19.98741149902338],[-41.086917877197266,-19.971462249755803],[-41.09502410888672,-19.97072410583496],[-41.10393524169916,-19.964004516601562],[-41.104988098144474,-19.96852684020996],[-41.111900329589844,-19.973209381103402],[-41.12167358398432,-19.967004776000977],[-41.11110687255854,-19.95635986328125],[-41.11167144775385,-19.949438095092773],[-41.11564636230469,-19.941671371459904],[-41.12498092651367,-19.93626594543457],[-41.131072998046875,-19.909114837646428],[-41.14497756958008,-19.89174270629877],[-41.15572357177729,-19.89195632934559],[-41.175018310546875,-19.907526016235295],[-41.18798828125,-19.891172409057617],[-41.20499801635742,-19.903102874755803],[-41.21122741699213,-19.9009952545166],[-41.22832107543934,-19.905614852905217],[-41.23252487182617,-19.918981552123967],[-41.24411773681635,-19.93687820434559],[-41.24886703491211,-19.937940597534123],[-41.254554748535156,-19.932138442993107],[-41.27204513549805,-19.942111968994084],[-41.275222778320256,-19.949686050414982],[-41.27400588989258,-19.956285476684457],[-41.2647819519043,-19.957460403442383],[-41.26270294189453,-19.963216781616154],[-41.2690544128418,-19.984365463256836],[-41.274871826171875,-20.00026512145996],[-41.26995086669922,-20.00638771057129],[-41.26906204223633,-20.01655769348133],[-41.25218963623047,-20.022169113159123],[-41.25248336791992,-20.02808189392084],[-41.243038177490234,-20.03606033325184],[-41.239860534667855,-20.047700881958008],[-41.23278808593744,-20.052608489990234],[-41.24135208129877,-20.070112228393555],[-41.25300979614252,-20.082134246826172],[-41.2385368347168,-20.11375617980957],[-41.22606658935547,-20.122341156005803],[-41.22500991821289,-20.129901885986214],[-41.23031997680653,-20.13125038146967],[-41.232105255126896,-20.137351989746094],[-41.22902297973633,-20.14210510253895],[-41.23016357421875,-20.161081314086914],[-41.23127365112293,-20.163471221923714],[-41.24144744873041,-20.15712165832514],[-41.24492645263672,-20.1593399047851],[-41.246692657470646,-20.176551818847656],[-41.25181198120117,-20.1840763092041],[-41.242412567138615,-20.199028015136662],[-41.24132537841797,-20.20881843566883],[-41.253028869628906,-20.20588302612299],[-41.25686264038086,-20.21302413940424],[-41.24385833740229,-20.217479705810547],[-41.23575973510731,-20.228624343872013],[-41.23682403564453,-20.24171638488758],[-41.23211669921869,-20.258834838867074],[-41.24251556396479,-20.26491165161127],[-41.23715972900385,-20.27657127380371],[-41.22314453124994,-20.283578872680607],[-41.21658325195307,-20.274553298950195],[-41.21286773681629,-20.275257110595703],[-41.20522308349604,-20.268106460571232],[-41.1933479309082,-20.269989013671818],[-41.19300460815424,-20.265838623046875],[-41.18603897094721,-20.260129928588867],[-41.16906356811518,-20.26697540283203],[-41.15803146362293,-20.28265762329096],[-41.149158477783146,-20.282045364379826],[-41.13748550415039,-20.288307189941293]]]},"properties":{"id_cidade":3200102,"cidade":"Afonso Cláudio","id_microrregiao":320307,"id_mesorregiao":3203,"id_estado":32,"id_regiao":3}},{"type":"Feature","geometry":{"type":"Polygon","coordinates":[[[-40.940345764160156,-18.735851287841797],[-40.9335823059082,-18.722398757934513],[-40.92710876464844,-18.717447280883732],[-40.924705505371094,-18.691871643066406],[-40.91547775268549,-18.684650421142578],[-40.90647506713867,-18.68979072570795],[-40.899024963378906,-18.689340591430664],[-40.906097412109375,-18.675121307373047],[-40.90364456176758,-18.670284271240178],[-40.908935546874886,-18.668619155883732],[-40.909915924072266,-18.663902282714787],[-40.90529632568354,-18.641822814941406],[-40.90507888793945,-18.610870361328068],[-40.91236495971668,-18.598745346069336],[-40.92590332031244,-18.592332839965763],[-40.93044662475586,-18.579633712768498],[-40.919773101806584,-18.563499450683594],[-40.92024993896479,-18.55854988098139],[-40.913639068603516,-18.55290412902832],[-40.908618927001896,-18.54707717895502],[-40.90049743652344,-18.55160713195795],[-40.89598846435547,-18.538795471191406],[-40.90538024902338,-18.538063049316406],[-40.905616760253906,-18.533018112182504],[-40.901824951171875,-18.530242919921875],[-40.903686523437386,-18.52376937866211],[-40.917457580566406,-18.522258758544865],[-40.91585159301758,-18.492956161498967],[-40.92341232299799,-18.48285675048828],[-40.92574691772461,-18.46670150756836],[-40.91976928710932,-18.45565986633295],[-40.924953460693246,-18.43914031982422],[-40.929874420166016,-18.43257331848139],[-40.92693328857416,-18.429168701171875],[-40.93566131591797,-18.422998428344727],[-40.93475341796869,-18.41961479187006],[-40.92436218261713,-18.416120529174805],[-40.92748260498047,-18.4065647125243],[-40.93363189697254,-18.396459579467773],[-40.9427375793457,-18.40538787841797],[-40.95035934448242,-18.40121078491211],[-40.951019287109375,-18.395132064819336],[-40.94376754760742,-18.392923355102425],[-40.944290161132756,-18.389236450195256],[-40.95166778564453,-18.385498046874943],[-40.95999526977539,-18.383861541748047],[-40.966621398925724,-18.391445159911996],[-40.98313140869129,-18.392393112182617],[-40.976612091064396,-18.398086547851506],[-40.985038757324105,-18.411359786987305],[-40.998462677001896,-18.392398834228402],[-41.00590515136713,-18.395671844482422],[-41.00936508178711,-18.380161285400334],[-41.02357482910156,-18.391801834106445],[-41.0268936157226,-18.38671875],[-41.0341682434082,-18.38880157470703],[-41.040515899658146,-18.383750915527344],[-41.036102294921875,-18.380287170410043],[-41.03927612304682,-18.373321533203068],[-41.03297042846674,-18.36590576171875],[-41.041255950927734,-18.361715316772404],[-41.052494049072266,-18.343742370605412],[-41.05726623535156,-18.348602294921818],[-41.0563850402832,-18.353593826293945],[-41.0625114440918,-18.35273551940918],[-41.068000793456974,-18.356443405151367],[-41.068336486816406,-18.364959716796875],[-41.07801818847645,-18.373653411865234],[-41.08678817749018,-18.374679565429688],[-41.087120056152344,-18.38469696044922],[-41.09561538696289,-18.389936447143498],[-41.100948333740234,-18.402616500854435],[-41.1109619140625,-18.40167808532709],[-41.11587524414057,-18.40826225280756],[-41.12275314331055,-18.40871810913086],[-41.133766174316406,-18.402786254882756],[-41.142051696777344,-18.401828765869084],[-41.144680023193246,-18.406244277954045],[-41.14535903930664,-18.407663345336914],[-41.15371704101557,-18.413715362548828],[-41.15600204467768,-18.41450881958002],[-41.16661453247059,-18.41521263122553],[-41.180747985839844,-18.435802459716797],[-41.18196868896473,-18.439071655273438],[-41.175498962402344,-18.443784713745117],[-41.08886337280268,-18.451200485229492],[-41.06376647949219,-18.453336715698242],[-41.02268981933588,-18.457685470581055],[-41.01916503906244,-18.463066101074105],[-41.01679611206043,-18.470462799072266],[-41.029972076416016,-18.54779624938959],[-41.04193115234375,-18.60539817810053],[-41.03359603881836,-18.6074161529541],[-41.03291702270508,-18.618225097656193],[-41.039337158203125,-18.61991882324213],[-41.04408645629883,-18.626264572143498],[-41.05305099487305,-18.62871742248535],[-41.05083465576166,-18.6341495513916],[-41.041500091552734,-18.63974761962885],[-41.04436111450195,-18.64827537536621],[-41.033016204833984,-18.64479255676258],[-41.029720306396484,-18.64611625671381],[-41.03216552734375,-18.65263366699213],[-41.02015686035156,-18.654949188232308],[-41.00516891479492,-18.66727066040039],[-40.98884201049799,-18.673198699951172],[-40.98797225952143,-18.677150726318303],[-40.951988220214844,-18.680835723876953],[-40.943580627441406,-18.687572479248047],[-40.94072723388672,-18.728092193603402],[-40.940345764160156,-18.735851287841797]]]},"properties":{"id_cidade":3200169,"cidade":"Água Doce do Norte","id_microrregiao":320101,"id_mesorregiao":3201,"id_estado":32,"id_regiao":3}},{"type":"Feature","geometry":{"type":"Polygon","coordinates":[[[-41.58141326904297,-20.91168594360346],[-41.57502746582031,-20.910623550414925],[-41.57255554199219,-20.90316963195795],[-41.560340881347656,-20.89128303527832],[-41.54739379882807,-20.89008331298828],[-41.538944244384766,-20.883716583251953],[-41.531307220458984,-20.88464927673334],[-41.525814056396484,-20.88677215576172],[-41.52120590209961,-20.884151458740178],[-41.51449203491205,-20.889278411865178],[-41.51692199707031,-20.895050048828125],[-41.51194763183594,-20.90122413635254],[-41.50136184692383,-20.90845870971674],[-41.49884033203119,-20.896350860595646],[-41.49074554443354,-20.895664215087834],[-41.48828506469721,-20.887264251708984],[-41.48219680786133,-20.883886337280217],[-41.47393035888672,-20.883972167968636],[-41.47076416015625,-20.897178649902344],[-41.46116638183594,-20.901889801025334],[-41.46283721923828,-20.894704818725586],[-41.455547332763615,-20.893657684326172],[-41.452976226806584,-20.89185714721674],[-41.459575653076115,-20.881013870239258],[-41.45695495605469,-20.871202468872013],[-41.46357345581049,-20.86680793762207],[-41.458423614501896,-20.856525421142578],[-41.461196899414006,-20.851299285888672],[-41.457553863525334,-20.846532821655217],[-41.45919418334955,-20.83748435974121],[-41.454002380371094,-20.834197998046875],[-41.45147323608393,-20.828264236450195],[-41.45524215698242,-20.82085227966303],[-41.45094299316406,-20.81905555725092],[-41.455142974853516,-20.81297492980957],[-41.453128814697266,-20.805599212646484],[-41.44538497924805,-20.801761627197152],[-41.443561553954964,-20.796529769897404],[-41.429233551025334,-20.79047775268549],[-41.427505493164006,-20.784107208251896],[-41.41658020019531,-20.78058242797846],[-41.399444580078125,-20.734928131103516],[-41.38444900512695,-20.737028121948185],[-41.382659912109375,-20.725807189941406],[-41.37572479248041,-20.730470657348576],[-41.3707656860351,-20.721044540405273],[-41.36191558837885,-20.721384048461857],[-41.35560226440424,-20.719270706176758],[-41.353534698486214,-20.709037780761662],[-41.34994888305664,-20.70701408386219],[-41.36226272583008,-20.701812744140568],[-41.36022186279297,-20.696073532104492],[-41.36310958862305,-20.695304870605412],[-41.38323974609375,-20.686187744140625],[-41.38923645019531,-20.67054939270014],[-41.38454055786133,-20.65928077697754],[-41.37246322631836,-20.648284912109318],[-41.380104064941406,-20.635595321655273],[-41.37421798706049,-20.629234313964787],[-41.380340576171875,-20.62349319458002],[-41.390953063964844,-20.624370574951115],[-41.395488739013615,-20.614946365356445],[-41.39153289794922,-20.61090469360346],[-41.39509963989252,-20.608938217163086],[-41.399620056152344,-20.604255676269418],[-41.397876739501896,-20.591184616088867],[-41.40593338012695,-20.58288955688471],[-41.40560150146479,-20.576023101806584],[-41.414844512939396,-20.573270797729492],[-41.4238395690918,-20.566280364990178],[-41.43860244750965,-20.562011718749886],[-41.449260711669865,-20.571989059448242],[-41.45051956176752,-20.580057144164982],[-41.458465576171875,-20.584400177001896],[-41.4620246887207,-20.580631256103516],[-41.470142364501896,-20.58314895629877],[-41.476898193359375,-20.598812103271428],[-41.473052978515625,-20.599597930908203],[-41.475643157958984,-20.60664939880371],[-41.487983703613224,-20.606378555297795],[-41.488376617431584,-20.59944343566883],[-41.492176055908146,-20.59888076782221],[-41.4963645935058,-20.595237731933594],[-41.502975463867074,-20.573404312133675],[-41.49977111816406,-20.570552825927734],[-41.50188064575195,-20.554468154907227],[-41.49515914916981,-20.55184555053711],[-41.4980850219726,-20.548645019531193],[-41.519325256347656,-20.546743392944336],[-41.52615356445301,-20.549453735351562],[-41.532722473144474,-20.562135696411076],[-41.54003143310547,-20.56382179260254],[-41.57056808471674,-20.57605552673334],[-41.58097839355463,-20.56966781616211],[-41.58508300781244,-20.560537338256836],[-41.59239959716791,-20.560983657836857],[-41.59160614013672,-20.555437088012695],[-41.598934173583984,-20.55357551574707],[-41.59783554077143,-20.54953193664545],[-41.60186004638666,-20.546112060546875],[-41.60752868652344,-20.54884910583496],[-41.608631134033146,-20.55627822875971],[-41.61586380004877,-20.563461303710938],[-41.62257003784168,-20.56642341613764],[-41.63365936279297,-20.564159393310547],[-41.64059829711914,-20.573991775512695],[-41.63436508178705,-20.58065414428711],[-41.63817596435541,-20.588779449462834],[-41.6306533813476,-20.597473144531193],[-41.6188850402832,-20.6007022857666],[-41.624481201171875,-20.6086483001709],[-41.62014389038086,-20.61635208129877],[-41.62459182739258,-20.616422653198242],[-41.62602615356445,-20.621835708618107],[-41.61832046508789,-20.62581443786621],[-41.61473846435541,-20.62030792236328],[-41.60774993896479,-20.62359046936035],[-41.60374450683588,-20.631559371948185],[-41.61134338378906,-20.632728576660156],[-41.611846923828125,-20.63778305053711],[-41.61056900024414,-20.646308898925724],[-41.600955963134766,-20.652992248535043],[-41.597671508789006,-20.66312026977539],[-41.6003532409668,-20.66489410400385],[-41.601619720458984,-20.673263549804688],[-41.59568786621094,-20.678651809692383],[-41.599658966064396,-20.68393325805664],[-41.60906982421875,-20.68726158142084],[-41.61258316040039,-20.704631805419922],[-41.603862762451115,-20.707241058349553],[-41.59955215454096,-20.71216773986805],[-41.5962028503418,-20.719997406005803],[-41.595569610595646,-20.727874755859375],[-41.60430908203125,-20.729187011718636],[-41.61170196533203,-20.746318817138615],[-41.61026763916004,-20.75046157836914],[-41.61835098266596,-20.753807067871094],[-41.61825180053705,-20.7633762359618],[-41.63073348999018,-20.776922225952035],[-41.62939834594721,-20.782997131347656],[-41.62339019775385,-20.791652679443246],[-41.626129150390625,-20.802604675292912],[-41.61701583862299,-20.802011489868164],[-41.61511611938471,-20.807292938232308],[-41.6219863891601,-20.813753128051758],[-41.62400054931629,-20.82161140441889],[-41.61817550659174,-20.84392547607422],[-41.6252555847168,-20.85182571411127],[-41.62436676025385,-20.858163833618107],[-41.62823486328125,-20.8623104095459],[-41.61155700683594,-20.88857650756836],[-41.61605453491205,-20.89794158935547],[-41.61174392700195,-20.90184593200678],[-41.602745056152344,-20.900856018066406],[-41.5989036560058,-20.89005470275879],[-41.58709716796875,-20.89813423156727],[-41.58141326904297,-20.91168594360346]]]},"properties":{"id_cidade":3200201,"cidade":"Alegre","id_microrregiao":320411,"id_mesorregiao":3204,"id_estado":32,"id_regiao":3}},{"type":"Feature","geometry":{"type":"Polygon","coordinates":[[[-40.906990051269474,-20.68762016296381],[-40.89659118652344,-20.67763900756836],[-40.881126403808594,-20.67163848876953],[-40.85706329345703,-20.68589973449707],[-40.83906936645508,-20.68805313110346],[-40.84374237060547,-20.68276405334467],[-40.839515686035156,-20.678230285644474],[-40.78472137451172,-20.703216552734318],[-40.771183013916016,-20.705615997314396],[-40.7681999206543,-20.700288772583008],[-40.77055740356434,-20.67743492126459],[-40.758567810058594,-20.65770721435547],[-40.74755477905268,-20.658401489257756],[-40.744888305664006,-20.649822235107365],[-40.741004943847656,-20.645002365112248],[-40.7389030456543,-20.648225784301758],[-40.734466552734375,-20.645360946655273],[-40.726524353027344,-20.646722793579045],[-40.72768020629883,-20.632623672485295],[-40.71620178222656,-20.62619972229004],[-40.70760726928705,-20.61183357238764],[-40.70467758178711,-20.613960266113224],[-40.69688034057617,-20.607378005981445],[-40.68955993652338,-20.605682373046818],[-40.67668914794916,-20.595317840576172],[-40.669395446777344,-20.594945907592717],[-40.67274856567383,-20.575956344604435],[-40.68186569213856,-20.578968048095646],[-40.684707641601506,-20.566665649414006],[-40.68135452270502,-20.556995391845703],[-40.67619323730469,-20.5545597076416],[-40.673259735107365,-20.557752609252873],[-40.670833587646484,-20.55168342590332],[-40.67302703857422,-20.54485893249506],[-40.70280456542969,-20.536724090576115],[-40.701492309570256,-20.525728225708008],[-40.69160079956055,-20.52493667602539],[-40.695972442626896,-20.52083969116211],[-40.69279098510742,-20.51195335388178],[-40.69540786743153,-20.504945755004883],[-40.69148635864252,-20.49899482727045],[-40.685199737548714,-20.5000705718993],[-40.682819366454964,-20.487934112548828],[-40.67757415771473,-20.48929405212391],[-40.67732620239258,-20.485019683837834],[-40.678375244140625,-20.482120513916016],[-40.6740837097168,-20.480331420898438],[-40.68009567260742,-20.474441528320256],[-40.675727844238224,-20.465799331664982],[-40.66944503784174,-20.466726303100586],[-40.66414260864258,-20.46292114257801],[-40.65897369384754,-20.465850830078068],[-40.65828704833979,-20.460586547851562],[-40.66099166870117,-20.449596405029297],[-40.67433547973633,-20.449861526489258],[-40.683959960937386,-20.441400527954045],[-40.689334869384766,-20.43420791625971],[-40.70307159423828,-20.43287277221674],[-40.715705871581974,-20.441793441772404],[-40.70820236206055,-20.44796371459961],[-40.71131515502924,-20.45088577270502],[-40.71022033691406,-20.45997428894043],[-40.720188140869084,-20.46089553833002],[-40.723876953125,-20.45819091796875],[-40.73640060424799,-20.46711540222168],[-40.737205505371094,-20.47474479675293],[-40.74404144287098,-20.475669860839787],[-40.74108123779291,-20.481321334838867],[-40.7526016235351,-20.489574432373047],[-40.748622894286996,-20.49335289001465],[-40.762126922607365,-20.50509071350092],[-40.76428985595703,-20.497667312622013],[-40.76983642578125,-20.497446060180664],[-40.775821685791016,-20.49687385559082],[-40.784282684326115,-20.50902366638178],[-40.79328918457031,-20.50796127319336],[-40.79844284057617,-20.514629364013672],[-40.816001892089844,-20.523782730102482],[-40.822174072265625,-20.517782211303654],[-40.81053161621094,-20.502187728881836],[-40.807472229003906,-20.492282867431584],[-40.81386947631836,-20.482624053955078],[-40.81867218017578,-20.489105224609375],[-40.83137893676752,-20.484785079955998],[-40.83588790893555,-20.488372802734318],[-40.84123611450195,-20.485546112060547],[-40.85557174682617,-20.49203681945795],[-40.861316680908146,-20.488780975341797],[-40.86769866943354,-20.47885513305664],[-40.86626815795893,-20.472724914550724],[-40.87022399902344,-20.465360641479492],[-40.90510940551752,-20.462600708007756],[-40.90436553955078,-20.458608627319336],[-40.91218566894531,-20.449665069579964],[-40.918575286865234,-20.447206497192326],[-40.91973114013672,-20.443090438842773],[-40.9260139465332,-20.442365646362248],[-40.929752349853516,-20.437486648559513],[-40.93881607055664,-20.43720245361328],[-40.94520950317383,-20.440610885620117],[-40.96190643310547,-20.4303035736084],[-40.96136474609369,-20.436008453369084],[-40.98117446899414,-20.43419075012207],[-40.98812484741211,-20.437231063842773],[-40.99557113647461,-20.44145202636713],[-40.9859504699707,-20.447734832763615],[-40.9853401184082,-20.458593368530273],[-40.97829055786133,-20.45608139038086],[-40.967620849609375,-20.462898254394474],[-40.9699821472168,-20.474117279052734],[-40.97387313842768,-20.4746475219726],[-40.97285461425781,-20.479759216308594],[-40.966228485107365,-20.484201431274357],[-40.96765518188471,-20.49383354187006],[-40.9596061706543,-20.498058319091797],[-40.95862197875965,-20.51007080078125],[-40.962345123291016,-20.512615203857422],[-40.95949935913086,-20.528759002685547],[-40.96471405029291,-20.544702529907113],[-40.956912994384766,-20.55221748352045],[-40.95914077758789,-20.555147171020508],[-40.956794738769474,-20.560325622558594],[-40.965126037597656,-20.563240051269474],[-40.96863174438465,-20.576744079589844],[-40.95733642578125,-20.591663360595646],[-40.96245193481445,-20.602216720581055],[-40.958351135253906,-20.604133605956974],[-40.952407836914006,-20.601770401000977],[-40.94428634643549,-20.6068058013916],[-40.93676376342768,-20.600194931030217],[-40.93350219726557,-20.601381301879883],[-40.914093017578125,-20.614227294921875],[-40.90962219238281,-20.622934341430664],[-40.91107177734375,-20.630054473876953],[-40.916469573974496,-20.644325256347656],[-40.925788879394474,-20.648094177246037],[-40.93359375,-20.663917541503906],[-40.93098449707031,-20.67018318176264],[-40.93439865112293,-20.67451286315918],[-40.929927825927734,-20.67885017395014],[-40.906990051269474,-20.68762016296381]]]},"properties":{"id_cidade":3200300,"cidade":"Alfredo Chaves","id_microrregiao":320310,"id_mesorregiao":3203,"id_estado":32,"id_regiao":3}},{"type":"Feature","geometry":{"type":"Polygon","coordinates":[[[-40.96283721923828,-19.121553421020508],[-40.964637756347656,-19.110858917236328],[-40.96033096313471,-19.100704193115234],[-40.9527587890625,-19.10222816467285],[-40.93801116943354,-19.092006683349553],[-40.93876647949213,-19.0873184204101],[-40.94655990600586,-19.088502883911076],[-40.94872283935547,-19.079484939575195],[-40.921058654785156,-19.065765380859318],[-40.910987854003906,-19.063436508178654],[-40.90666198730469,-19.056381225585938],[-40.90012359619135,-19.050689697265568],[-40.89542770385742,-19.004322052001953],[-40.90130233764637,-19.008073806762695],[-40.907649993896484,-19.00655174255371],[-40.91844177246088,-19.01027488708496],[-40.92864608764643,-18.998279571533203],[-40.93974685668945,-18.998802185058594],[-40.95170974731445,-19.00614356994629],[-40.94488143920893,-18.95949935913086],[-40.94979476928711,-18.94805908203125],[-40.94704055786133,-18.94427871704096],[-40.92816543579096,-18.944704055786076],[-40.90483856201172,-18.939598083496037],[-41.05806350708002,-18.944807052612248],[-41.06648635864258,-18.94509315490717],[-41.06479263305664,-18.951078414916935],[-41.06166076660156,-18.96659278869629],[-41.05130004882807,-18.966211318969727],[-41.0506591796875,-18.97425079345703],[-41.04593276977539,-18.975185394287053],[-41.04132080078125,-18.979909896850472],[-41.038711547851506,-18.980405807495117],[-41.03581237792969,-18.980005264282113],[-41.029029846191406,-18.97435760498047],[-41.01797103881836,-18.97350883483881],[-41.01753997802729,-18.977037429809513],[-41.0268440246582,-18.985818862914982],[-41.0517845153808,-19.001113891601506],[-41.06628799438465,-19.006708145141488],[-41.065872192382756,-19.01637649536127],[-41.07173538208008,-19.023841857910156],[-41.06308364868164,-19.039295196533203],[-41.065498352050724,-19.05132865905756],[-41.06067657470703,-19.05617904663086],[-41.05318069458008,-19.05916976928711],[-41.05379486083973,-19.068859100341797],[-41.035430908203125,-19.071554183959904],[-41.02535247802729,-19.079971313476506],[-41.01921844482422,-19.075376510620004],[-41.01254653930664,-19.075796127319336],[-41.01472091674805,-19.090251922607422],[-41.00440979003906,-19.083656311035156],[-41.008396148681584,-19.098253250122013],[-41.0032958984375,-19.099636077880803],[-40.984703063964844,-19.100711822509766],[-40.98210906982422,-19.10955238342285],[-40.97346878051752,-19.115491867065373],[-40.969512939453125,-19.122886657714787],[-40.96283721923828,-19.121553421020508]]]},"properties":{"id_cidade":3200359,"cidade":"Alto Rio Novo","id_microrregiao":320103,"id_mesorregiao":3201,"id_estado":32,"id_regiao":3}},{"type":"Feature","geometry":{"type":"Polygon","coordinates":[[[-40.70097351074219,-20.83470726013178],[-40.69930648803705,-20.833749771118107],[-40.69625091552729,-20.833749771118107],[-40.69625091552729,-20.834861755371094],[-40.694305419921875,-20.835416793823242],[-40.692359924316406,-20.833749771118107],[-40.69374847412104,-20.832361221313477],[-40.692359924316406,-20.83013916015625],[-40.690418243408146,-20.830972671508732],[-40.689582824706974,-20.82875061035145],[-40.68763732910156,-20.828472137451172],[-40.68652725219721,-20.827362060546875],[-40.68347167968744,-20.827360153198185],[-40.681251525878906,-20.825971603393555],[-40.681251525878906,-20.823749542236328],[-40.67930603027344,-20.82319450378418],[-40.67625045776367,-20.82319450378418],[-40.675140380859375,-20.821805953979435],[-40.672359466552734,-20.821805953979435],[-40.67097091674799,-20.82014083862299],[-40.670696258544865,-20.817918777465763],[-40.6662483215332,-20.817918777465763],[-40.66569519042969,-20.816249847412053],[-40.66569519042969,-20.812639236450195],[-40.66208267211914,-20.812360763549748],[-40.66125106811518,-20.810972213745117],[-40.65986251831055,-20.811527252197266],[-40.655139923095646,-20.810693740844727],[-40.65430450439442,-20.806804656982365],[-40.657638549804574,-20.805694580078125],[-40.659027099609375,-20.8034725189209],[-40.65874862670893,-20.801250457763615],[-40.657081604003906,-20.799583435058594],[-40.654861450195256,-20.79847145080555],[-40.6515274047851,-20.798194885253906],[-40.65069580078125,-20.796806335449105],[-40.650970458984375,-20.791250228881836],[-40.6470832824707,-20.786249160766545],[-40.64652633666992,-20.787361145019418],[-40.64958190917969,-20.790971755981445],[-40.64958190917969,-20.796527862548828],[-40.65069580078125,-20.798749923705998],[-40.65236282348627,-20.799303054809513],[-40.65597152709961,-20.803747177124023],[-40.65597152709961,-20.805694580078125],[-40.6515274047851,-20.806249618530273],[-40.647361755371094,-20.808195114135685],[-40.64125061035156,-20.80986022949213],[-40.63430404663086,-20.813472747802678],[-40.63097381591797,-20.816528320312443],[-40.62874984741211,-20.81958389282221],[-40.63041687011719,-20.82291603088379],[-40.63041687011719,-20.82402801513672],[-40.63208389282215,-20.825416564941293],[-40.63208389282215,-20.827362060546875],[-40.633193969726506,-20.82875061035145],[-40.633193969726506,-20.834028244018498],[-40.63208389282215,-20.83763885498047],[-40.63069534301758,-20.838472366333008],[-40.63069534301758,-20.841249465942383],[-40.62763977050781,-20.841527938842773],[-40.62652969360346,-20.84013938903803],[-40.62736129760742,-20.8390274047851],[-40.626804351806584,-20.836805343627873],[-40.62486267089844,-20.834861755371094],[-40.622638702392464,-20.834028244018498],[-40.62069320678711,-20.834304809570312],[-40.61930465698231,-20.830972671508732],[-40.61930465698231,-20.829307556152287],[-40.61569595336914,-20.82430458068842],[-40.61569595336914,-20.821805953979435],[-40.614028930664006,-20.819028854370117],[-40.614028930664006,-20.81708335876465],[-40.612361907958984,-20.81458282470703],[-40.61125183105469,-20.811805725097656],[-40.61097335815424,-20.80958366394043],[-40.607917785644474,-20.806249618530273],[-40.60625076293945,-20.80513954162592],[-40.602638244628906,-20.804861068725472],[-40.59958267211914,-20.806249618530273],[-40.597915649414006,-20.804582595825195],[-40.59486007690424,-20.804025650024414],[-40.59319305419922,-20.802085876464844],[-40.58847045898432,-20.80236053466797],[-40.58736038208008,-20.803195953369027],[-40.587638854980355,-20.806528091430664],[-40.58625030517578,-20.806804656982365],[-40.584583282470646,-20.804861068725472],[-40.582916259765625,-20.801807403564453],[-40.582916259765625,-20.79902839660639],[-40.58235931396479,-20.796527862548828],[-40.580970764160156,-20.79402732849121],[-40.578193664550724,-20.791805267333984],[-40.576805114746094,-20.78874969482422],[-40.572639465331974,-20.78847312927246],[-40.57208251953119,-20.78902626037592],[-40.56930541992182,-20.788196563720646],[-40.57041549682617,-20.78430557250971],[-40.5718040466308,-20.784860610961914],[-40.57319259643555,-20.787639617919865],[-40.57597351074213,-20.786249160766545],[-40.576805114746094,-20.782638549804688],[-40.5765266418457,-20.775415420532227],[-40.57402801513672,-20.76930618286127],[-40.57097244262695,-20.766805648803654],[-40.57097244262695,-20.764862060546875],[-40.56902694702143,-20.76319694519043],[-40.56764602661133,-20.760974884033203],[-40.57195281982422,-20.75569915771473],[-40.573032379150334,-20.7538166046142],[-40.57206726074213,-20.751968383789006],[-40.57411575317383,-20.74976730346674],[-40.576957702636605,-20.747543334960938],[-40.58100891113281,-20.745649337768555],[-40.585025787353516,-20.742036819458008],[-40.636150360107365,-20.65131378173828],[-40.64793395996094,-20.628223419189453],[-40.64588546752924,-20.59040451049799],[-40.644798278808594,-20.585342407226506],[-40.64308166503906,-20.55926322937006],[-40.637725830078125,-20.553491592407227],[-40.63982391357422,-20.547243118286076],[-40.64962387084955,-20.54816246032715],[-40.677310943603516,-20.56661605834961],[-40.67269515991205,-20.574007034301758],[-40.68186569213856,-20.578968048095646],[-40.67274856567383,-20.575956344604435],[-40.669395446777344,-20.594945907592717],[-40.67668914794916,-20.595317840576172],[-40.68955993652338,-20.605682373046818],[-40.69688034057617,-20.607378005981445],[-40.70467758178711,-20.613960266113224],[-40.70760726928705,-20.61183357238764],[-40.71620178222656,-20.62619972229004],[-40.72768020629883,-20.632623672485295],[-40.726524353027344,-20.646722793579045],[-40.734466552734375,-20.645360946655273],[-40.7389030456543,-20.648225784301758],[-40.741004943847656,-20.645002365112248],[-40.744888305664006,-20.649822235107365],[-40.74755477905268,-20.658401489257756],[-40.758567810058594,-20.65770721435547],[-40.77055740356434,-20.67743492126459],[-40.7681999206543,-20.700288772583008],[-40.771183013916016,-20.705615997314396],[-40.78472137451172,-20.703216552734318],[-40.839515686035156,-20.678230285644474],[-40.84374237060547,-20.68276405334467],[-40.83906936645508,-20.68805313110346],[-40.83372116088867,-20.691904067993164],[-40.827854156494084,-20.691068649291935],[-40.80603790283203,-20.716880798339787],[-40.79687881469715,-20.71313858032221],[-40.79299545288086,-20.71574592590332],[-40.7948760986327,-20.72503471374506],[-40.80745697021479,-20.736862182617188],[-40.80721664428711,-20.741851806640568],[-40.810684204101506,-20.750036239624023],[-40.80480194091797,-20.75575828552246],[-40.78401565551758,-20.748950958251953],[-40.77624893188471,-20.75716781616211],[-40.78022384643555,-20.763841629028263],[-40.77416610717768,-20.764400482177734],[-40.77120590209955,-20.76946067810053],[-40.775501251220646,-20.773363113403263],[-40.769901275634766,-20.788436889648438],[-40.75120162963867,-20.78789520263672],[-40.748394012451115,-20.798982620239258],[-40.74205780029297,-20.803688049316406],[-40.73675918579096,-20.80737686157221],[-40.729900360107365,-20.805988311767578],[-40.72161483764643,-20.8184814453125],[-40.7107315063476,-20.820966720580998],[-40.70961761474598,-20.82844352722168],[-40.7073020935058,-20.831296920776367],[-40.70097351074219,-20.83470726013178]]]},"properties":{"id_cidade":3200409,"cidade":"Anchieta","id_microrregiao":320310,"id_mesorregiao":3203,"id_estado":32,"id_regiao":3}},{"type":"Feature","geometry":{"type":"Polygon","coordinates":[[[-41.6467399597168,-21.1446075439452],[-41.63889694213867,-21.146366119384766],[-41.62884902954096,-21.144453048705998],[-41.613479614257756,-21.155548095703068],[-41.60766220092768,-21.154813766479492],[-41.587749481201115,-21.148803710937386],[-41.58177185058594,-21.16680335998535],[-41.570659637451115,-21.171327590942326],[-41.56988906860346,-21.179342269897404],[-41.56566619873047,-21.182729721069336],[-41.55838012695307,-21.17293548583973],[-41.56117248535156,-21.163053512573185],[-41.55428314208973,-21.15643882751465],[-41.54890823364252,-21.155719757080078],[-41.54541778564442,-21.14842987060547],[-41.5225715637207,-21.146095275878906],[-41.51028442382807,-21.149044036865234],[-41.50148391723633,-21.14656257629383],[-41.50586700439453,-21.141338348388615],[-41.49582672119129,-21.126924514770508],[-41.49431610107422,-21.11232185363764],[-41.49671936035156,-21.108448028564396],[-41.49993133544922,-21.11046981811512],[-41.512916564941406,-21.106300354003906],[-41.50736999511719,-21.093996047973576],[-41.51216506958008,-21.088375091552734],[-41.50355148315418,-21.078554153442326],[-41.50614547729492,-21.070741653442326],[-41.51551818847656,-21.064828872680607],[-41.51567840576172,-21.057472229003906],[-41.50802993774403,-21.048250198364258],[-41.510921478271484,-21.023153305053654],[-41.505237579345646,-21.017520904541016],[-41.50330352783203,-21.003715515136662],[-41.49684906005854,-20.998367309570312],[-41.50005340576172,-20.990110397338867],[-41.50446319580078,-20.990005493164006],[-41.50720977783203,-20.991178512573185],[-41.509536743164006,-20.98579025268549],[-41.521888732910156,-20.98213386535639],[-41.52099990844715,-20.97062110900879],[-41.523540496826115,-20.963777542114258],[-41.5408821105957,-20.96563720703125],[-41.54536819458008,-20.967281341552734],[-41.57197570800781,-20.95768165588379],[-41.58028030395508,-20.961820602416935],[-41.58509063720692,-20.973468780517578],[-41.5820426940918,-20.97809219360346],[-41.58239364624018,-20.990480422973633],[-41.592674255371094,-21.008317947387695],[-41.58811187744135,-21.00817108154297],[-41.58543014526367,-21.01558494567871],[-41.572090148925724,-21.023853302001896],[-41.57527160644531,-21.042980194091797],[-41.587589263916016,-21.05605888366688],[-41.58338928222656,-21.061519622802678],[-41.58460617065424,-21.06648635864252],[-41.57476806640619,-21.070217132568303],[-41.57126998901367,-21.07589340209961],[-41.58956527709955,-21.087184906005803],[-41.59114456176758,-21.093917846679688],[-41.6036758422851,-21.107999801635685],[-41.611118316650334,-21.107597351074162],[-41.625679016113224,-21.11790847778309],[-41.6467399597168,-21.1446075439452]]]},"properties":{"id_cidade":3200508,"cidade":"Apiacá","id_microrregiao":320412,"id_mesorregiao":3204,"id_estado":32,"id_regiao":3}},{"type":"Feature","geometry":{"type":"Polygon","coordinates":[[[-40.3459739685058,-19.907230377197266],[-40.33399963378906,-19.904331207275334],[-40.33069229125971,-19.916088104247933],[-40.33154296874994,-19.933204650878906],[-40.321750640869084,-19.943685531616154],[-40.3126220703125,-19.94347953796381],[-40.31541442871094,-19.949964523315373],[-40.309696197509766,-19.95140838623047],[-40.308765411376896,-19.95957374572754],[-40.30477905273426,-19.962535858154297],[-40.30294799804682,-19.97174453735346],[-40.28073120117182,-19.978044509887695],[-40.277732849121094,-19.99034118652338],[-40.27141189575195,-19.99091720581049],[-40.26834869384754,-19.994834899902287],[-40.26946258544916,-20.003011703491097],[-40.266426086425724,-20.004051208496094],[-40.26613235473627,-20.01015663146967],[-40.25975036621088,-20.010046005248967],[-40.25165176391596,-20.001411437988224],[-40.238807678222656,-20.00972557067871],[-40.21907043457031,-20.003765106201172],[-40.18869018554682,-20.013328552246037],[-40.17112350463867,-20.015892028808594],[-40.16450881958008,-20.009553909301758],[-40.15590667724604,-20.012916564941406],[-40.152637481689396,-20.012638092041016],[-40.152915954589844,-20.01069450378418],[-40.15180587768549,-20.00930595397938],[-40.150970458984375,-20.006805419921875],[-40.148750305175724,-20.007360458374023],[-40.147640228271484,-20.00625228881836],[-40.148193359375,-20.002361297607365],[-40.14625167846674,-20.001527786254883],[-40.14652633666992,-19.9993057250976],[-40.147640228271484,-19.997638702392578],[-40.1470832824707,-19.994863510131836],[-40.14847183227528,-19.993749618530217],[-40.14791488647461,-19.99069404602045],[-40.14680480957031,-19.988750457763615],[-40.14402770996094,-19.986249923706055],[-40.142082214355355,-19.985416412353402],[-40.14180374145508,-19.981527328491154],[-40.14125061035156,-19.980138778686523],[-40.1387481689452,-19.977361679077035],[-40.137916564941406,-19.974027633666992],[-40.13624954223627,-19.972639083862305],[-40.13624954223627,-19.96958160400385],[-40.132915496826115,-19.96902847290039],[-40.131805419921875,-19.96708106994629],[-40.132915496826115,-19.962083816528263],[-40.13458251953125,-19.959583282470703],[-40.13624954223627,-19.958194732666016],[-40.13652801513666,-19.956806182861214],[-40.139026641845646,-19.956806182861214],[-40.13958358764643,-19.95430564880371],[-40.14097213745117,-19.953752517700195],[-40.1470832824707,-19.953752517700195],[-40.147640228271484,-19.95430564880371],[-40.151248931884766,-19.95402717590332],[-40.1548614501952,-19.952638626098576],[-40.16069412231445,-19.9545841217041],[-40.166526794433594,-19.954862594604492],[-40.168472290039006,-19.956249237060547],[-40.17180633544916,-19.954862594604492],[-40.17458343505854,-19.94958305358881],[-40.178749084472656,-19.94902610778803],[-40.1823616027832,-19.950138092041016],[-40.18541717529297,-19.950416564941293],[-40.18902587890625,-19.951248168945256],[-40.192916870117074,-19.950971603393555],[-40.19513702392578,-19.947639465331974],[-40.19513702392578,-19.94347381591797],[-40.19569396972656,-19.942638397216797],[-40.20041656494135,-19.942638397216797],[-40.202362060546875,-19.942081451416016],[-40.20652770996088,-19.939859390258732],[-40.21152877807617,-19.938472747802678],[-40.21319580078119,-19.93763732910145],[-40.21708297729492,-19.93763732910145],[-40.221248626708984,-19.938194274902287],[-40.221248626708984,-19.937360763549805],[-40.21708297729492,-19.936805725097656],[-40.21319580078119,-19.937084197998047],[-40.20652770996088,-19.939027786254883],[-40.20124816894531,-19.941804885864258],[-40.19597244262695,-19.941528320312443],[-40.19402694702143,-19.943195343017578],[-40.194305419921875,-19.946807861328125],[-40.19319534301752,-19.947639465331974],[-40.19319534301752,-19.94930648803711],[-40.192081451416016,-19.950416564941293],[-40.18486022949219,-19.948749542236328],[-40.18097305297846,-19.946527481079045],[-40.17569351196289,-19.946527481079045],[-40.1754150390625,-19.94347381591797],[-40.177082061767464,-19.941804885864258],[-40.17736053466791,-19.938749313354492],[-40.17625045776367,-19.93486022949213],[-40.17625045776367,-19.93263816833496],[-40.1754150390625,-19.92986106872553],[-40.18041610717768,-19.92486190795887],[-40.182640075683594,-19.92486190795887],[-40.18319320678711,-19.925693511962834],[-40.18569564819336,-19.926527023315316],[-40.187637329101506,-19.926527023315316],[-40.190139770507756,-19.925693511962834],[-40.194862365722656,-19.921527862548828],[-40.1968040466308,-19.92013931274414],[-40.201805114746094,-19.919584274291992],[-40.20652770996088,-19.922361373901367],[-40.210693359375,-19.922637939453068],[-40.21486282348633,-19.924304962158203],[-40.21708297729492,-19.924304962158203],[-40.22041702270508,-19.922082901000977],[-40.22097396850586,-19.919584274291992],[-40.22236251831049,-19.917917251586857],[-40.222637176513615,-19.91402816772461],[-40.22597122192377,-19.911806106567326],[-40.22486114501942,-19.910972595214844],[-40.22180557250971,-19.913471221923828],[-40.217918395996094,-19.920694351196232],[-40.21736145019531,-19.92291641235346],[-40.21597290039057,-19.923194885253906],[-40.213470458984375,-19.920972824096623],[-40.209026336669865,-19.9193058013916],[-40.2059707641601,-19.918750762939396],[-40.203472137451115,-19.91902732849121],[-40.19791793823242,-19.91902732849121],[-40.1968040466308,-19.9193058013916],[-40.19402694702143,-19.921527862548828],[-40.192359924316406,-19.922082901000977],[-40.190418243408146,-19.92402839660639],[-40.187637329101506,-19.925693511962834],[-40.18597412109375,-19.925693511962834],[-40.183750152587834,-19.923471450805607],[-40.17986297607422,-19.92402839660639],[-40.178195953369084,-19.926252365112305],[-40.17625045776367,-19.926805496215763],[-40.174304962158146,-19.92930603027338],[-40.17486190795893,-19.930694580078125],[-40.17458343505854,-19.937360763549805],[-40.17569351196289,-19.94069480895996],[-40.17486190795893,-19.943195343017578],[-40.17375183105469,-19.943195343017578],[-40.172359466552734,-19.945138931274414],[-40.17069625854481,-19.950971603393555],[-40.168472290039006,-19.953752517700195],[-40.16597366333008,-19.95402717590332],[-40.16319274902344,-19.952083587646484],[-40.159584045410156,-19.950971603393555],[-40.152915954589844,-19.950138092041016],[-40.15013885498047,-19.947917938232365],[-40.149028778076115,-19.94569587707508],[-40.147361755371094,-19.945138931274414],[-40.14458465576172,-19.945138931274414],[-40.14263916015619,-19.9445858001709],[-40.13958358764643,-19.941251754760742],[-40.137359619140625,-19.942638397216797],[-40.13569259643543,-19.942638397216797],[-40.13458251953125,-19.94014167785639],[-40.132915496826115,-19.938194274902287],[-40.131526947021484,-19.935693740844727],[-40.12930679321278,-19.93486022949213],[-40.127361297607365,-19.93486022949213],[-40.125972747802734,-19.932916641235238],[-40.122917175292855,-19.93375015258789],[-40.1220817565918,-19.932083129882756],[-40.118194580078125,-19.931804656982365],[-40.116249084472656,-19.930694580078125],[-40.115970611572266,-19.9287490844726],[-40.112640380859375,-19.92597007751465],[-40.11069488525385,-19.925693511962834],[-40.107639312744084,-19.923749923705998],[-40.10486221313471,-19.922637939453068],[-40.10124969482416,-19.922082901000977],[-40.10097122192377,-19.92013931274414],[-40.099029541015625,-19.9193058013916],[-40.098194122314396,-19.91402816772461],[-40.097637176513615,-19.913751602172738],[-40.097084045410156,-19.90902709960926],[-40.097915649414006,-19.90708351135254],[-40.097915649414006,-19.904584884643498],[-40.096527099609375,-19.902362823486328],[-40.09402847290039,-19.901527404785156],[-40.0926399230957,-19.89986038208002],[-40.092918395996094,-19.896528244018555],[-40.0912513732909,-19.89374923706049],[-40.08819580078119,-19.8931941986084],[-40.0890274047851,-19.891805648803654],[-40.0890274047851,-19.88902854919428],[-40.08652877807617,-19.88514137268055],[-40.08652877807617,-19.88347244262684],[-40.08486175537098,-19.880971908569336],[-40.08430480957031,-19.87847137451172],[-40.082916259765625,-19.877084732055664],[-40.08235931396479,-19.875139236450195],[-40.079868316650334,-19.874021530151367],[-40.07791519165039,-19.87375259399414],[-40.07597351074213,-19.869304656982422],[-40.07430648803711,-19.86708259582514],[-40.07013702392578,-19.86291694641102],[-40.067359924316406,-19.861528396606445],[-40.067359924316406,-19.859582901000863],[-40.06652832031244,-19.857084274291935],[-40.06486129760742,-19.855972290039006],[-40.06430435180664,-19.85375022888178],[-40.062637329101506,-19.85291671752924],[-40.061805725097656,-19.850139617919922],[-40.05902862548828,-19.850139617919922],[-40.055416107177734,-19.85124969482422],[-40.053195953369084,-19.850973129272404],[-40.053195953369084,-19.84986114501953],[-40.057361602783146,-19.84986114501953],[-40.061527252197266,-19.847084045410156],[-40.06236267089844,-19.845417022704964],[-40.06236267089844,-19.84319496154785],[-40.061527252197266,-19.841527938842717],[-40.05930709838856,-19.839860916137695],[-40.056804656982365,-19.840694427490234],[-40.05625152587879,-19.84319496154785],[-40.05430603027344,-19.84291648864746],[-40.05402755737299,-19.839027404785043],[-40.057083129882756,-19.83680534362793],[-40.056804656982365,-19.83486366271967],[-40.0584716796875,-19.832916259765568],[-40.05819320678711,-19.82791519165039],[-40.057640075683594,-19.825138092041016],[-40.056804656982365,-19.824583053588754],[-40.056804656982365,-19.82097053527832],[-40.055973052978516,-19.81763839721674],[-40.05263900756836,-19.811250686645508],[-40.04986190795887,-19.807363510131836],[-40.047916412353516,-19.804027557372933],[-40.046527862548714,-19.80319404602045],[-40.0445823669433,-19.800416946411076],[-40.04069519042963,-19.796527862548828],[-40.03708267211903,-19.791530609130803],[-40.03319549560547,-19.78791618347168],[-40.0323600769043,-19.78652763366688],[-40.02875137329096,-19.78291702270502],[-40.025970458984375,-19.77958106994629],[-40.022640228271484,-19.776805877685547],[-40.019859313964844,-19.772916793823242],[-40.01708221435547,-19.769861221313477],[-40.014305114746094,-19.76791572570795],[-40.00597381591791,-19.759582519531193],[-40.00347137451172,-19.756805419921818],[-39.99763870239258,-19.751806259155217],[-39.995418548583984,-19.749027252197266],[-39.99263763427729,-19.74763870239252],[-39.99236297607422,-19.74625015258789],[-39.98958206176752,-19.743473052978402],[-39.98847198486328,-19.743473052978402],[-39.98708343505854,-19.7412490844726],[-39.985137939453125,-19.739583969116154],[-39.98402786254877,-19.739583969116154],[-39.97569274902344,-19.73152732849121],[-39.972084045410156,-19.729305267333984],[-39.967361450195256,-19.7248592376709],[-39.96291732788086,-19.7220840454101],[-39.96041488647461,-19.720138549804688],[-39.95791625976557,-19.719028472900334],[-39.95458221435541,-19.716249465942383],[-39.945415496826115,-19.709583282470646],[-39.944026947021484,-19.709026336669865],[-39.94124984741211,-19.70652770996088],[-39.93847274780262,-19.70486068725586],[-39.9356956481933,-19.702362060546818],[-39.93291854858393,-19.700695037841797],[-39.930137634277344,-19.698194503784123],[-39.92375183105463,-19.694305419921875],[-39.92208480834961,-19.693750381469727],[-39.91597366333008,-19.690139770507756],[-39.914859771728516,-19.689027786254826],[-39.91097259521479,-19.686664581298828],[-39.91761779785156,-19.68295669555664],[-40.031497955322266,-19.606250762939453],[-40.04948043823231,-19.584537506103516],[-40.06514358520508,-19.585304260253906],[-40.07563400268555,-19.578817367553597],[-40.086460113525334,-19.564939498901367],[-40.111671447753906,-19.553285598754883],[-40.13872528076166,-19.551351547241097],[-40.1409072875976,-19.55597305297846],[-40.15400314331043,-19.557214736938477],[-40.16669845581055,-19.553367614746037],[-40.17141342163086,-19.559892654418945],[-40.175735473632756,-19.560268402099496],[-40.18840026855463,-19.5643367767334],[-40.19232177734369,-19.57084083557129],[-40.19915771484375,-19.571586608886662],[-40.20082855224598,-19.577474594116154],[-40.20921325683588,-19.58557891845703],[-40.215240478515625,-19.584281921386662],[-40.22401809692383,-19.58322906494135],[-40.23825454711914,-19.590505599975586],[-40.23938751220703,-19.59401512145996],[-40.255561828613224,-19.598201751708928],[-40.258144378661996,-19.606283187866097],[-40.267002105712834,-19.610231399536133],[-40.272762298583984,-19.623136520385685],[-40.289756774902344,-19.624692916870004],[-40.288471221923714,-19.635269165039062],[-40.308948516845646,-19.648338317871094],[-40.30489730834961,-19.66199874877924],[-40.31901550292969,-19.653898239135742],[-40.32122802734375,-19.647848129272404],[-40.33320236206043,-19.642152786254883],[-40.34457015991211,-19.652606964111328],[-40.348976135253906,-19.666910171508732],[-40.35014343261713,-19.67531967163086],[-40.35259246826172,-19.69436264038086],[-40.34859085083008,-19.70171356201172],[-40.34172821044922,-19.705373764037972],[-40.348663330078125,-19.70651817321766],[-40.347671508789006,-19.7796173095702],[-40.3472061157226,-19.80246734619135],[-40.34662246704096,-19.852401733398438],[-40.3459739685058,-19.907230377197266]]]},"properties":{"id_cidade":3200607,"cidade":"Aracruz","id_microrregiao":320206,"id_mesorregiao":3202,"id_estado":32,"id_regiao":3}},{"type":"Feature","geometry":{"type":"Polygon","coordinates":[[[-41.11806106567377,-20.962139129638615],[-41.12520980834955,-20.955890655517578],[-41.118560791015625,-20.944183349609375],[-41.12416458129877,-20.9395236968993],[-41.12133026123047,-20.932178497314453],[-41.13328552246094,-20.93007087707514],[-41.13734054565418,-20.908557891845646],[-41.14556121826172,-20.905405044555664],[-41.144798278808594,-20.899694442749023],[-41.15077590942377,-20.89357566833496],[-41.158401489257756,-20.89282608032221],[-41.165092468261605,-20.900310516357422],[-41.1760139465332,-20.89616394042963],[-41.183231353759766,-20.896337509155273],[-41.189456939697266,-20.891517639160156],[-41.1929359436034,-20.896268844604492],[-41.19601058959961,-20.883338928222656],[-41.20085906982422,-20.880443572997933],[-41.20317459106445,-20.88324546813959],[-41.2143821716308,-20.890144348144474],[-41.22159194946289,-20.88811492919922],[-41.22236633300781,-20.881696701049748],[-41.233306884765625,-20.884563446044922],[-41.24139404296875,-20.87973976135254],[-41.24525833129877,-20.868486404418945],[-41.25916290283203,-20.877546310424805],[-41.26482391357416,-20.88702011108387],[-41.264358520507756,-20.892505645751953],[-41.258266448974496,-20.89879608154297],[-41.265693664550724,-20.903480529785156],[-41.27272415161127,-20.92555046081543],[-41.277873992919865,-20.92827796936035],[-41.2783851623534,-20.932895660400277],[-41.277076721191406,-20.943710327148438],[-41.28641128540039,-20.95012855529785],[-41.28287124633778,-20.95465087890625],[-41.27645111083979,-20.957971572875977],[-41.27056121826166,-20.95292091369629],[-41.257511138916016,-20.95393753051752],[-41.25204467773432,-20.95917510986328],[-41.2303466796875,-20.966072082519474],[-41.223304748535156,-20.974998474121094],[-41.2238883972168,-20.985719680786133],[-41.22026062011719,-20.98759651184082],[-41.22853469848633,-21.006725311279297],[-41.222846984863224,-21.019519805908203],[-41.2037734985351,-21.04869842529297],[-41.19737243652344,-21.0515460968017],[-41.194210052490234,-21.06165313720703],[-41.18827819824219,-21.06929206848139],[-41.176483154296875,-21.063257217407227],[-41.16092300415039,-21.0618953704834],[-41.156970977783146,-21.055604934692383],[-41.15364837646473,-21.055660247802734],[-41.154998779296875,-21.051649093627873],[-41.149105072021484,-21.050025939941406],[-41.153297424316406,-21.04571151733387],[-41.150630950927734,-21.039350509643498],[-41.143604278564396,-21.038471221923828],[-41.14105987548817,-21.03362846374506],[-41.131790161132756,-21.03021049499506],[-41.126708984375,-21.01386833190918],[-41.11700439453119,-21.01330375671381],[-41.11354446411133,-21.015544891357365],[-41.10211181640619,-21.01386070251465],[-41.100524902343636,-21.005910873413086],[-41.1114387512207,-20.993982315063477],[-41.10858154296875,-20.9831485748291],[-41.10284423828125,-20.979335784911996],[-41.10774612426752,-20.974056243896428],[-41.112346649169865,-20.975778579711914],[-41.11089706420893,-20.96991729736328],[-41.11935043334961,-20.9674129486084],[-41.11806106567377,-20.962139129638615]]]},"properties":{"id_cidade":3200706,"cidade":"Atílio Vivacqua","id_microrregiao":320412,"id_mesorregiao":3204,"id_estado":32,"id_regiao":3}},{"type":"Feature","geometry":{"type":"Polygon","coordinates":[[[-41.174842834472656,-19.767051696777344],[-41.173885345458984,-19.762491226196232],[-41.16701126098633,-19.76289749145502],[-41.15928649902344,-19.764514923095646],[-41.154815673828125,-19.759586334228402],[-41.14867782592768,-19.76685333251953],[-41.1345481872558,-19.773632049560547],[-41.12673950195307,-19.771934509277344],[-41.12248992919922,-19.780120849609375],[-41.124912261962834,-19.788616180419922],[-41.11552047729492,-19.79444122314453],[-41.11173629760742,-19.793710708618164],[-41.11043548583979,-19.78523826599121],[-41.10172653198242,-19.783138275146428],[-41.09667968749994,-19.787109375],[-41.074394226074105,-19.77370834350586],[-41.06890869140625,-19.77627563476551],[-41.05424499511713,-19.76211357116688],[-41.04263305664057,-19.76357078552246],[-41.047508239746094,-19.769302368164006],[-41.05280685424799,-19.76925086975092],[-41.05474472045893,-19.77630615234375],[-41.04605102539057,-19.777620315551758],[-41.03636169433594,-19.79174613952631],[-41.02655029296875,-19.78214073181141],[-41.02242279052723,-19.781782150268555],[-41.017601013183594,-19.78571128845215],[-41.010978698730355,-19.80487442016596],[-40.99258804321289,-19.803928375244084],[-40.996917724609375,-19.790136337280217],[-40.99318313598633,-19.786104202270508],[-40.99116134643555,-19.7596435546875],[-40.98187637329096,-19.75622940063471],[-40.980640411376896,-19.744546890258732],[-40.98059844970703,-19.735252380371037],[-40.974456787109375,-19.727945327758732],[-40.969146728515625,-19.72530746459961],[-40.959983825683594,-19.729707717895508],[-40.94615173339844,-19.728624343872013],[-40.94348907470703,-19.710481643676758],[-40.93648910522455,-19.707286834716797],[-40.9295654296875,-19.695678710937443],[-40.921173095703125,-19.695304870605412],[-40.926971435546875,-19.688367843627873],[-40.925289154052734,-19.6765460968017],[-40.93175506591797,-19.66939735412592],[-40.93714523315424,-19.642944335937443],[-40.928264617919865,-19.63063621520996],[-40.93847274780268,-19.617513656616154],[-40.93045043945307,-19.617040634155217],[-40.92935562133789,-19.611574172973633],[-40.92141723632807,-19.607318878173828],[-40.921669006347656,-19.603450775146428],[-40.91209411621094,-19.599271774291992],[-40.89862442016596,-19.599115371704045],[-40.891971588134766,-19.593345642089787],[-40.88311767578125,-19.59136962890625],[-40.87627029418945,-19.574190139770508],[-40.866031646728516,-19.571641921997013],[-40.8498802185058,-19.558742523193246],[-40.84108352661133,-19.561027526855412],[-40.845855712890625,-19.565261840820312],[-40.844467163085824,-19.567392349243164],[-40.833438873291016,-19.567916870117188],[-40.828342437744084,-19.561199188232365],[-40.83010482788086,-19.54790306091303],[-40.82590103149414,-19.533571243286133],[-40.819244384765625,-19.530105590820256],[-40.82857131958008,-19.52196502685547],[-40.85462188720703,-19.51076316833496],[-40.85544967651367,-19.508150100707894],[-40.8419570922851,-19.50055503845215],[-40.83634948730463,-19.492944717407227],[-40.83953094482422,-19.479764938354492],[-40.843753814697266,-19.476739883422795],[-40.86298751831055,-19.476089477539062],[-40.87001419067377,-19.47868156433094],[-40.876564025878906,-19.47657966613764],[-40.877460479736214,-19.46667861938471],[-40.87407302856445,-19.464540481567326],[-40.878353118896484,-19.46340560913086],[-40.87737274169922,-19.457015991210938],[-40.885215759277344,-19.448753356933537],[-40.86787796020508,-19.43312454223627],[-40.87103652954096,-19.42521095275879],[-40.85953903198242,-19.421022415161133],[-40.85716247558594,-19.399255752563477],[-40.85089874267578,-19.395942687988224],[-40.846893310546875,-19.388166427612248],[-40.84685134887684,-19.378843307495117],[-40.821773529052734,-19.372234344482422],[-40.8198127746582,-19.35779953002924],[-40.82666015625,-19.354854583740234],[-40.830249786376896,-19.33779525756836],[-40.85040283203125,-19.333995819091797],[-40.857643127441406,-19.322462081909123],[-40.864261627197266,-19.330646514892578],[-40.876701354980355,-19.334775924682504],[-40.88232803344715,-19.33245086669922],[-40.88176345825195,-19.329420089721623],[-40.87273025512695,-19.311683654785156],[-40.862102508544865,-19.306419372558594],[-40.86608886718744,-19.29372787475586],[-40.85809326171869,-19.285694122314396],[-40.87183761596668,-19.261377334594727],[-40.88765716552729,-19.2540340423584],[-40.89103698730469,-19.244386672973633],[-40.88560104370117,-19.240781784057617],[-40.881267547607365,-19.243124008178597],[-40.87530517578125,-19.239471435546875],[-40.87459564208979,-19.234737396240234],[-40.909961700439396,-19.236412048339844],[-40.934856414794865,-19.22294616699213],[-40.94110107421875,-19.232152938842717],[-40.9404678344726,-19.235389709472656],[-40.932968139648324,-19.242624282836857],[-40.938591003417855,-19.24937629699707],[-40.92013931274414,-19.251813888549805],[-40.91746139526367,-19.25625038146967],[-40.919895172119084,-19.271425247192326],[-40.93487167358387,-19.27174758911127],[-40.94443893432617,-19.27953910827631],[-40.93832778930664,-19.286392211914062],[-40.92800140380854,-19.28610610961914],[-40.93272018432617,-19.29604530334467],[-40.931270599365234,-19.299835205078125],[-40.92449188232422,-19.30245018005371],[-40.91595840454096,-19.30099678039545],[-40.91288757324219,-19.302574157714787],[-40.90763473510742,-19.308805465698185],[-40.914627075195256,-19.31817626953125],[-40.92000198364258,-19.31960868835438],[-40.92198944091791,-19.328929901123047],[-40.92846679687494,-19.329738616943303],[-40.93856430053705,-19.347740173339844],[-40.939579010009766,-19.35862731933588],[-40.928123474121094,-19.367900848388615],[-40.93152999877924,-19.373853683471623],[-40.928638458251896,-19.38122940063471],[-40.95707702636713,-19.398818969726562],[-40.962158203125,-19.408422470092773],[-40.96041870117182,-19.419309616088867],[-40.9678955078125,-19.42724418640131],[-40.96788024902344,-19.42876434326172],[-40.95867919921869,-19.439847946166935],[-40.95777893066406,-19.449920654296818],[-40.9448127746582,-19.460109710693303],[-40.951332092285156,-19.465654373168945],[-40.949272155761605,-19.473150253295785],[-40.953514099121094,-19.473436355590707],[-40.97113037109375,-19.494588851928654],[-40.9721794128418,-19.505287170410156],[-41.00925827026356,-19.50714683532715],[-41.02849578857416,-19.4989013671875],[-41.04571533203125,-19.487974166870117],[-41.04960632324219,-19.503013610839787],[-41.04118347167963,-19.515417098999023],[-41.04118347167963,-19.51779937744135],[-41.04490661621088,-19.538555145263672],[-41.03870010375971,-19.55207633972168],[-41.036716461181584,-19.565116882324162],[-41.036773681640625,-19.56878662109375],[-41.05690002441406,-19.57802963256836],[-41.05619430541992,-19.584779739379883],[-41.071861267089844,-19.58439826965332],[-41.073951721191406,-19.598003387451115],[-41.077396392822266,-19.598194122314396],[-41.09026336669922,-19.596412658691293],[-41.09259414672846,-19.601829528808537],[-41.09973144531244,-19.604806900024414],[-41.10834121704096,-19.638673782348576],[-41.11446762084961,-19.64184379577631],[-41.122451782226506,-19.64050865173334],[-41.12943649291992,-19.642734527587834],[-41.13856887817377,-19.65871810913086],[-41.14890670776367,-19.66384124755848],[-41.159824371337834,-19.662397384643555],[-41.16841506958002,-19.672216415405273],[-41.1737442016601,-19.687767028808537],[-41.171630859375,-19.692905426025334],[-41.17766952514643,-19.7032852172851],[-41.174247741699105,-19.71562957763672],[-41.17897033691406,-19.72001075744629],[-41.18195724487299,-19.732166290283203],[-41.17945098876953,-19.740089416503906],[-41.19074249267567,-19.74687385559082],[-41.187744140625,-19.757976531982422],[-41.174842834472656,-19.767051696777344]]]},"properties":{"id_cidade":3200805,"cidade":"Baixo Guandu","id_microrregiao":320103,"id_mesorregiao":3201,"id_estado":32,"id_regiao":3}},{"type":"Feature","geometry":{"type":"Polygon","coordinates":[[[-40.89796447753895,-18.90070152282715],[-40.89767456054682,-18.895885467529297],[-40.89327239990229,-18.900785446166992],[-40.8807754516601,-18.893102645873967],[-40.85859298706055,-18.89573669433588],[-40.85612106323242,-18.875486373901254],[-40.86168670654297,-18.862592697143498],[-40.85640335083008,-18.85901260375971],[-40.83303451538086,-18.857511520385742],[-40.82771301269531,-18.850126266479492],[-40.813133239746094,-18.842050552368164],[-40.8044548034668,-18.845495223999023],[-40.791561126708984,-18.858478546142578],[-40.77657699584961,-18.859010696411133],[-40.76344680786133,-18.850244522094727],[-40.75707244873041,-18.832588195800724],[-40.76799774169922,-18.835187911987305],[-40.776039123535156,-18.830833435058594],[-40.775417327880746,-18.817974090576172],[-40.76933288574219,-18.8214492797851],[-40.76643753051752,-18.818952560424805],[-40.77471923828119,-18.80223846435547],[-40.772300720214844,-18.795202255249023],[-40.75825119018543,-18.793174743652344],[-40.7539329528808,-18.775671005249023],[-40.74864959716797,-18.77068328857422],[-40.73925018310541,-18.7686767578125],[-40.73261260986328,-18.77144432067871],[-40.719619750976506,-18.75721931457514],[-40.718505859375,-18.740718841552734],[-40.714187622070256,-18.73628616333002],[-40.71916580200195,-18.723894119262695],[-40.70796585083002,-18.715192794799805],[-40.72269821166992,-18.707418441772404],[-40.72299575805664,-18.703994750976562],[-40.70615386962885,-18.703784942626953],[-40.710113525390625,-18.695465087890568],[-40.7075309753418,-18.689205169677734],[-40.68397521972656,-18.687137603759766],[-40.68669891357416,-18.683897018432617],[-40.70530700683588,-18.681505203246957],[-40.708663940429574,-18.68439292907715],[-40.725406646728516,-18.674369812011662],[-40.72969055175781,-18.659749984741154],[-40.72209167480463,-18.626474380493107],[-40.72182464599598,-18.60904884338379],[-40.72300720214844,-18.601413726806584],[-40.727596282958984,-18.601078033447266],[-40.732105255126896,-18.588188171386605],[-40.74064254760742,-18.588457107543945],[-40.747291564941406,-18.595111846923828],[-40.746360778808594,-18.60154914855957],[-40.76475524902344,-18.593667984008732],[-40.76504135131836,-18.605791091918945],[-40.76102828979492,-18.60894012451172],[-40.76517105102539,-18.613014221191406],[-40.77486038208008,-18.613702774047738],[-40.78037261962885,-18.620260238647404],[-40.78981399536127,-18.620763778686523],[-40.79727554321289,-18.605388641357422],[-40.7943115234375,-18.59728050231928],[-40.803955078125,-18.58858680725092],[-40.80281066894531,-18.58379554748535],[-40.79706954956043,-18.5870304107666],[-40.78781509399403,-18.596374511718693],[-40.7801780700683,-18.59779739379877],[-40.770206451416016,-18.594360351562443],[-40.76579666137695,-18.5818195343017],[-40.760063171386605,-18.576986312866097],[-40.75045394897461,-18.57666015625],[-40.73812866210926,-18.569372177124023],[-40.7286491394043,-18.569398880004883],[-40.71932220458979,-18.56300926208496],[-40.71437835693354,-18.565977096557617],[-40.70509338378906,-18.562728881835824],[-40.702941894531136,-18.556310653686523],[-40.69003295898432,-18.54725456237793],[-40.68523025512695,-18.537286758422795],[-40.67848587036133,-18.531204223632812],[-40.670688629150334,-18.530914306640625],[-40.67304229736328,-18.524881362914982],[-40.660285949706974,-18.518489837646484],[-40.65421676635742,-18.5173664093017],[-40.65230941772461,-18.513084411621094],[-40.65869903564453,-18.510303497314453],[-40.66804885864258,-18.512266159057617],[-40.67321014404297,-18.508865356445312],[-40.6788711547851,-18.51220703125],[-40.69255447387695,-18.503963470458928],[-40.6990127563476,-18.506664276123047],[-40.710716247558594,-18.491743087768555],[-40.714382171630746,-18.48142814636219],[-40.721050262451115,-18.477426528930664],[-40.72329330444336,-18.46825981140131],[-40.73040390014637,-18.465101242065373],[-40.75130081176758,-18.46844291687006],[-40.75745773315424,-18.493619918823185],[-40.76943588256836,-18.485292434692383],[-40.789451599121094,-18.48012161254877],[-40.79171371459955,-18.48254203796381],[-40.78837585449213,-18.492670059204045],[-40.804466247558594,-18.49403953552246],[-40.813152313232365,-18.49714851379389],[-40.819915771484375,-18.498502731323242],[-40.83088302612305,-18.500240325927678],[-40.8425178527832,-18.49770736694336],[-40.842979431152344,-18.493110656738168],[-40.84795379638672,-18.493974685668945],[-40.84652709960932,-18.482845306396484],[-40.854839324951115,-18.458951950073242],[-40.84868240356445,-18.455570220947266],[-40.84881973266596,-18.45003700256342],[-40.85311889648432,-18.447420120239258],[-40.84898376464844,-18.43442535400385],[-40.862449645996094,-18.43330764770502],[-40.872901916503906,-18.42816925048828],[-40.877132415771484,-18.432107925414982],[-40.89731979370117,-18.433149337768498],[-40.904502868652344,-18.42603683471674],[-40.924953460693246,-18.43914031982422],[-40.91976928710932,-18.45565986633295],[-40.92574691772461,-18.46670150756836],[-40.92341232299799,-18.48285675048828],[-40.91585159301758,-18.492956161498967],[-40.917457580566406,-18.522258758544865],[-40.903686523437386,-18.52376937866211],[-40.901824951171875,-18.530242919921875],[-40.905616760253906,-18.533018112182504],[-40.90538024902338,-18.538063049316406],[-40.89598846435547,-18.538795471191406],[-40.90049743652344,-18.55160713195795],[-40.908618927001896,-18.54707717895502],[-40.913639068603516,-18.55290412902832],[-40.92024993896479,-18.55854988098139],[-40.919773101806584,-18.563499450683594],[-40.93044662475586,-18.579633712768498],[-40.92590332031244,-18.592332839965763],[-40.91236495971668,-18.598745346069336],[-40.90507888793945,-18.610870361328068],[-40.90529632568354,-18.641822814941406],[-40.909915924072266,-18.663902282714787],[-40.908935546874886,-18.668619155883732],[-40.90364456176758,-18.670284271240178],[-40.906097412109375,-18.675121307373047],[-40.899024963378906,-18.689340591430664],[-40.90647506713867,-18.68979072570795],[-40.91547775268549,-18.684650421142578],[-40.924705505371094,-18.691871643066406],[-40.92710876464844,-18.717447280883732],[-40.9335823059082,-18.722398757934513],[-40.940345764160156,-18.735851287841797],[-40.93855667114252,-18.772138595581055],[-40.926555633544865,-18.788173675536996],[-40.92857742309559,-18.792934417724553],[-40.92103958129877,-18.79929542541504],[-40.9189567565918,-18.804332733154297],[-40.91671371459961,-18.81553840637207],[-40.927852630615234,-18.819698333740234],[-40.937141418456974,-18.83071136474598],[-40.9456672668457,-18.825431823730412],[-40.951019287109375,-18.834705352783146],[-40.9630241394043,-18.83613967895502],[-40.963855743408146,-18.84116554260254],[-41.025375366210824,-18.83717918395996],[-40.89796447753895,-18.90070152282715]]]},"properties":{"id_cidade":3200904,"cidade":"Barra de São Francisco","id_microrregiao":320101,"id_mesorregiao":3201,"id_estado":32,"id_regiao":3}},{"type":"Feature","geometry":{"type":"Polygon","coordinates":[[[-40.28428268432617,-18.577075958251953],[-40.27767181396479,-18.57422637939453],[-40.274612426757756,-18.57759666442871],[-40.2630996704101,-18.57628440856928],[-40.26578140258789,-18.570926666259652],[-40.25496292114252,-18.56658935546875],[-40.24053192138672,-18.5741348266601],[-40.240325927734375,-18.580556869506836],[-40.2320671081543,-18.582422256469613],[-40.225112915039006,-18.579772949218693],[-40.22135543823242,-18.58558273315424],[-40.218814849853516,-18.57765769958496],[-40.21137619018555,-18.582323074340707],[-40.209903717041016,-18.57233810424799],[-40.16648864746088,-18.545616149902344],[-40.16219329833979,-18.535850524902344],[-40.16508483886719,-18.518287658691293],[-40.15814971923828,-18.51004981994629],[-40.15026092529291,-18.508937835693246],[-40.12351608276367,-18.487739562988224],[-40.1375617980957,-18.48467445373535],[-40.15885925292963,-18.473783493041935],[-40.17468261718744,-18.47086524963379],[-40.185256958007756,-18.472679138183537],[-40.206428527831974,-18.487823486328125],[-40.235374450683594,-18.495204925536996],[-40.2515983581543,-18.495323181152344],[-40.258724212646484,-18.495864868164006],[-40.26934051513672,-18.49483871459961],[-40.2831192016601,-18.484172821044922],[-40.28994369506836,-18.483543395996037],[-40.29485702514643,-18.47144699096674],[-40.30764007568348,-18.456504821777344],[-40.30583572387695,-18.446271896362305],[-40.319618225097656,-18.43663024902338],[-40.322052001953125,-18.424068450927734],[-40.33211517333979,-18.39857292175293],[-40.35454940795893,-18.379468917846623],[-40.371528625488224,-18.37741851806635],[-40.381412506103516,-18.38223648071289],[-40.39551544189453,-18.381759643554688],[-40.401382446289006,-18.38599014282221],[-40.430454254150334,-18.362987518310547],[-40.44284820556635,-18.362791061401254],[-40.45584487915028,-18.37575912475586],[-40.46419143676758,-18.373109817504883],[-40.47303771972656,-18.375110626220646],[-40.485897064208984,-18.36631584167469],[-40.48883438110346,-18.353509902954045],[-40.49882507324213,-18.355562210083008],[-40.451740264892464,-18.405908584594727],[-40.45099639892578,-18.413932800292912],[-40.44845199584961,-18.42002868652338],[-40.46570587158203,-18.434724807739258],[-40.450656890869084,-18.45447921752924],[-40.458187103271484,-18.45649528503418],[-40.460853576660156,-18.46087074279785],[-40.45374679565418,-18.466812133789062],[-40.45287322998041,-18.475492477416935],[-40.45671844482422,-18.48568153381342],[-40.449512481689396,-18.489259719848633],[-40.449619293212834,-18.494823455810433],[-40.44094848632807,-18.50160026550293],[-40.431594848632756,-18.49951744079584],[-40.41611099243164,-18.51480674743641],[-40.417766571044865,-18.518686294555607],[-40.426345825195256,-18.525423049926758],[-40.4206657409668,-18.54158210754389],[-40.39043426513672,-18.544437408447266],[-40.38342285156244,-18.53899955749506],[-40.37022399902344,-18.54551887512207],[-40.3696403503418,-18.551847457885742],[-40.35778427124018,-18.54591178894043],[-40.35266876220703,-18.549648284912053],[-40.34817886352539,-18.548168182373047],[-40.332057952880746,-18.560358047485295],[-40.33823394775385,-18.56996726989746],[-40.331336975097656,-18.581016540527287],[-40.31591796874994,-18.574935913085824],[-40.30698013305664,-18.577049255371094],[-40.30102539062494,-18.57281875610346],[-40.28428268432617,-18.577075958251953]]]},"properties":{"id_cidade":3201001,"cidade":"Boa Esperança","id_microrregiao":320102,"id_mesorregiao":3201,"id_estado":32,"id_regiao":3}},{"type":"Feature","geometry":{"type":"Polygon","coordinates":[[[-41.6467399597168,-21.1446075439452],[-41.625679016113224,-21.11790847778309],[-41.611118316650334,-21.107597351074162],[-41.6036758422851,-21.107999801635685],[-41.59114456176758,-21.093917846679688],[-41.58956527709955,-21.087184906005803],[-41.57126998901367,-21.07589340209961],[-41.57476806640619,-21.070217132568303],[-41.58460617065424,-21.06648635864252],[-41.58338928222656,-21.061519622802678],[-41.587589263916016,-21.05605888366688],[-41.57527160644531,-21.042980194091797],[-41.572090148925724,-21.023853302001896],[-41.58543014526367,-21.01558494567871],[-41.58811187744135,-21.00817108154297],[-41.592674255371094,-21.008317947387695],[-41.5977783203125,-21.020133972167912],[-41.60699844360346,-21.019710540771484],[-41.60885238647461,-21.023651123046818],[-41.61840057373047,-21.03635406494135],[-41.61650085449219,-21.039304733276367],[-41.62214279174805,-21.05504035949707],[-41.629539489746094,-21.05753517150879],[-41.63298416137695,-21.073537826538086],[-41.63842010498047,-21.074974060058537],[-41.6535758972168,-21.085592269897404],[-41.670196533203125,-21.0709609985351],[-41.68206024169916,-21.09126853942871],[-41.69261169433594,-21.086885452270508],[-41.702468872070256,-21.093038558959904],[-41.709602355956974,-21.091259002685547],[-41.71705245971674,-21.105396270751896],[-41.707813262939396,-21.107139587402344],[-41.705108642578125,-21.111175537109375],[-41.717891693115234,-21.116317749023438],[-41.71794128417969,-21.123823165893555],[-41.70451736450195,-21.127136230468693],[-41.70567321777344,-21.120813369750863],[-41.694370269775334,-21.11577033996582],[-41.69264602661127,-21.116254806518555],[-41.68824386596674,-21.121929168701172],[-41.68214035034174,-21.121040344238224],[-41.677864074706974,-21.125698089599553],[-41.677886962890625,-21.133563995361328],[-41.6715850830077,-21.1269855499267],[-41.662612915039006,-21.12506675720215],[-41.66487503051752,-21.13267517089838],[-41.653404235839844,-21.137374877929688],[-41.6540641784668,-21.142967224121037],[-41.6467399597168,-21.1446075439452]]]},"properties":{"id_cidade":3201100,"cidade":"Bom Jesus do Norte","id_microrregiao":320412,"id_mesorregiao":3204,"id_estado":32,"id_regiao":3}},{"type":"Feature","geometry":{"type":"Polygon","coordinates":[[[-41.30503463745117,-20.27043342590332],[-41.30162048339838,-20.262241363525334],[-41.29509353637695,-20.258840560913086],[-41.298336029052734,-20.255533218383732],[-41.29511260986328,-20.25210952758789],[-41.309188842773324,-20.24278259277338],[-41.301597595214844,-20.229759216308594],[-41.2897834777832,-20.23430061340332],[-41.29254150390625,-20.23907852172846],[-41.28683090209961,-20.243114471435547],[-41.2814102172851,-20.24193000793457],[-41.27996063232422,-20.234840393066406],[-41.27332687377924,-20.2340145111084],[-41.26796722412104,-20.24158477783203],[-41.26762008666992,-20.250177383422795],[-41.25738143920893,-20.255523681640625],[-41.256954193115234,-20.2641658782959],[-41.26642990112299,-20.264976501464844],[-41.264591217041016,-20.269151687622013],[-41.256591796875,-20.27437400817871],[-41.252029418945256,-20.27361488342285],[-41.2496337890625,-20.279340744018555],[-41.23715972900385,-20.27657127380371],[-41.24251556396479,-20.26491165161127],[-41.23211669921869,-20.258834838867074],[-41.23682403564453,-20.24171638488758],[-41.23575973510731,-20.228624343872013],[-41.24385833740229,-20.217479705810547],[-41.25686264038086,-20.21302413940424],[-41.253028869628906,-20.20588302612299],[-41.24132537841797,-20.20881843566883],[-41.242412567138615,-20.199028015136662],[-41.25181198120117,-20.1840763092041],[-41.246692657470646,-20.176551818847656],[-41.24492645263672,-20.1593399047851],[-41.24144744873041,-20.15712165832514],[-41.23127365112293,-20.163471221923714],[-41.23016357421875,-20.161081314086914],[-41.22902297973633,-20.14210510253895],[-41.232105255126896,-20.137351989746094],[-41.23031997680653,-20.13125038146967],[-41.22500991821289,-20.129901885986214],[-41.22606658935547,-20.122341156005803],[-41.2385368347168,-20.11375617980957],[-41.25300979614252,-20.082134246826172],[-41.24135208129877,-20.070112228393555],[-41.23278808593744,-20.052608489990234],[-41.239860534667855,-20.047700881958008],[-41.243038177490234,-20.03606033325184],[-41.25248336791992,-20.02808189392084],[-41.25218963623047,-20.022169113159123],[-41.26906204223633,-20.01655769348133],[-41.26995086669922,-20.00638771057129],[-41.274871826171875,-20.00026512145996],[-41.2690544128418,-19.984365463256836],[-41.26270294189453,-19.963216781616154],[-41.2647819519043,-19.957460403442383],[-41.27400588989258,-19.956285476684457],[-41.275222778320256,-19.949686050414982],[-41.27204513549805,-19.942111968994084],[-41.30031585693354,-19.93836212158203],[-41.307861328125,-19.948331832885685],[-41.31163787841791,-19.97176170349121],[-41.31984329223627,-19.97862243652338],[-41.31393051147455,-19.989715576171875],[-41.308738708496094,-19.997060775756836],[-41.30803680419916,-20.013011932373047],[-41.317199707031136,-20.026960372924805],[-41.31847381591797,-20.041505813598576],[-41.32412719726557,-20.05235481262207],[-41.33349990844721,-20.0588321685791],[-41.33183288574219,-20.06321144104004],[-41.33555603027344,-20.0654621124267],[-41.33747482299805,-20.086973190307617],[-41.34516143798828,-20.088977813720646],[-41.34625244140619,-20.103462219238224],[-41.35083007812494,-20.119152069091797],[-41.34746551513672,-20.123899459838867],[-41.35646438598627,-20.133460998535156],[-41.35575866699219,-20.13908958435053],[-41.361835479736214,-20.142070770263615],[-41.36777877807617,-20.15684318542469],[-41.375877380371094,-20.1619415283202],[-41.37403869628895,-20.16815185546875],[-41.382057189941406,-20.188806533813477],[-41.401611328125,-20.1992244720459],[-41.40903854370106,-20.197692871093693],[-41.41283416748041,-20.20223808288563],[-41.411643981933594,-20.206674575805664],[-41.41494750976557,-20.208932876586914],[-41.416458129882756,-20.217321395874023],[-41.41061019897461,-20.230724334716797],[-41.39958190917963,-20.2347412109375],[-41.3929328918457,-20.2268009185791],[-41.39613723754877,-20.22120857238764],[-41.3812141418457,-20.223464965820312],[-41.37610244750971,-20.217849731445312],[-41.37591552734369,-20.204700469970703],[-41.349578857421875,-20.199127197265568],[-41.3446426391601,-20.200923919677678],[-41.348297119140625,-20.205764770507812],[-41.34001922607422,-20.215578079223576],[-41.343887329101506,-20.22168922424305],[-41.3385124206543,-20.225486755371094],[-41.345413208007756,-20.228029251098633],[-41.351078033447266,-20.23594093322754],[-41.34789657592768,-20.24344825744629],[-41.33477783203125,-20.243921279907227],[-41.32390213012695,-20.25023078918457],[-41.312347412109375,-20.26759147644043],[-41.30503463745117,-20.27043342590332]]]},"properties":{"id_cidade":3201159,"cidade":"Brejetuba","id_microrregiao":320307,"id_mesorregiao":3203,"id_estado":32,"id_regiao":3}},{"type":"Feature","geometry":{"type":"Polygon","coordinates":[[[-40.99111175537104,-20.869462966918945],[-41.012100219726506,-20.865947723388558],[-41.017082214355355,-20.85919761657709],[-41.02611541748041,-20.85820198059082],[-41.03312683105469,-20.85253143310547],[-41.01603698730469,-20.823654174804688],[-41.023231506347656,-20.81601142883295],[-41.01726913452137,-20.795154571533146],[-41.01998519897461,-20.788024902343693],[-41.03864669799805,-20.78813362121582],[-41.04444503784174,-20.79667854309082],[-41.04587554931635,-20.787561416625977],[-41.03261566162104,-20.75690841674799],[-41.05162811279297,-20.752029418945312],[-41.062599182128906,-20.73362541198719],[-41.07189941406244,-20.726285934448242],[-41.06604766845703,-20.724063873291016],[-41.06719207763672,-20.713266372680664],[-41.071449279785156,-20.711637496948242],[-41.081024169921875,-20.715389251708984],[-41.08396530151367,-20.708683013915902],[-41.083992004394474,-20.70479774475092],[-41.08797073364258,-20.696136474609375],[-41.07882308959961,-20.674638748168945],[-41.06879425048828,-20.658620834350586],[-41.065547943115234,-20.64128684997553],[-41.06116485595703,-20.64036560058588],[-41.0547256469726,-20.629163742065373],[-41.069393157958984,-20.624277114868164],[-41.08553314208979,-20.616571426391545],[-41.096015930175724,-20.60980987548828],[-41.115318298339844,-20.617740631103516],[-41.124122619628906,-20.61513900756836],[-41.132278442382756,-20.6153945922851],[-41.13547134399414,-20.630664825439396],[-41.14659881591797,-20.63769912719721],[-41.15040206909168,-20.64294815063471],[-41.166175842285156,-20.644887924194336],[-41.17137145996088,-20.651981353759766],[-41.176128387451115,-20.65315818786621],[-41.17861938476557,-20.6534366607666],[-41.180915832519474,-20.666458129882812],[-41.19590377807617,-20.67312240600586],[-41.20524215698231,-20.671539306640625],[-41.25007247924805,-20.663097381591683],[-41.25441360473627,-20.66271591186512],[-41.266204833984375,-20.65543556213379],[-41.275856018066406,-20.6543025970459],[-41.29078292846668,-20.642625808715763],[-41.29625701904297,-20.649997711181584],[-41.30490112304676,-20.651908874511662],[-41.32035446166992,-20.636123657226562],[-41.32175445556635,-20.62357139587391],[-41.32988357543934,-20.611614227294922],[-41.340915679931584,-20.607002258300724],[-41.3520622253418,-20.613370895385742],[-41.350471496581974,-20.623228073120117],[-41.35923004150385,-20.626220703125],[-41.36643981933594,-20.620525360107422],[-41.36908721923828,-20.627504348754883],[-41.37421798706049,-20.629234313964787],[-41.380104064941406,-20.635595321655273],[-41.37246322631836,-20.648284912109318],[-41.38454055786133,-20.65928077697754],[-41.38923645019531,-20.67054939270014],[-41.38323974609375,-20.686187744140625],[-41.36310958862305,-20.695304870605412],[-41.36022186279297,-20.696073532104492],[-41.36226272583008,-20.701812744140568],[-41.34994888305664,-20.70701408386219],[-41.353534698486214,-20.709037780761662],[-41.35560226440424,-20.719270706176758],[-41.36191558837885,-20.721384048461857],[-41.35194778442383,-20.730260848998967],[-41.34027481079096,-20.724332809448242],[-41.321712493896484,-20.73339653015131],[-41.34005737304682,-20.74780845642084],[-41.331977844238224,-20.7550106048584],[-41.33805847167963,-20.757549285888672],[-41.337009429931584,-20.76179122924799],[-41.34498977661133,-20.768943786621037],[-41.341419219970646,-20.776645660400334],[-41.35436630249018,-20.782941818237305],[-41.348255157470646,-20.78703117370594],[-41.34504318237299,-20.795413970947266],[-41.348186492919865,-20.810840606689453],[-41.34213638305664,-20.818590164184513],[-41.3446311950683,-20.82427978515625],[-41.34090805053711,-20.833173751830998],[-41.34324645996094,-20.850721359252873],[-41.334262847900334,-20.855306625366154],[-41.3376579284668,-20.863510131835938],[-41.33187866210932,-20.86311531066889],[-41.32976913452143,-20.85832786560053],[-41.323509216308594,-20.858369827270508],[-41.32123565673828,-20.852636337280217],[-41.31599807739258,-20.85088539123535],[-41.307170867919865,-20.858165740966797],[-41.300472259521484,-20.857803344726506],[-41.29425811767578,-20.83988380432129],[-41.28727722167969,-20.849605560302678],[-41.287258148193246,-20.85626983642578],[-41.27903747558588,-20.85546112060547],[-41.268516540527344,-20.849058151245117],[-41.259696960449105,-20.85311698913563],[-41.25651550292963,-20.849071502685547],[-41.249061584472656,-20.846654891967773],[-41.23834991455078,-20.847991943359318],[-41.23805236816406,-20.85258674621582],[-41.23241806030262,-20.853649139404297],[-41.242279052734375,-20.860563278198242],[-41.24525833129877,-20.868486404418945],[-41.24139404296875,-20.87973976135254],[-41.233306884765625,-20.884563446044922],[-41.22236633300781,-20.881696701049748],[-41.22159194946289,-20.88811492919922],[-41.2143821716308,-20.890144348144474],[-41.20317459106445,-20.88324546813959],[-41.20085906982422,-20.880443572997933],[-41.19601058959961,-20.883338928222656],[-41.1929359436034,-20.896268844604492],[-41.189456939697266,-20.891517639160156],[-41.183231353759766,-20.896337509155273],[-41.1760139465332,-20.89616394042963],[-41.165092468261605,-20.900310516357422],[-41.158401489257756,-20.89282608032221],[-41.15077590942377,-20.89357566833496],[-41.144798278808594,-20.899694442749023],[-41.14556121826172,-20.905405044555664],[-41.13734054565418,-20.908557891845646],[-41.13328552246094,-20.93007087707514],[-41.12133026123047,-20.932178497314453],[-41.12416458129877,-20.9395236968993],[-41.118560791015625,-20.944183349609375],[-41.12520980834955,-20.955890655517578],[-41.11806106567377,-20.962139129638615],[-41.1052131652832,-20.960853576660156],[-41.0916748046875,-20.953327178955078],[-41.080307006835824,-20.932035446166992],[-41.080265045166016,-20.92101287841797],[-41.0765762329101,-20.91729736328125],[-41.071868896484375,-20.91966819763178],[-41.06467056274403,-20.906625747680664],[-41.053043365478516,-20.9029541015625],[-41.05788040161127,-20.892879486083984],[-41.0517005920409,-20.875957489013558],[-41.0398712158202,-20.869312286376953],[-40.99111175537104,-20.869462966918945]]]},"properties":{"id_cidade":3201209,"cidade":"Cachoeiro de Itapemirim","id_microrregiao":320412,"id_mesorregiao":3204,"id_estado":32,"id_regiao":3}},{"type":"Feature","geometry":{"type":"Polygon","coordinates":[[[-40.371040344238224,-20.399690628051758],[-40.36625289916992,-20.39522933959961],[-40.36574935913086,-20.370689392089787],[-40.35555648803711,-20.34039306640625],[-40.355693817138615,-20.326528549194336],[-40.35763931274414,-20.325416564941406],[-40.35930633544916,-20.321527481079045],[-40.360694885253906,-20.320417404174805],[-40.3629150390625,-20.320417404174805],[-40.3651390075683,-20.3195858001709],[-40.36597061157221,-20.31708145141596],[-40.36458206176758,-20.31458282470703],[-40.36597061157221,-20.31319427490223],[-40.36541748046869,-20.311250686645508],[-40.36375045776367,-20.310417175292912],[-40.36375045776367,-20.30902862548828],[-40.3651390075683,-20.30791664123535],[-40.36458206176758,-20.304304122924805],[-40.361804962158146,-20.30152702331543],[-40.360416412353516,-20.30097007751465],[-40.35902786254877,-20.29819488525385],[-40.35902786254877,-20.293750762939453],[-40.35791778564453,-20.292917251586857],[-40.35708236694336,-20.290693283081055],[-40.35708236694336,-20.287639617919808],[-40.355415344238224,-20.285694122314396],[-40.3537483215332,-20.28208351135254],[-40.35652923583979,-20.279584884643555],[-40.35680389404297,-20.276252746581974],[-40.36125183105469,-20.274305343627873],[-40.3651390075683,-20.274583816528263],[-40.367637634277344,-20.277082443237248],[-40.36930465698242,-20.280138015747013],[-40.37125015258778,-20.281528472900334],[-40.374027252197266,-20.281528472900334],[-40.375972747802734,-20.279861450195312],[-40.37930679321289,-20.279306411743164],[-40.3790283203125,-20.27791404724121],[-40.375415802001896,-20.2781925201416],[-40.37291717529297,-20.280138015747013],[-40.3709716796875,-20.279584884643555],[-40.3709716796875,-20.275970458984318],[-40.36791610717762,-20.274305343627873],[-40.36708450317383,-20.273195266723633],[-40.3615264892577,-20.273195266723633],[-40.355972290039006,-20.275693893432617],[-40.354026794433594,-20.280138015747013],[-40.35097122192383,-20.279584884643555],[-40.35041809082031,-20.276527404785156],[-40.34902954101551,-20.274860382079964],[-40.34763717651367,-20.276252746581974],[-40.34291839599604,-20.274860382079964],[-40.34152603149414,-20.272916793823242],[-40.34236145019531,-20.270971298217717],[-40.3459739685058,-20.271249771118107],[-40.34402847290039,-20.267084121703988],[-40.341251373291016,-20.26458549499506],[-40.33763885498047,-20.265138626098633],[-40.336807250976506,-20.263471603393555],[-40.33375167846674,-20.26208114624012],[-40.33347320556635,-20.260971069335938],[-40.33541488647461,-20.259305953979492],[-40.33984756469721,-20.2602863311767],[-40.34001541137695,-20.249349594116097],[-40.357902526855355,-20.237960815429688],[-40.36741638183588,-20.21714782714838],[-40.374332427978516,-20.21479988098139],[-40.385532379150334,-20.22351455688471],[-40.40890121459955,-20.23165893554676],[-40.413379669189396,-20.22913932800293],[-40.430377960204964,-20.22725486755371],[-40.435531616210824,-20.22951889038086],[-40.4409446716308,-20.225435256958008],[-40.462242126464844,-20.222192764282227],[-40.465061187744084,-20.219257354736214],[-40.48161315917969,-20.234237670898438],[-40.488994598388615,-20.233362197875977],[-40.49309158325195,-20.239910125732422],[-40.50059127807617,-20.22821617126465],[-40.52660751342762,-20.245708465576172],[-40.531257629394474,-20.253883361816406],[-40.55901718139643,-20.27050018310547],[-40.58456039428705,-20.268692016601562],[-40.593738555908146,-20.27192878723139],[-40.59618377685547,-20.2623233795166],[-40.59193420410145,-20.25233268737793],[-40.595001220703125,-20.245475769042912],[-40.60609817504883,-20.2523250579834],[-40.6044082641601,-20.26775360107422],[-40.60028076171875,-20.278705596923828],[-40.58541107177729,-20.29350090026844],[-40.58261489868164,-20.29246520996088],[-40.57654953002924,-20.279159545898438],[-40.572273254394474,-20.280288696289006],[-40.573310852050724,-20.28659057617176],[-40.56686782836914,-20.29195594787592],[-40.56809997558594,-20.299692153930607],[-40.56411361694336,-20.30429840087885],[-40.560440063476506,-20.301460266113224],[-40.5490150451659,-20.30223846435547],[-40.53215789794922,-20.29258728027338],[-40.52157974243164,-20.29132461547846],[-40.52254867553711,-20.327568054199162],[-40.515750885009766,-20.347061157226562],[-40.500171661376896,-20.34889411926264],[-40.490474700927734,-20.34572410583496],[-40.48433685302729,-20.347354888916016],[-40.48066329956055,-20.344015121459904],[-40.460533142089844,-20.331546783447266],[-40.45288085937494,-20.340124130248967],[-40.43906021118153,-20.332920074462834],[-40.435798645019474,-20.335039138793945],[-40.428897857666016,-20.340875625610295],[-40.419956207275334,-20.34125328063959],[-40.40458679199219,-20.358753204345646],[-40.406009674072266,-20.379236221313363],[-40.3951683044433,-20.391267776489258],[-40.3946647644043,-20.396375656127873],[-40.38500213623047,-20.394264221191406],[-40.371040344238224,-20.399690628051758]]]},"properties":{"id_cidade":3201308,"cidade":"Cariacica","id_microrregiao":320309,"id_mesorregiao":3203,"id_estado":32,"id_regiao":3}},{"type":"Feature","geometry":{"type":"Polygon","coordinates":[[[-41.37421798706049,-20.629234313964787],[-41.36908721923828,-20.627504348754883],[-41.36643981933594,-20.620525360107422],[-41.35923004150385,-20.626220703125],[-41.350471496581974,-20.623228073120117],[-41.3520622253418,-20.613370895385742],[-41.340915679931584,-20.607002258300724],[-41.32988357543934,-20.611614227294922],[-41.32175445556635,-20.62357139587391],[-41.32035446166992,-20.636123657226562],[-41.30490112304676,-20.651908874511662],[-41.29625701904297,-20.649997711181584],[-41.29078292846668,-20.642625808715763],[-41.275856018066406,-20.6543025970459],[-41.266204833984375,-20.65543556213379],[-41.25441360473627,-20.66271591186512],[-41.25007247924805,-20.663097381591683],[-41.20524215698231,-20.671539306640625],[-41.19590377807617,-20.67312240600586],[-41.180915832519474,-20.666458129882812],[-41.17861938476557,-20.6534366607666],[-41.176128387451115,-20.65315818786621],[-41.17137145996088,-20.651981353759766],[-41.166175842285156,-20.644887924194336],[-41.15040206909168,-20.64294815063471],[-41.14659881591797,-20.63769912719721],[-41.13547134399414,-20.630664825439396],[-41.132278442382756,-20.6153945922851],[-41.124122619628906,-20.61513900756836],[-41.115318298339844,-20.617740631103516],[-41.096015930175724,-20.60980987548828],[-41.08553314208979,-20.616571426391545],[-41.07060241699219,-20.613019943237305],[-41.0643424987793,-20.600496292114258],[-41.066036224365234,-20.595785140991154],[-41.08060073852539,-20.5950870513916],[-41.07543182373041,-20.58070182800293],[-41.063446044921875,-20.58178520202631],[-41.057510375976506,-20.56782150268549],[-41.047367095947266,-20.566560745239258],[-41.03993988037104,-20.572111129760742],[-41.036506652831974,-20.570415496826172],[-41.029193878173714,-20.55392074584961],[-41.0181045532226,-20.545503616333008],[-41.020263671875,-20.533203124999943],[-41.032245635986214,-20.537111282348633],[-41.04919052124018,-20.534597396850586],[-41.055152893066406,-20.529159545898438],[-41.054874420166016,-20.51882553100586],[-41.048885345458984,-20.516801834106445],[-41.04461288452143,-20.523662567138615],[-41.038021087646484,-20.514936447143498],[-41.03253936767578,-20.518020629882756],[-41.02667236328125,-20.515037536621094],[-41.02863693237305,-20.496023178100586],[-41.0364875793457,-20.496765136718693],[-41.034336090087834,-20.491619110107365],[-41.041133880615234,-20.487327575683537],[-41.03965759277338,-20.484193801879883],[-41.04568481445307,-20.476583480834904],[-41.051326751708984,-20.481178283691406],[-41.055976867675724,-20.468437194824162],[-41.052791595458984,-20.460086822509766],[-41.06798934936518,-20.459672927856445],[-41.08024215698242,-20.441686630248967],[-41.088531494140625,-20.441785812377873],[-41.100189208984375,-20.434259414672795],[-41.0998649597168,-20.426614761352482],[-41.103607177734375,-20.422246932983285],[-41.097625732421875,-20.412466049194336],[-41.10469436645502,-20.403478622436523],[-41.11108398437494,-20.405162811279297],[-41.11103439331055,-20.41279792785639],[-41.12010192871094,-20.42215919494629],[-41.11963653564453,-20.42511558532715],[-41.1280403137207,-20.42534828186035],[-41.14175033569336,-20.43146324157709],[-41.16188430786133,-20.423051834106445],[-41.16666030883789,-20.429416656494084],[-41.16423797607422,-20.436679840087834],[-41.16633987426758,-20.446140289306527],[-41.17189025878906,-20.447254180908146],[-41.189468383789006,-20.446393966674805],[-41.19673919677729,-20.442153930664062],[-41.19424438476557,-20.431423187255803],[-41.196861267089844,-20.427421569824162],[-41.20279312133789,-20.4338321685791],[-41.217979431152344,-20.439498901367188],[-41.225494384765625,-20.451044082641545],[-41.22611999511713,-20.460098266601562],[-41.20722579956049,-20.48183631896967],[-41.209293365478516,-20.48772621154785],[-41.22079086303711,-20.487058639526367],[-41.22605514526367,-20.49080848693842],[-41.2364501953125,-20.48821067810053],[-41.24232101440424,-20.50026512145996],[-41.248104095458984,-20.49864006042469],[-41.24872589111317,-20.492197036743164],[-41.253883361816406,-20.488880157470703],[-41.25930786132807,-20.49087905883789],[-41.26292419433588,-20.486974716186467],[-41.26710128784174,-20.491811752319336],[-41.273101806640625,-20.492773056030273],[-41.276126861572266,-20.48723793029785],[-41.27958679199219,-20.487258911132812],[-41.283546447753906,-20.493410110473633],[-41.28028488159174,-20.50812149047846],[-41.28805160522461,-20.507446289062443],[-41.28827285766596,-20.514284133911133],[-41.2949485778808,-20.516094207763672],[-41.298927307128906,-20.521915435791016],[-41.311069488525334,-20.51497459411621],[-41.32041931152338,-20.497257232665902],[-41.328899383544865,-20.497528076171818],[-41.322872161865234,-20.500354766845703],[-41.32036209106445,-20.506313323974496],[-41.32861328124994,-20.514490127563477],[-41.345413208007756,-20.51371955871582],[-41.35556411743164,-20.507534027099553],[-41.359596252441406,-20.511850357055664],[-41.37710189819336,-20.50880241394043],[-41.37922286987305,-20.52724838256836],[-41.374717712402344,-20.529106140136605],[-41.37110900878906,-20.535720825195312],[-41.387466430664006,-20.541410446166992],[-41.38911437988281,-20.548513412475472],[-41.38550567626953,-20.554168701171818],[-41.389480590820256,-20.553499221801758],[-41.39064407348633,-20.557569503784123],[-41.39366149902338,-20.556900024414062],[-41.39590072631836,-20.549236297607422],[-41.40589904785156,-20.548782348632812],[-41.40647888183594,-20.560989379882812],[-41.414844512939396,-20.573270797729492],[-41.40560150146479,-20.576023101806584],[-41.40593338012695,-20.58288955688471],[-41.397876739501896,-20.591184616088867],[-41.399620056152344,-20.604255676269418],[-41.39509963989252,-20.608938217163086],[-41.39153289794922,-20.61090469360346],[-41.395488739013615,-20.614946365356445],[-41.390953063964844,-20.624370574951115],[-41.380340576171875,-20.62349319458002],[-41.37421798706049,-20.629234313964787]]]},"properties":{"id_cidade":3201407,"cidade":"Castelo","id_microrregiao":320412,"id_mesorregiao":3204,"id_estado":32,"id_regiao":3}},{"type":"Feature","geometry":{"type":"Polygon","coordinates":[[[-40.75681304931635,-19.652942657470646],[-40.73926925659174,-19.643337249755746],[-40.72753143310541,-19.64255523681635],[-40.722450256347656,-19.624622344970646],[-40.712501525878906,-19.624725341796818],[-40.70538711547846,-19.629390716552678],[-40.70287322998047,-19.626020431518498],[-40.691394805908146,-19.623748779296818],[-40.6796760559082,-19.626861572265625],[-40.67338562011719,-19.622169494628906],[-40.671512603759766,-19.630729675292912],[-40.655036926269474,-19.64177131652832],[-40.60340881347656,-19.672866821289006],[-40.59740447998047,-19.66904067993164],[-40.59701919555664,-19.664894104003906],[-40.587646484375,-19.66483879089344],[-40.58205795288086,-19.684005737304688],[-40.57887268066406,-19.686798095703068],[-40.56798934936518,-19.684450149536076],[-40.55817794799805,-19.695974349975586],[-40.557563781738224,-19.70656967163086],[-40.5526008605957,-19.712207794189453],[-40.54743194580078,-19.713653564453125],[-40.53881454467762,-19.709815979003906],[-40.52729797363281,-19.715574264526254],[-40.51618576049799,-19.677221298217717],[-40.51123046874994,-19.669700622558594],[-40.502716064453125,-19.658874511718693],[-40.49802017211914,-19.65934944152832],[-40.497467041015625,-19.653430938720646],[-40.488937377929574,-19.65028762817377],[-40.489810943603516,-19.64522361755371],[-40.4858283996582,-19.64043617248535],[-40.475589752197266,-19.641735076904297],[-40.469837188720646,-19.632667541503906],[-40.46357345581055,-19.631238937377873],[-40.42138290405268,-19.64101028442377],[-40.37599563598627,-19.62274742126459],[-40.37542724609369,-19.618944168090763],[-40.37012481689453,-19.61742210388178],[-40.3749885559082,-19.598722457885685],[-40.37192153930653,-19.594831466674748],[-40.3873291015625,-19.577186584472656],[-40.38901901245117,-19.564550399780273],[-40.37106323242176,-19.555835723876953],[-40.36820983886719,-19.550168991088867],[-40.372257232666016,-19.546047210693303],[-40.373294830322266,-19.5357666015625],[-40.389926910400334,-19.543851852416992],[-40.43345260620117,-19.533592224121094],[-40.4736595153808,-19.536746978759766],[-40.48191452026367,-19.535282135009652],[-40.498550415039006,-19.51820755004877],[-40.509490966796875,-19.512668609619084],[-40.51921463012695,-19.503253936767578],[-40.534011840820256,-19.500270843505803],[-40.53377151489258,-19.49191665649414],[-40.55160140991211,-19.483827590942326],[-40.55968475341791,-19.47416114807129],[-40.567054748535156,-19.45421981811512],[-40.56753921508789,-19.440193176269474],[-40.574031829833984,-19.436458587646428],[-40.57646179199213,-19.42903518676752],[-40.58485031127924,-19.433082580566406],[-40.597198486328125,-19.43189620971674],[-40.600009918212834,-19.439216613769474],[-40.61443328857416,-19.439155578613168],[-40.61913299560547,-19.446641921996957],[-40.624160766601506,-19.447935104370117],[-40.62614440917963,-19.448898315429688],[-40.62915802001953,-19.438447952270508],[-40.6335563659668,-19.436685562133732],[-40.642784118652344,-19.405139923095703],[-40.64365768432617,-19.383279800414982],[-40.637138366699105,-19.383520126342773],[-40.635528564453125,-19.379014968872013],[-40.64268112182617,-19.374668121337834],[-40.63379669189442,-19.367664337158203],[-40.62519454956049,-19.348560333251953],[-40.60670852661127,-19.352617263793945],[-40.566371917724496,-19.365741729736328],[-40.545257568359375,-19.339542388916016],[-40.50817108154291,-19.310396194458008],[-40.507801055908146,-19.306987762451172],[-40.490432739257756,-19.297569274902344],[-40.48917770385742,-19.286861419677734],[-40.482872009277344,-19.287670135498047],[-40.47904586791992,-19.29282379150385],[-40.472438812255746,-19.291496276855412],[-40.46467971801752,-19.28700065612793],[-40.46020126342768,-19.27870750427246],[-40.45375442504883,-19.28094482421875],[-40.45031356811512,-19.2915363311767],[-40.44256210327143,-19.29129981994629],[-40.434791564941406,-19.281099319458008],[-40.439674377441406,-19.271770477294865],[-40.4315299987793,-19.259248733520508],[-40.434558868408146,-19.252769470214787],[-40.42873001098627,-19.248010635375977],[-40.42128372192377,-19.23882865905756],[-40.42271041870117,-19.22838020324707],[-40.41887664794922,-19.22060775756836],[-40.4234733581543,-19.217021942138615],[-40.4207763671875,-19.212398529052734],[-40.417766571044865,-19.21055793762207],[-40.415164947509766,-19.213069915771484],[-40.409744262695256,-19.208307266235295],[-40.4041748046875,-19.194480895996094],[-40.41244125366205,-19.188674926757812],[-40.41244125366205,-19.180744171142578],[-40.40556335449213,-19.170457839965707],[-40.40483856201172,-19.162076950073242],[-40.395782470703125,-19.158943176269474],[-40.39567947387695,-19.150737762451115],[-40.39999008178711,-19.14727973937977],[-40.40962219238281,-19.149269104003906],[-40.413867950439396,-19.14175033569336],[-40.40144348144531,-19.13568687438965],[-40.38737487792969,-19.114028930664006],[-40.363861083984375,-19.095075607299805],[-40.36708068847656,-19.084865570068246],[-40.37499237060547,-19.079853057861328],[-40.37105178833002,-19.085950851440373],[-40.373374938964844,-19.09184837341303],[-40.380790710449105,-19.093580245971623],[-40.38559341430664,-19.10281753540039],[-40.39263153076172,-19.09979820251465],[-40.40396118164051,-19.107282638549805],[-40.412864685058594,-19.108934402465763],[-40.430118560791016,-19.107900619506836],[-40.448036193847656,-19.09971618652338],[-40.454647064208984,-19.107381820678654],[-40.463809967041016,-19.110748291015625],[-40.469924926757756,-19.10894775390625],[-40.49567031860346,-19.113576889038086],[-40.50609588623041,-19.12312507629389],[-40.50481414794922,-19.145692825317383],[-40.50985336303711,-19.161207199096566],[-40.51401901245106,-19.15326690673828],[-40.551055908203125,-19.13899612426752],[-40.56456756591797,-19.144626617431584],[-40.57386016845703,-19.15566444396967],[-40.568519592285156,-19.168487548828068],[-40.58072280883789,-19.17344665527338],[-40.58314132690424,-19.180198669433537],[-40.605190277099496,-19.189882278442326],[-40.60210800170893,-19.197851181030273],[-40.61871719360346,-19.209617614746094],[-40.61487960815424,-19.23471450805664],[-40.62004852294916,-19.246923446655217],[-40.61848449707031,-19.25655746459961],[-40.61248779296875,-19.263000488281193],[-40.613059997558594,-19.277223587036133],[-40.61704635620117,-19.27980995178217],[-40.6192893981933,-19.267953872680664],[-40.62270355224604,-19.26647186279297],[-40.634857177734375,-19.24056053161621],[-40.64079284667969,-19.237598419189453],[-40.64936447143555,-19.242891311645508],[-40.65168762207031,-19.2373428344726],[-40.65435028076172,-19.23256492614746],[-40.6611595153808,-19.23318862915039],[-40.66460037231434,-19.230321884155217],[-40.67073059082031,-19.2297687530517],[-40.673118591308594,-19.23886871337885],[-40.68338012695307,-19.23959732055664],[-40.68675231933594,-19.236324310302734],[-40.7015495300293,-19.24089241027832],[-40.70339202880854,-19.24379158020008],[-40.69916915893555,-19.24588394165039],[-40.69566345214838,-19.256816864013672],[-40.704776763916016,-19.256938934326172],[-40.71192169189453,-19.266963958740234],[-40.719581604003906,-19.2650203704834],[-40.72137451171875,-19.258539199829045],[-40.73179626464844,-19.262329101562443],[-40.73482131958008,-19.264940261840763],[-40.72875595092768,-19.28821372985834],[-40.756156921386605,-19.29681396484375],[-40.7783088684082,-19.294321060180607],[-40.78307342529297,-19.29267692565918],[-40.79327392578125,-19.300378799438477],[-40.80842208862305,-19.303237915039006],[-40.810226440429574,-19.316423416137695],[-40.81713104248047,-19.325584411621094],[-40.8134765625,-19.33432769775385],[-40.8198127746582,-19.35779953002924],[-40.821773529052734,-19.372234344482422],[-40.84685134887684,-19.378843307495117],[-40.846893310546875,-19.388166427612248],[-40.85089874267578,-19.395942687988224],[-40.85716247558594,-19.399255752563477],[-40.85953903198242,-19.421022415161133],[-40.87103652954096,-19.42521095275879],[-40.86787796020508,-19.43312454223627],[-40.885215759277344,-19.448753356933537],[-40.87737274169922,-19.457015991210938],[-40.878353118896484,-19.46340560913086],[-40.87407302856445,-19.464540481567326],[-40.877460479736214,-19.46667861938471],[-40.876564025878906,-19.47657966613764],[-40.87001419067377,-19.47868156433094],[-40.86298751831055,-19.476089477539062],[-40.843753814697266,-19.476739883422795],[-40.83953094482422,-19.479764938354492],[-40.83634948730463,-19.492944717407227],[-40.8419570922851,-19.50055503845215],[-40.85544967651367,-19.508150100707894],[-40.85462188720703,-19.51076316833496],[-40.82857131958008,-19.52196502685547],[-40.819244384765625,-19.530105590820256],[-40.82590103149414,-19.533571243286133],[-40.83010482788086,-19.54790306091303],[-40.828342437744084,-19.561199188232365],[-40.833438873291016,-19.567916870117188],[-40.852554321289006,-19.577657699584904],[-40.85627365112299,-19.58794403076172],[-40.85202407836914,-19.59749794006342],[-40.86079788208008,-19.60356140136713],[-40.854881286621094,-19.610210418701115],[-40.85250473022461,-19.616197586059513],[-40.835269927978516,-19.61635971069336],[-40.8252067565918,-19.605747222900334],[-40.82574844360346,-19.597715377807617],[-40.81654739379883,-19.594959259033146],[-40.80650711059559,-19.59810256958002],[-40.80401229858393,-19.592092514038086],[-40.79725265502924,-19.59011840820301],[-40.7896842956543,-19.580591201782227],[-40.78279113769531,-19.580059051513672],[-40.777961730956974,-19.583274841308594],[-40.78469467163086,-19.586948394775334],[-40.787212371826115,-19.59569549560547],[-40.77383804321289,-19.614614486694336],[-40.78017044067377,-19.634952545166016],[-40.76846694946289,-19.635696411132756],[-40.77062988281244,-19.65088653564453],[-40.75681304931635,-19.652942657470646]]]},"properties":{"id_cidade":3201506,"cidade":"Colatina","id_microrregiao":320103,"id_mesorregiao":3201,"id_estado":32,"id_regiao":3}},{"type":"Feature","geometry":{"type":"Polygon","coordinates":[[[-39.74625015258789,-18.706159591674805],[-39.74569320678711,-18.69958114624012],[-39.74569320678711,-18.691249847412053],[-39.744861602783146,-18.689027786254826],[-39.744861602783146,-18.68541717529297],[-39.74402618408203,-18.679307937622013],[-39.74402618408203,-18.67569351196289],[-39.743194580078125,-18.67152786254877],[-39.742916107177734,-18.66374969482422],[-39.74208450317377,-18.660972595214844],[-39.74208450317377,-18.657083511352482],[-39.74097061157215,-18.654861450195312],[-39.74097061157215,-18.65097236633295],[-39.74041748046875,-18.648193359375],[-39.73930740356445,-18.647638320922795],[-39.73958206176758,-18.645694732665902],[-39.738471984863224,-18.643749237060547],[-39.738471984863224,-18.641527175903263],[-39.737640380859375,-18.64069366455078],[-39.737640380859375,-18.636804580688477],[-39.73597335815424,-18.63458251953125],[-39.73569488525385,-18.63041687011713],[-39.73485946655268,-18.62791633605957],[-39.73374938964844,-18.626529693603402],[-39.73374938964844,-18.62430763244629],[-39.73236083984369,-18.621250152587834],[-39.73180389404291,-18.61847114562977],[-39.73069381713867,-18.616806030273438],[-39.73041534423828,-18.61319351196289],[-39.73402786254883,-18.61430549621582],[-39.73485946655268,-18.612638473510685],[-39.737915039062386,-18.612638473510685],[-39.738193511962834,-18.610137939453125],[-39.739028930664006,-18.60958480834961],[-39.738193511962834,-18.60708236694336],[-39.738193511962834,-18.60375022888178],[-39.7368049621582,-18.601528167724553],[-39.73597335815424,-18.597085952758732],[-39.732639312744084,-18.595693588256836],[-39.73152923583973,-18.597360610961857],[-39.730140686035156,-18.597917556762695],[-39.7279167175293,-18.600139617919922],[-39.7279167175293,-18.597085952758732],[-39.72902679443354,-18.595693588256836],[-39.72902679443354,-18.59208106994629],[-39.73041534423828,-18.585695266723633],[-39.73041534423828,-18.565139770507812],[-39.729862213134766,-18.561805725097656],[-39.73097229003906,-18.55819511413563],[-39.730140686035156,-18.555414199829045],[-39.730140686035156,-18.542638778686467],[-39.72958374023432,-18.54180335998535],[-39.729862213134766,-18.53791618347168],[-39.72930526733393,-18.537361145019418],[-39.72930526733393,-18.531528472900334],[-39.73152923583973,-18.53125],[-39.73180389404291,-18.526805877685547],[-39.73236083984369,-18.52458381652832],[-39.729862213134766,-18.52458381652832],[-39.728748321533146,-18.52319526672352],[-39.72819519042969,-18.520416259765625],[-39.72819519042969,-18.516807556152344],[-39.727638244628906,-18.51375007629389],[-39.72652816772461,-18.510694503784123],[-39.72652816772461,-18.508472442626953],[-39.72569274902338,-18.507360458373967],[-39.72569274902338,-18.502361297607308],[-39.72458267211914,-18.500974655151254],[-39.72486114501953,-18.49819374084467],[-39.723194122314396,-18.492639541625977],[-39.722637176513615,-18.487363815307617],[-39.72097396850586,-18.48319435119629],[-39.72097396850586,-18.48152732849121],[-39.71986007690424,-18.479860305786133],[-39.71986007690424,-18.47763824462885],[-39.717918395996094,-18.47180557250971],[-39.716804504394474,-18.469860076904297],[-39.71625137329096,-18.4673614501952],[-39.715415954589844,-18.466529846191406],[-39.715415954589844,-18.464027404785156],[-39.71458435058594,-18.461250305175724],[-39.7129173278808,-18.459304809570312],[-39.7129173278808,-18.456806182861328],[-39.70986175537104,-18.450136184692326],[-39.709583282470646,-18.44708251953125],[-39.708473205566406,-18.445972442626896],[-39.707637786865234,-18.441804885864258],[-39.70652770996088,-18.440694808959904],[-39.703750610351506,-18.431249618530217],[-39.70291519165028,-18.430416107177678],[-39.702083587646484,-18.425971984863168],[-39.70097351074213,-18.424306869506836],[-39.70097351074213,-18.422637939453125],[-39.69985961914057,-18.42180633544922],[-39.69985961914057,-18.419582366943246],[-39.69791793823242,-18.415138244628906],[-39.69652938842762,-18.41319465637207],[-39.69458389282221,-18.408195495605412],[-39.69458389282221,-18.40652847290039],[-39.69319534301758,-18.404027938842773],[-39.6926383972168,-18.40013885498047],[-39.6915283203125,-18.39736175537098],[-39.690418243408146,-18.395971298217717],[-39.690418243408146,-18.394304275512695],[-39.68819427490229,-18.389860153198185],[-39.68819427490229,-18.38819503784174],[-39.68597412109375,-18.384582519531136],[-39.68597412109375,-18.382638931274414],[-39.684028625488224,-18.379863739013672],[-39.68375015258778,-18.37819480895996],[-39.681526184081974,-18.37236022949213],[-39.67791748046869,-18.36652755737299],[-39.67013931274414,-18.3498592376709],[-39.671436309814396,-18.348358154296875],[-39.66679382324219,-18.332332611083984],[-39.67415237426758,-18.324737548828125],[-39.68887329101557,-18.320823669433594],[-39.91210174560547,-18.178926467895508],[-39.915290832519474,-18.18255996704096],[-39.90342712402344,-18.1914443969726],[-39.90262985229492,-18.206729888916016],[-39.91602325439453,-18.216247558593693],[-39.92877197265625,-18.23520660400385],[-39.938899993896484,-18.238113403320312],[-39.942806243896484,-18.243125915527287],[-39.92785644531244,-18.258907318115234],[-39.93102264404291,-18.272390365600586],[-39.937255859375,-18.2810115814209],[-39.93732833862293,-18.29157066345215],[-39.91761779785156,-18.31261444091797],[-39.93057632446289,-18.31433677673334],[-39.95589828491205,-18.311071395873967],[-39.95138168334961,-18.315216064453068],[-39.954532623291016,-18.318571090698242],[-39.958957672119084,-18.324470520019474],[-39.95953369140619,-18.338300704956055],[-39.953773498535156,-18.364809036254883],[-39.94519805908203,-18.38412666320795],[-39.94260787963867,-18.392929077148438],[-39.93922042846674,-18.406368255615234],[-39.938297271728516,-18.41373634338379],[-39.94598770141596,-18.42203712463379],[-39.95046234130854,-18.427305221557617],[-39.975742340087834,-18.438146591186523],[-39.99064636230469,-18.437461853027344],[-40.00221633911133,-18.432857513427734],[-40.015350341796875,-18.434524536132756],[-40.029869079589844,-18.444776535034123],[-39.99529647827143,-18.487779617309513],[-39.96579360961914,-18.524677276611214],[-39.94172668457031,-18.55396270751953],[-39.837348937988224,-18.680711746215763],[-39.83082962036133,-18.672264099121094],[-39.80717086791992,-18.675624847412053],[-39.815544128417855,-18.682355880737248],[-39.813289642333984,-18.68816375732422],[-39.81647872924799,-18.693845748901367],[-39.806968688964844,-18.695987701416016],[-39.80816650390619,-18.701086044311523],[-39.81792449951166,-18.704984664916992],[-39.810966491699105,-18.710702896118164],[-39.813526153564396,-18.719642639160156],[-39.802040100097656,-18.721046447753906],[-39.79524612426758,-18.712509155273438],[-39.783298492431584,-18.704597473144474],[-39.77601623535156,-18.706047058105412],[-39.74625015258789,-18.706159591674805]]]},"properties":{"id_cidade":3201605,"cidade":"Conceição da Barra","id_microrregiao":320205,"id_mesorregiao":3202,"id_estado":32,"id_regiao":3}},{"type":"Feature","geometry":{"type":"Polygon","coordinates":[[[-41.196861267089844,-20.427421569824162],[-41.19979476928705,-20.418153762817383],[-41.18173599243164,-20.408714294433594],[-41.177490234374886,-20.401065826416016],[-41.17820358276367,-20.392309188842773],[-41.19282150268549,-20.390989303588867],[-41.20137405395508,-20.384336471557617],[-41.20317459106445,-20.364549636840707],[-41.21893692016596,-20.35590744018549],[-41.217472076416016,-20.349096298217717],[-41.21080780029297,-20.342456817626896],[-41.21083831787104,-20.33598327636713],[-41.216026306152344,-20.3286075592041],[-41.212192535400334,-20.320825576782227],[-41.190948486328125,-20.30754280090332],[-41.177749633789006,-20.311347961425724],[-41.1715736389159,-20.31022071838379],[-41.17242813110346,-20.305198669433594],[-41.16493225097656,-20.29998970031727],[-41.15803146362293,-20.28265762329096],[-41.16906356811518,-20.26697540283203],[-41.18603897094721,-20.260129928588867],[-41.19300460815424,-20.265838623046875],[-41.1933479309082,-20.269989013671818],[-41.20522308349604,-20.268106460571232],[-41.21286773681629,-20.275257110595703],[-41.21658325195307,-20.274553298950195],[-41.22314453124994,-20.283578872680607],[-41.23715972900385,-20.27657127380371],[-41.2496337890625,-20.279340744018555],[-41.252029418945256,-20.27361488342285],[-41.256591796875,-20.27437400817871],[-41.264591217041016,-20.269151687622013],[-41.26642990112299,-20.264976501464844],[-41.256954193115234,-20.2641658782959],[-41.25738143920893,-20.255523681640625],[-41.26762008666992,-20.250177383422795],[-41.26796722412104,-20.24158477783203],[-41.27332687377924,-20.2340145111084],[-41.27996063232422,-20.234840393066406],[-41.2814102172851,-20.24193000793457],[-41.28683090209961,-20.243114471435547],[-41.29254150390625,-20.23907852172846],[-41.2897834777832,-20.23430061340332],[-41.301597595214844,-20.229759216308594],[-41.309188842773324,-20.24278259277338],[-41.29511260986328,-20.25210952758789],[-41.298336029052734,-20.255533218383732],[-41.29509353637695,-20.258840560913086],[-41.30162048339838,-20.262241363525334],[-41.30503463745117,-20.27043342590332],[-41.32011032104492,-20.273746490478516],[-41.31694030761719,-20.282325744628906],[-41.32045364379883,-20.286983489990234],[-41.31640243530268,-20.287994384765568],[-41.314449310302734,-20.29607391357422],[-41.31784820556635,-20.30074501037592],[-41.32427978515625,-20.301317214965763],[-41.33251190185547,-20.302776336669865],[-41.33949661254877,-20.296970367431584],[-41.353397369384766,-20.304561614990234],[-41.35597229003906,-20.31588935852045],[-41.361606597900334,-20.321353912353516],[-41.36304855346674,-20.326904296874943],[-41.35970306396479,-20.326288223266545],[-41.35753631591791,-20.333276748657227],[-41.35778045654297,-20.349176406860295],[-41.35333251953119,-20.352212905883732],[-41.353340148925724,-20.361415863037053],[-41.349918365478516,-20.36469841003418],[-41.35136413574219,-20.373779296875],[-41.346031188964844,-20.37611007690424],[-41.344463348388615,-20.391324996948185],[-41.33714294433594,-20.385311126708984],[-41.32052230834955,-20.400592803955078],[-41.317317962646484,-20.408842086791992],[-41.32066345214844,-20.411827087402344],[-41.31987762451172,-20.41870689392084],[-41.31110763549805,-20.42582130432129],[-41.31614685058588,-20.429445266723633],[-41.314659118652344,-20.44038963317871],[-41.319427490234375,-20.452177047729435],[-41.316806793212834,-20.458576202392578],[-41.3206787109375,-20.474796295166016],[-41.32382583618164,-20.47868919372553],[-41.317661285400334,-20.490812301635685],[-41.328899383544865,-20.497528076171818],[-41.32041931152338,-20.497257232665902],[-41.311069488525334,-20.51497459411621],[-41.298927307128906,-20.521915435791016],[-41.2949485778808,-20.516094207763672],[-41.28827285766596,-20.514284133911133],[-41.28805160522461,-20.507446289062443],[-41.28028488159174,-20.50812149047846],[-41.283546447753906,-20.493410110473633],[-41.27958679199219,-20.487258911132812],[-41.276126861572266,-20.48723793029785],[-41.273101806640625,-20.492773056030273],[-41.26710128784174,-20.491811752319336],[-41.26292419433588,-20.486974716186467],[-41.25930786132807,-20.49087905883789],[-41.253883361816406,-20.488880157470703],[-41.24872589111317,-20.492197036743164],[-41.248104095458984,-20.49864006042469],[-41.24232101440424,-20.50026512145996],[-41.2364501953125,-20.48821067810053],[-41.22605514526367,-20.49080848693842],[-41.22079086303711,-20.487058639526367],[-41.209293365478516,-20.48772621154785],[-41.20722579956049,-20.48183631896967],[-41.22611999511713,-20.460098266601562],[-41.225494384765625,-20.451044082641545],[-41.217979431152344,-20.439498901367188],[-41.20279312133789,-20.4338321685791],[-41.196861267089844,-20.427421569824162]]]},"properties":{"id_cidade":3201704,"cidade":"Conceição do Castelo","id_microrregiao":320307,"id_mesorregiao":3203,"id_estado":32,"id_regiao":3}},{"type":"Feature","geometry":{"type":"Polygon","coordinates":[[[-41.6593132019043,-20.637702941894474],[-41.66259002685541,-20.63097381591797],[-41.65959930419922,-20.610626220703068],[-41.66912078857422,-20.609058380126953],[-41.66740798950195,-20.59224510192871],[-41.6629905700683,-20.58797836303711],[-41.669342041015625,-20.577924728393555],[-41.66907882690424,-20.56903457641596],[-41.67604446411127,-20.55498504638672],[-41.69070053100586,-20.543403625488224],[-41.69417953491205,-20.529861450195256],[-41.71374130249012,-20.527954101562443],[-41.71510696411133,-20.52214431762684],[-41.71411132812494,-20.518714904785043],[-41.7242546081543,-20.513877868652344],[-41.73835372924805,-20.51756668090809],[-41.74284362792969,-20.51047515869135],[-41.75116729736328,-20.50299644470209],[-41.78321838378906,-20.50433349609375],[-41.78268814086903,-20.517715454101562],[-41.774925231933594,-20.524732589721623],[-41.78470230102539,-20.559095382690373],[-41.80148696899414,-20.583736419677678],[-41.802486419677734,-20.587511062622013],[-41.794876098632756,-20.59717941284174],[-41.79059219360346,-20.59503746032709],[-41.77812957763672,-20.605634689330998],[-41.77285003662104,-20.6045303344726],[-41.766876220703125,-20.607791900634766],[-41.76731109619135,-20.61562538146967],[-41.77059555053711,-20.614841461181527],[-41.77288055419922,-20.6199436187743],[-41.76976776123047,-20.620561599731445],[-41.769081115722656,-20.62684249877924],[-41.761077880859375,-20.625120162963867],[-41.7540550231933,-20.627538681030217],[-41.7557373046875,-20.63360023498535],[-41.75291442871088,-20.638412475585938],[-41.738685607910156,-20.639650344848576],[-41.730072021484375,-20.648986816406136],[-41.72929000854492,-20.658258438110295],[-41.714099884033146,-20.65900230407715],[-41.707576751708984,-20.67172813415516],[-41.69830322265625,-20.664777755737305],[-41.69248580932617,-20.66903877258295],[-41.683975219726506,-20.669668197631836],[-41.683990478515625,-20.665019989013672],[-41.6711692810058,-20.668874740600586],[-41.6603164672851,-20.663892745971623],[-41.6528968811034,-20.651611328125],[-41.65605545043945,-20.65026092529297],[-41.66141891479492,-20.654554367065373],[-41.66654586791992,-20.648853302001896],[-41.6593132019043,-20.637702941894474]]]},"properties":{"id_cidade":3201803,"cidade":"Divino de São Lourenço","id_microrregiao":320411,"id_mesorregiao":3204,"id_estado":32,"id_regiao":3}},{"type":"Feature","geometry":{"type":"Polygon","coordinates":[[[-41.052791595458984,-20.460086822509766],[-41.055976867675724,-20.468437194824162],[-41.051326751708984,-20.481178283691406],[-41.04568481445307,-20.476583480834904],[-41.03965759277338,-20.484193801879883],[-41.01876449584955,-20.483957290649414],[-41.01975250244129,-20.478580474853516],[-41.006210327148324,-20.470684051513672],[-41.006572723388615,-20.465709686279297],[-41.01071548461914,-20.457572937011662],[-41.00738525390625,-20.450191497802734],[-41.009319305419865,-20.439262390136662],[-41.010486602783146,-20.43463134765625],[-41.00042724609375,-20.426008224487305],[-40.98923492431629,-20.432466506958008],[-40.98812484741211,-20.437231063842773],[-40.98117446899414,-20.43419075012207],[-40.96136474609369,-20.436008453369084],[-40.96190643310547,-20.4303035736084],[-40.94520950317383,-20.440610885620117],[-40.93881607055664,-20.43720245361328],[-40.929752349853516,-20.437486648559513],[-40.9260139465332,-20.442365646362248],[-40.91973114013672,-20.443090438842773],[-40.918575286865234,-20.447206497192326],[-40.91218566894531,-20.449665069579964],[-40.908973693847656,-20.446386337280273],[-40.90076446533203,-20.448329925536996],[-40.90390396118164,-20.438150405883732],[-40.89841461181635,-20.43415069580078],[-40.89982223510742,-20.42469978332514],[-40.88860321044916,-20.421371459960938],[-40.8877601623534,-20.40730667114252],[-40.895183563232365,-20.39826011657715],[-40.88685607910156,-20.39706993103016],[-40.87348556518555,-20.383361816406193],[-40.859714508056584,-20.381204605102482],[-40.85680389404297,-20.385366439819336],[-40.834060668945256,-20.374126434326115],[-40.820999145507756,-20.39303016662592],[-40.803382873535156,-20.397090911865178],[-40.789707183837834,-20.40648460388178],[-40.7861442565918,-20.396764755248967],[-40.787719726562386,-20.383586883544922],[-40.78059005737305,-20.379230499267578],[-40.782356262206974,-20.373159408569336],[-40.77829360961914,-20.365194320678654],[-40.76784133911133,-20.360248565673828],[-40.76039123535156,-20.347354888916016],[-40.74758529663086,-20.34451675415039],[-40.73400878906244,-20.345787048339787],[-40.731651306152344,-20.346370697021428],[-40.73516464233393,-20.3585586547851],[-40.73906707763666,-20.365091323852482],[-40.73543167114252,-20.36955451965332],[-40.74090576171875,-20.37799072265625],[-40.74117279052729,-20.38559341430664],[-40.73503112792969,-20.38483238220209],[-40.73211669921869,-20.389501571655217],[-40.72439956665028,-20.386430740356445],[-40.721763610839844,-20.38869094848627],[-40.71467590332031,-20.377836227416992],[-40.7090225219726,-20.378658294677734],[-40.70698165893555,-20.385560989379883],[-40.6959114074707,-20.39143562316889],[-40.69014358520502,-20.39192771911621],[-40.687625885009766,-20.387748718261662],[-40.668769836425724,-20.387584686279183],[-40.66403198242176,-20.38441848754877],[-40.64470672607422,-20.387847900390568],[-40.647232055664006,-20.399818420410156],[-40.64154815673828,-20.405555725097656],[-40.634841918945256,-20.41864395141596],[-40.625553131103516,-20.424545288085938],[-40.61629867553711,-20.421804428100586],[-40.615135192871094,-20.413869857788086],[-40.58795166015625,-20.41550636291504],[-40.556312561035156,-20.408927917480412],[-40.55358886718744,-20.404590606689453],[-40.543697357177734,-20.402847290039062],[-40.54808807373047,-20.39962387084961],[-40.534233093261605,-20.389793395996094],[-40.54451370239252,-20.384817123413086],[-40.552898406982365,-20.3890380859375],[-40.56139755249018,-20.38866424560547],[-40.5633926391601,-20.38619613647461],[-40.559730529785156,-20.372587203979492],[-40.57009124755848,-20.378049850463867],[-40.572254180908146,-20.372695922851506],[-40.580459594726506,-20.369094848632812],[-40.57990646362299,-20.36261558532709],[-40.58606719970703,-20.367824554443303],[-40.592849731445256,-20.367210388183594],[-40.59483337402344,-20.362672805786133],[-40.588848114013615,-20.349519729614258],[-40.582569122314396,-20.343570709228516],[-40.58657836914057,-20.335664749145508],[-40.579814910888615,-20.322383880615234],[-40.58261489868164,-20.29246520996088],[-40.58541107177729,-20.29350090026844],[-40.60028076171875,-20.278705596923828],[-40.6044082641601,-20.26775360107422],[-40.60609817504883,-20.2523250579834],[-40.595001220703125,-20.245475769042912],[-40.59662628173828,-20.24349403381342],[-40.61053466796875,-20.253501892089844],[-40.61617660522461,-20.246879577636662],[-40.61586761474598,-20.242027282714787],[-40.62693405151356,-20.236637115478516],[-40.62482070922846,-20.229686737060547],[-40.63462066650385,-20.223623275756836],[-40.634048461914006,-20.217824935913086],[-40.63720321655268,-20.219497680664062],[-40.6518936157226,-20.215379714965763],[-40.65616989135742,-20.22001838684082],[-40.65809249877924,-20.216806411743107],[-40.66328048706055,-20.219146728515568],[-40.66392517089838,-20.211406707763615],[-40.660606384277344,-20.206981658935547],[-40.67070388793934,-20.202989578247013],[-40.680946350097656,-20.19004058837885],[-40.69172286987305,-20.187105178833008],[-40.701171875,-20.18937873840332],[-40.72286987304676,-20.18345832824707],[-40.74253845214844,-20.18977928161621],[-40.75153350830078,-20.180286407470703],[-40.75377655029297,-20.176420211791992],[-40.7602653503418,-20.168275833129826],[-40.76702117919916,-20.167478561401367],[-40.76306915283203,-20.156965255737305],[-40.766292572021484,-20.15277481079096],[-40.770740509033146,-20.160848617553597],[-40.783142089843636,-20.16253662109375],[-40.78692626953119,-20.160228729247933],[-40.789051055908146,-20.16461944580078],[-40.801414489746094,-20.164535522460938],[-40.80502700805664,-20.172973632812443],[-40.81230926513666,-20.17457771301258],[-40.822212219238224,-20.164379119873047],[-40.83587265014643,-20.171245574951172],[-40.833885192871094,-20.177089691162053],[-40.853485107421875,-20.184860229492188],[-40.8624153137207,-20.192325592041016],[-40.871990203857365,-20.188644409179574],[-40.874351501464844,-20.193527221679688],[-40.88529586791992,-20.192689895629826],[-40.88627243041992,-20.195781707763615],[-40.893840789794865,-20.197038650512695],[-40.89704513549805,-20.203166961669922],[-40.903709411621094,-20.197925567626953],[-40.92164993286133,-20.204082489013615],[-40.92744827270508,-20.196792602539062],[-40.93989181518549,-20.19994163513178],[-40.95901107788086,-20.188863754272404],[-40.969444274902344,-20.1926975250243],[-40.97405624389643,-20.20067024230957],[-40.969905853271484,-20.203922271728516],[-40.96875,-20.21212959289545],[-40.981796264648324,-20.227762222289982],[-40.98819351196289,-20.216644287109375],[-40.99204635620117,-20.221370697021484],[-41.0019645690918,-20.214317321777344],[-41.02576065063465,-20.212949752807617],[-41.025699615478516,-20.230884552001896],[-41.029388427734375,-20.230993270874023],[-41.037754058837834,-20.227834701538086],[-41.05060577392578,-20.23631477355957],[-41.05673980712885,-20.232700347900334],[-41.05895233154297,-20.221338272094727],[-41.06835937499994,-20.221176147460938],[-41.06636428833002,-20.228351593017578],[-41.07126998901367,-20.2298583984375],[-41.066574096679574,-20.234996795654183],[-41.0706901550293,-20.249460220336914],[-41.07905960083002,-20.254783630371094],[-41.079135894775334,-20.259418487548828],[-41.0918350219726,-20.26955795288086],[-41.100948333740234,-20.26606369018549],[-41.10174560546869,-20.275159835815373],[-41.114654541015625,-20.26710891723627],[-41.12216186523432,-20.269092559814453],[-41.12542724609375,-20.26596832275385],[-41.12925720214844,-20.269878387451115],[-41.13210678100586,-20.28379821777338],[-41.13748550415039,-20.288307189941293],[-41.12895584106445,-20.295515060424805],[-41.11285400390625,-20.2976131439209],[-41.10560607910156,-20.304000854492188],[-41.10506820678705,-20.32270431518549],[-41.098567962646484,-20.325500488281136],[-41.0921630859375,-20.335069656372013],[-41.099643707275334,-20.343591690063477],[-41.08751678466797,-20.352445602416992],[-41.091358184814396,-20.369373321533203],[-41.07291030883789,-20.37524795532221],[-41.06951904296869,-20.38517761230463],[-41.0678977966308,-20.391122817993107],[-41.07199859619135,-20.39356803894043],[-41.07455062866205,-20.4046573638916],[-41.06399536132807,-20.410602569580078],[-41.06825637817377,-20.423315048217773],[-41.060459136962834,-20.422922134399414],[-41.05316925048828,-20.439109802246094],[-41.051696777343636,-20.453702926635685],[-41.04600524902344,-20.458457946777344],[-41.052791595458984,-20.460086822509766]]]},"properties":{"id_cidade":3201902,"cidade":"Domingos Martins","id_microrregiao":320307,"id_mesorregiao":3203,"id_estado":32,"id_regiao":3}},{"type":"Feature","geometry":{"type":"Polygon","coordinates":[[[-41.799533843994084,-20.477590560913086],[-41.807613372802734,-20.49448585510254],[-41.8093147277832,-20.511657714843636],[-41.81214523315424,-20.519132614135685],[-41.804244995117074,-20.538394927978516],[-41.804878234863224,-20.544689178466797],[-41.80825424194336,-20.55054092407221],[-41.817935943603516,-20.553142547607308],[-41.82757568359369,-20.556985855102482],[-41.830268859863224,-20.561838150024357],[-41.84074401855463,-20.586494445800724],[-41.841247558593636,-20.600435256958008],[-41.84568786621094,-20.60675621032709],[-41.853092193603516,-20.60755157470703],[-41.856094360351506,-20.61449432373047],[-41.85189056396479,-20.619949340820312],[-41.84670639038086,-20.621927261352482],[-41.82905578613281,-20.62478256225586],[-41.817359924316406,-20.624530792236328],[-41.821144104003906,-20.63712501525879],[-41.81468200683594,-20.64063072204584],[-41.8114013671875,-20.637544631958008],[-41.808738708496094,-20.64423370361328],[-41.816368103027344,-20.647041320800724],[-41.813179016113224,-20.653255462646428],[-41.819427490234375,-20.65780258178711],[-41.827590942382756,-20.656402587890568],[-41.82410430908203,-20.66303062438959],[-41.83323287963856,-20.67083740234375],[-41.83931350708002,-20.683439254760685],[-41.847915649414006,-20.68654251098627],[-41.854560852050724,-20.705455780029297],[-41.861000061035156,-20.706741333007756],[-41.862239837646484,-20.71148681640625],[-41.85640716552723,-20.714704513549748],[-41.861240386962834,-20.72260093688965],[-41.86530303955078,-20.722007751464787],[-41.86117935180653,-20.73048210144043],[-41.85650253295887,-20.747678756713867],[-41.85950469970703,-20.74873161315918],[-41.86346054077143,-20.741935729980412],[-41.8742561340332,-20.74466323852539],[-41.87800598144531,-20.754846572875977],[-41.87891387939442,-20.760759353637695],[-41.87485885620117,-20.766815185546875],[-41.87298965454096,-20.76642417907709],[-41.871765136718636,-20.767257690429688],[-41.853790283203125,-20.764144897460938],[-41.84808731079096,-20.77513122558588],[-41.83729934692377,-20.781566619873047],[-41.84898376464844,-20.757110595703068],[-41.84902954101557,-20.737348556518555],[-41.83855438232416,-20.739721298217717],[-41.83356475830078,-20.746881484985238],[-41.82600021362305,-20.743446350097656],[-41.824275970458984,-20.737524032592717],[-41.815025329589844,-20.733476638793945],[-41.81066131591797,-20.739866256713867],[-41.80300140380848,-20.74254035949707],[-41.79652023315418,-20.732627868652344],[-41.79640960693354,-20.725982666015625],[-41.79564666748041,-20.72223663330078],[-41.77907943725586,-20.716999053955078],[-41.78004837036133,-20.70770645141596],[-41.7859153747558,-20.704755783081055],[-41.78555679321289,-20.694152832031193],[-41.790470123291016,-20.68799591064453],[-41.793563842773324,-20.679695129394418],[-41.78502655029297,-20.674755096435547],[-41.78070068359375,-20.665313720703125],[-41.77098083496094,-20.65776824951172],[-41.77958297729492,-20.652708053588867],[-41.77753067016596,-20.647663116455078],[-41.766414642333984,-20.648641586303654],[-41.76110839843744,-20.641820907592773],[-41.75291442871088,-20.638412475585938],[-41.7557373046875,-20.63360023498535],[-41.7540550231933,-20.627538681030217],[-41.761077880859375,-20.625120162963867],[-41.769081115722656,-20.62684249877924],[-41.76976776123047,-20.620561599731445],[-41.77288055419922,-20.6199436187743],[-41.77059555053711,-20.614841461181527],[-41.76731109619135,-20.61562538146967],[-41.766876220703125,-20.607791900634766],[-41.77285003662104,-20.6045303344726],[-41.77812957763672,-20.605634689330998],[-41.79059219360346,-20.59503746032709],[-41.794876098632756,-20.59717941284174],[-41.802486419677734,-20.587511062622013],[-41.80148696899414,-20.583736419677678],[-41.78470230102539,-20.559095382690373],[-41.774925231933594,-20.524732589721623],[-41.78268814086903,-20.517715454101562],[-41.78321838378906,-20.50433349609375],[-41.789947509765625,-20.49840164184559],[-41.794639587402344,-20.47963905334467],[-41.799533843994084,-20.477590560913086]]]},"properties":{"id_cidade":3202009,"cidade":"Dores do Rio Preto","id_microrregiao":320411,"id_mesorregiao":3204,"id_estado":32,"id_regiao":3}},{"type":"Feature","geometry":{"type":"Polygon","coordinates":[[[-40.4165420532226,-20.01695442199707],[-40.409339904785156,-20.017662048339844],[-40.38514328002924,-20.01443862915039],[-40.379661560058594,-20.024213790893555],[-40.37718200683594,-20.022476196289062],[-40.37234878540039,-20.026065826416016],[-40.3675651550293,-20.03997802734375],[-40.36099624633789,-20.042533874511662],[-40.356201171875,-20.049291610717773],[-40.34970474243164,-20.047292709350586],[-40.34382629394531,-20.036823272704964],[-40.33386230468744,-20.034749984741154],[-40.326702117919865,-20.029296875],[-40.31874465942383,-20.03008842468256],[-40.30244064331055,-20.025354385375977],[-40.303260803222656,-20.021129608154297],[-40.293540954589844,-20.025449752807617],[-40.290767669677734,-20.0234432220459],[-40.2808952331543,-20.03192710876465],[-40.27777481079096,-20.029224395751953],[-40.27191162109375,-20.030353546142578],[-40.27430725097656,-20.03693389892578],[-40.266273498535156,-20.03514671325678],[-40.264095306396484,-20.03126907348627],[-40.25777816772461,-20.041172027587834],[-40.25376510620117,-20.03248023986805],[-40.24810409545893,-20.037956237792912],[-40.216896057128906,-20.027074813842773],[-40.195381164550724,-20.0362548828125],[-40.190460205078125,-20.045202255249023],[-40.19532775878906,-20.05075454711914],[-40.19470596313471,-20.0560684204101],[-40.192081451416016,-20.05541610717762],[-40.190418243408146,-20.052085876464844],[-40.190139770507756,-20.049863815307617],[-40.189029693603516,-20.048751831054688],[-40.18930435180664,-20.047359466552734],[-40.18791580200195,-20.04569435119629],[-40.18708419799799,-20.043472290039006],[-40.18458175659174,-20.04013824462885],[-40.1823616027832,-20.038473129272404],[-40.18041610717768,-20.03874969482422],[-40.17930603027344,-20.037916183471566],[-40.172637939453125,-20.0362491607666],[-40.17013931274414,-20.038473129272404],[-40.167083740234375,-20.038194656372013],[-40.164306640624886,-20.039306640625],[-40.16013717651367,-20.037361145019474],[-40.15819549560541,-20.035692214965763],[-40.15819549560541,-20.03430557250971],[-40.159584045410156,-20.033470153808537],[-40.159305572509766,-20.03152847290039],[-40.15819549560541,-20.029306411743107],[-40.1573600769043,-20.02597236633295],[-40.159584045410156,-20.023195266723576],[-40.159305572509766,-20.019027709960938],[-40.1584739685058,-20.015972137451172],[-40.15590667724604,-20.012916564941406],[-40.16450881958008,-20.009553909301758],[-40.17112350463867,-20.015892028808594],[-40.18869018554682,-20.013328552246037],[-40.21907043457031,-20.003765106201172],[-40.238807678222656,-20.00972557067871],[-40.25165176391596,-20.001411437988224],[-40.25975036621088,-20.010046005248967],[-40.26613235473627,-20.01015663146967],[-40.266426086425724,-20.004051208496094],[-40.26946258544916,-20.003011703491097],[-40.26834869384754,-19.994834899902287],[-40.27141189575195,-19.99091720581049],[-40.277732849121094,-19.99034118652338],[-40.28073120117182,-19.978044509887695],[-40.30294799804682,-19.97174453735346],[-40.30477905273426,-19.962535858154297],[-40.308765411376896,-19.95957374572754],[-40.309696197509766,-19.95140838623047],[-40.31541442871094,-19.949964523315373],[-40.3126220703125,-19.94347953796381],[-40.321750640869084,-19.943685531616154],[-40.33154296874994,-19.933204650878906],[-40.33069229125971,-19.916088104247933],[-40.33399963378906,-19.904331207275334],[-40.3459739685058,-19.907230377197266],[-40.34941864013672,-19.905506134033203],[-40.35688018798828,-19.912599563598576],[-40.373516082763615,-19.906345367431584],[-40.4134788513183,-19.907190322875977],[-40.42500686645502,-19.907272338867188],[-40.425331115722656,-19.893169403076115],[-40.435279846191406,-19.88383674621582],[-40.442020416259766,-19.859123229980412],[-40.447383880615234,-19.859195709228516],[-40.448120117187386,-19.863590240478516],[-40.45337677001953,-19.865528106689396],[-40.454502105712834,-19.881633758544865],[-40.46773529052729,-19.868144989013672],[-40.478446960449105,-19.868860244750977],[-40.48128128051752,-19.865907669067383],[-40.48249816894531,-19.855499267578068],[-40.48550796508789,-19.85380744934082],[-40.49332427978504,-19.851108551025334],[-40.50495529174793,-19.85403060913086],[-40.504837036132756,-19.880786895751896],[-40.49927520751953,-19.880321502685433],[-40.489692687988224,-19.89223289489746],[-40.47513198852539,-19.905811309814453],[-40.47550964355469,-19.937597274780273],[-40.46809005737305,-19.933906555175724],[-40.452869415283146,-19.93651580810547],[-40.452449798583984,-19.945688247680607],[-40.44893264770508,-19.954914093017578],[-40.451145172119084,-19.971275329589787],[-40.44723129272455,-19.994474411010742],[-40.42551422119129,-20.009923934936523],[-40.417728424072266,-20.01321792602539],[-40.4165420532226,-20.01695442199707]]]},"properties":{"id_cidade":3202207,"cidade":"Fundão","id_microrregiao":320206,"id_mesorregiao":3202,"id_estado":32,"id_regiao":3}},{"type":"Feature","geometry":{"type":"Polygon","coordinates":[[[-41.62823486328125,-20.8623104095459],[-41.62436676025385,-20.858163833618107],[-41.6252555847168,-20.85182571411127],[-41.61817550659174,-20.84392547607422],[-41.62400054931629,-20.82161140441889],[-41.6219863891601,-20.813753128051758],[-41.61511611938471,-20.807292938232308],[-41.61701583862299,-20.802011489868164],[-41.626129150390625,-20.802604675292912],[-41.62339019775385,-20.791652679443246],[-41.62939834594721,-20.782997131347656],[-41.63073348999018,-20.776922225952035],[-41.61825180053705,-20.7633762359618],[-41.61835098266596,-20.753807067871094],[-41.61026763916004,-20.75046157836914],[-41.61170196533203,-20.746318817138615],[-41.60430908203125,-20.729187011718636],[-41.595569610595646,-20.727874755859375],[-41.5962028503418,-20.719997406005803],[-41.59955215454096,-20.71216773986805],[-41.603862762451115,-20.707241058349553],[-41.61258316040039,-20.704631805419922],[-41.60906982421875,-20.68726158142084],[-41.599658966064396,-20.68393325805664],[-41.59568786621094,-20.678651809692383],[-41.601619720458984,-20.673263549804688],[-41.6003532409668,-20.66489410400385],[-41.603115081786996,-20.65642166137684],[-41.620426177978516,-20.646303176879883],[-41.634910583496094,-20.653356552124023],[-41.64286804199213,-20.655214309692326],[-41.64516448974604,-20.65253448486328],[-41.640533447265625,-20.640666961669865],[-41.64766311645508,-20.63849449157715],[-41.6519889831543,-20.642595291137695],[-41.6593132019043,-20.637702941894474],[-41.66654586791992,-20.648853302001896],[-41.66141891479492,-20.654554367065373],[-41.65605545043945,-20.65026092529297],[-41.6528968811034,-20.651611328125],[-41.6603164672851,-20.663892745971623],[-41.6711692810058,-20.668874740600586],[-41.683990478515625,-20.665019989013672],[-41.683975219726506,-20.669668197631836],[-41.69248580932617,-20.66903877258295],[-41.69830322265625,-20.664777755737305],[-41.707576751708984,-20.67172813415516],[-41.714099884033146,-20.65900230407715],[-41.72929000854492,-20.658258438110295],[-41.730072021484375,-20.648986816406136],[-41.738685607910156,-20.639650344848576],[-41.75291442871088,-20.638412475585938],[-41.76110839843744,-20.641820907592773],[-41.766414642333984,-20.648641586303654],[-41.77753067016596,-20.647663116455078],[-41.77958297729492,-20.652708053588867],[-41.77098083496094,-20.65776824951172],[-41.78070068359375,-20.665313720703125],[-41.78502655029297,-20.674755096435547],[-41.793563842773324,-20.679695129394418],[-41.790470123291016,-20.68799591064453],[-41.78555679321289,-20.694152832031193],[-41.7859153747558,-20.704755783081055],[-41.78004837036133,-20.70770645141596],[-41.77907943725586,-20.716999053955078],[-41.79564666748041,-20.72223663330078],[-41.79640960693354,-20.725982666015625],[-41.79652023315418,-20.732627868652344],[-41.80300140380848,-20.74254035949707],[-41.81066131591797,-20.739866256713867],[-41.815025329589844,-20.733476638793945],[-41.824275970458984,-20.737524032592717],[-41.82600021362305,-20.743446350097656],[-41.83356475830078,-20.746881484985238],[-41.83855438232416,-20.739721298217717],[-41.84902954101557,-20.737348556518555],[-41.84898376464844,-20.757110595703068],[-41.83729934692377,-20.781566619873047],[-41.825531005859375,-20.78858566284174],[-41.82846832275379,-20.796602249145508],[-41.816814422607365,-20.8009357452392],[-41.80700302124018,-20.797639846801758],[-41.813804626464844,-20.805265426635742],[-41.801143646240234,-20.805572509765568],[-41.79442214965809,-20.7989559173584],[-41.775760650634766,-20.799884796142578],[-41.76747131347656,-20.801990509033203],[-41.76387405395502,-20.807069778442383],[-41.75562286376953,-20.807535171508675],[-41.75034332275385,-20.818077087402344],[-41.747112274169865,-20.814285278320312],[-41.74086380004883,-20.81828880310053],[-41.74293518066406,-20.825632095336857],[-41.73924255371094,-20.827816009521484],[-41.741024017333984,-20.83012962341303],[-41.737342834472656,-20.836591720580998],[-41.745540618896484,-20.853311538696175],[-41.74014282226557,-20.86609077453602],[-41.74180603027344,-20.872812271118164],[-41.7291641235351,-20.870058059692326],[-41.72706222534174,-20.864843368530217],[-41.71235275268555,-20.871564865112305],[-41.71894454956055,-20.875509262084904],[-41.7270774841308,-20.892841339111214],[-41.72529983520508,-20.897247314453125],[-41.71965408325184,-20.89720344543457],[-41.7230873107909,-20.922794342041016],[-41.735771179199105,-20.92721176147461],[-41.73695373535156,-20.929737091064396],[-41.733764648437386,-20.943769454956055],[-41.72996139526367,-20.940525054931527],[-41.723514556884766,-20.942712783813477],[-41.72298431396479,-20.935182571411133],[-41.71564483642567,-20.929855346679688],[-41.7133903503418,-20.931684494018498],[-41.70500946044922,-20.92171287536621],[-41.70082473754883,-20.9243488311767],[-41.696678161621094,-20.92078971862793],[-41.69243621826166,-20.92233467102045],[-41.69146728515625,-20.92893791198719],[-41.68808364868153,-20.930290222167912],[-41.68278121948242,-20.910232543945312],[-41.673873901367074,-20.901754379272347],[-41.669178009033146,-20.88969612121582],[-41.663108825683594,-20.888597488403207],[-41.659744262695256,-20.895378112792912],[-41.65268707275385,-20.892141342163086],[-41.650100708007756,-20.877321243286076],[-41.64484405517578,-20.87018394470209],[-41.64483642578125,-20.852573394775334],[-41.63795471191406,-20.850814819335938],[-41.63863754272461,-20.844926834106445],[-41.63239669799805,-20.849914550781193],[-41.62823486328125,-20.8623104095459]]]},"properties":{"id_cidade":3202306,"cidade":"Guaçuí","id_microrregiao":320411,"id_mesorregiao":3204,"id_estado":32,"id_regiao":3}},{"type":"Feature","geometry":{"type":"MultiPolygon","coordinates":[[[[-40.56764602661133,-20.760974884033203],[-40.56236267089838,-20.755416870117074],[-40.561805725097656,-20.75374984741211],[-40.56041717529297,-20.752639770507756],[-40.55958175659174,-20.74958419799799],[-40.5537490844726,-20.743471145629883],[-40.55014038085932,-20.741806030273438],[-40.54735946655268,-20.73930549621582],[-40.54458236694336,-20.73930549621582],[-40.543472290039006,-20.738750457763672],[-40.53847122192383,-20.738750457763672],[-40.536251068115234,-20.739860534667912],[-40.537918090820256,-20.743471145629883],[-40.537082672119084,-20.745416641235295],[-40.53402709960932,-20.74208259582514],[-40.53263854980469,-20.741806030273438],[-40.533473968505746,-20.73958396911621],[-40.53263854980469,-20.737638473510742],[-40.53125,-20.736249923706055],[-40.53069305419916,-20.734582901000977],[-40.52930450439453,-20.733192443847543],[-40.52819442749018,-20.736249923706055],[-40.52541732788086,-20.734582901000977],[-40.526248931884766,-20.733192443847543],[-40.528472900390625,-20.73263931274414],[-40.52791595458979,-20.730138778686523],[-40.526527404785156,-20.72875022888178],[-40.524307250976506,-20.72902870178217],[-40.524307250976506,-20.730417251586914],[-40.521804809570256,-20.730693817138615],[-40.520416259765625,-20.729583740234375],[-40.520416259765625,-20.72791671752924],[-40.52291488647461,-20.72847175598133],[-40.52486038208002,-20.72624969482422],[-40.52347183227539,-20.720972061157227],[-40.520416259765625,-20.71708106994629],[-40.519859313964844,-20.71430587768549],[-40.517917633056584,-20.71180534362793],[-40.51486206054682,-20.706249237060547],[-40.51486206054682,-20.70319366455078],[-40.5140266418457,-20.700971603393498],[-40.5140266418457,-20.69819450378418],[-40.51069259643555,-20.691804885864258],[-40.50902938842768,-20.689582824706974],[-40.50902938842768,-20.688472747802734],[-40.507362365722656,-20.685138702392578],[-40.50541687011713,-20.683195114135742],[-40.50374984741211,-20.68236160278309],[-40.50319290161133,-20.6804141998291],[-40.501529693603516,-20.6804141998291],[-40.501525878906136,-20.67652702331543],[-40.4993057250976,-20.675138473510685],[-40.49791717529297,-20.675138473510685],[-40.496250152587834,-20.67680549621582],[-40.495140075683594,-20.674583435058594],[-40.49680709838867,-20.674583435058594],[-40.49597167968744,-20.67236137390131],[-40.49430465698242,-20.67208290100092],[-40.49152755737305,-20.669307708740234],[-40.492084503173714,-20.66791534423828],[-40.493751525878906,-20.66680335998535],[-40.49263763427729,-20.664861679077035],[-40.496250152587834,-20.665138244628906],[-40.496528625488224,-20.666250228881836],[-40.4993057250976,-20.668472290039062],[-40.4993057250976,-20.669307708740234],[-40.502082824706974,-20.670417785644474],[-40.50763702392578,-20.670417785644474],[-40.51152801513666,-20.669307708740234],[-40.512638092041016,-20.668195724487248],[-40.51514053344721,-20.668195724487248],[-40.51569366455078,-20.666528701782227],[-40.51736068725586,-20.664581298828125],[-40.51930618286133,-20.664581298828125],[-40.52125167846674,-20.66597175598139],[-40.52569580078125,-20.666250228881836],[-40.52791595458979,-20.667638778686523],[-40.527637481689396,-20.673749923706055],[-40.52791595458979,-20.67652702331543],[-40.527084350585824,-20.679027557372933],[-40.52791595458979,-20.680696487426644],[-40.53097152709955,-20.68375015258789],[-40.53097152709955,-20.685693740844727],[-40.52902603149414,-20.68652725219721],[-40.52347183227539,-20.68652725219721],[-40.521526336669865,-20.685693740844727],[-40.5184707641601,-20.685417175292855],[-40.51597213745117,-20.686250686645508],[-40.5184707641601,-20.689027786254883],[-40.521526336669865,-20.69097137451172],[-40.52458190917963,-20.690139770507812],[-40.528472900390625,-20.687915802001953],[-40.536251068115234,-20.686250686645508],[-40.53680419921869,-20.685138702392578],[-40.53097152709955,-20.682083129882812],[-40.52958297729492,-20.679861068725586],[-40.528751373291016,-20.67736053466797],[-40.52902603149414,-20.671529769897404],[-40.52958297729492,-20.668472290039062],[-40.528472900390625,-20.666528701782227],[-40.52680587768555,-20.665138244628906],[-40.52125167846674,-20.664028167724553],[-40.5206947326659,-20.66319465637207],[-40.51680374145508,-20.66319465637207],[-40.51458358764643,-20.664304733276367],[-40.51347351074219,-20.666528701782227],[-40.51208496093744,-20.667638778686523],[-40.50763702392578,-20.668750762939453],[-40.50347137451172,-20.669025421142578],[-40.50041580200195,-20.665693283080998],[-40.49902725219721,-20.665693283080998],[-40.4970817565918,-20.66319465637207],[-40.49458312988281,-20.66291618347168],[-40.495140075683594,-20.659584045410156],[-40.493751525878906,-20.659584045410156],[-40.49263763427729,-20.65791893005371],[-40.481529235839844,-20.65263938903803],[-40.47930526733387,-20.65319633483881],[-40.476249694824105,-20.65319633483881],[-40.47402954101557,-20.654584884643555],[-40.47541809082031,-20.65708351135254],[-40.47513961791992,-20.660417556762695],[-40.47347259521479,-20.660139083862305],[-40.46986007690418,-20.660694122314396],[-40.46930694580078,-20.66347122192377],[-40.467639923095646,-20.662639617919922],[-40.46875,-20.660139083862305],[-40.466804504394474,-20.658193588256836],[-40.467639923095646,-20.65736198425293],[-40.467082977294865,-20.655696868896484],[-40.465694427490234,-20.654584884643555],[-40.46513748168945,-20.65236091613764],[-40.46652603149403,-20.65236091613764],[-40.47013854980463,-20.654027938842773],[-40.47236251831055,-20.65319633483881],[-40.47236251831055,-20.650693893432617],[-40.46986007690418,-20.649305343627873],[-40.46986007690418,-20.648195266723633],[-40.46791839599604,-20.646249771118107],[-40.467082977294865,-20.647083282470703],[-40.46486282348633,-20.646528244018498],[-40.465415954589844,-20.643472671508732],[-40.466804504394474,-20.64430618286127],[-40.46875,-20.6420841217041],[-40.46986007690418,-20.641807556152287],[-40.46986007690418,-20.63958549499506],[-40.46902847290039,-20.63680648803711],[-40.469581604003906,-20.634027481079045],[-40.465694427490234,-20.631250381469727],[-40.46486282348633,-20.629861831664925],[-40.466251373291016,-20.62680435180664],[-40.4640274047851,-20.625415802001896],[-40.46319580078125,-20.62375068664545],[-40.460140228271484,-20.623193740844727],[-40.4548606872558,-20.623470306396484],[-40.45180511474604,-20.624305725097656],[-40.449859619140625,-20.625415802001896],[-40.44708251953125,-20.62819671630848],[-40.445137023925724,-20.63097190856928],[-40.446250915527344,-20.63264083862299],[-40.44874954223627,-20.633750915527344],[-40.450416564941406,-20.63541603088379],[-40.450416564941406,-20.637081146240234],[-40.44819259643549,-20.63680648803711],[-40.44569396972656,-20.637638092040902],[-40.44152832031244,-20.634027481079045],[-40.43986129760742,-20.635139465331974],[-40.43763732910156,-20.634305953979492],[-40.434860229492074,-20.635971069335938],[-40.43541717529291,-20.639860153198185],[-40.43319320678711,-20.641250610351506],[-40.431251525878906,-20.639860153198185],[-40.430694580078125,-20.637081146240234],[-40.42847061157215,-20.635139465331974],[-40.426528930664006,-20.635139465331974],[-40.425971984863224,-20.629861831664925],[-40.42291641235346,-20.62569236755371],[-40.42291641235346,-20.624582290649357],[-40.42041778564453,-20.620416641235295],[-40.41847229003906,-20.618194580078125],[-40.41847229003906,-20.61680793762207],[-40.41680526733393,-20.61652755737299],[-40.415695190429574,-20.614303588867188],[-40.41402816772461,-20.612638473510742],[-40.412918090820256,-20.610416412353516],[-40.40930557250965,-20.605693817138672],[-40.406806945800724,-20.60319519042963],[-40.406528472900334,-20.6020832061767],[-40.40430450439453,-20.59930419921875],[-40.40375137329096,-20.59430503845215],[-40.40375137329096,-20.58819580078125],[-40.40347290039057,-20.584863662719727],[-40.40180587768555,-20.58097267150879],[-40.40180587768555,-20.578750610351562],[-40.4004173278808,-20.57652854919428],[-40.399860382079964,-20.572914123535156],[-40.396804809570256,-20.56624984741211],[-40.395416259765625,-20.564861297607365],[-40.395416259765625,-20.563194274902344],[-40.390972137451115,-20.555971145629883],[-40.389583587646484,-20.552917480468693],[-40.38847351074219,-20.55208396911621],[-40.387084960937386,-20.549028396606445],[-40.38541793823242,-20.547637939453125],[-40.38402938842762,-20.54513931274414],[-40.38291549682617,-20.544305801391545],[-40.38152694702143,-20.54152870178217],[-40.37930679321289,-20.539304733276367],[-40.377918243408146,-20.537082672119084],[-40.375972747802734,-20.532915115356445],[-40.37208175659174,-20.528884887695256],[-40.379295349121094,-20.525888442993107],[-40.38017272949219,-20.51912879943842],[-40.48451995849604,-20.505813598632756],[-40.53804779052723,-20.47296714782709],[-40.57492065429682,-20.479825973510685],[-40.58382034301752,-20.47642707824707],[-40.59151458740229,-20.483280181884766],[-40.59962081909174,-20.48247146606434],[-40.60500717163086,-20.48746109008789],[-40.62617492675781,-20.468263626098633],[-40.633895874023324,-20.47183799743641],[-40.63504028320301,-20.468002319335938],[-40.64461135864258,-20.4671173095702],[-40.6508903503418,-20.45886039733881],[-40.65828704833979,-20.460586547851562],[-40.65897369384754,-20.465850830078068],[-40.66414260864258,-20.46292114257801],[-40.66944503784174,-20.466726303100586],[-40.675727844238224,-20.465799331664982],[-40.68009567260742,-20.474441528320256],[-40.6740837097168,-20.480331420898438],[-40.678375244140625,-20.482120513916016],[-40.67732620239258,-20.485019683837834],[-40.67757415771473,-20.48929405212391],[-40.682819366454964,-20.487934112548828],[-40.685199737548714,-20.5000705718993],[-40.69148635864252,-20.49899482727045],[-40.69540786743153,-20.504945755004883],[-40.69279098510742,-20.51195335388178],[-40.695972442626896,-20.52083969116211],[-40.69160079956055,-20.52493667602539],[-40.701492309570256,-20.525728225708008],[-40.70280456542969,-20.536724090576115],[-40.67302703857422,-20.54485893249506],[-40.670833587646484,-20.55168342590332],[-40.673259735107365,-20.557752609252873],[-40.67619323730469,-20.5545597076416],[-40.68135452270502,-20.556995391845703],[-40.684707641601506,-20.566665649414006],[-40.68186569213856,-20.578968048095646],[-40.67269515991205,-20.574007034301758],[-40.677310943603516,-20.56661605834961],[-40.64962387084955,-20.54816246032715],[-40.63982391357422,-20.547243118286076],[-40.637725830078125,-20.553491592407227],[-40.64308166503906,-20.55926322937006],[-40.644798278808594,-20.585342407226506],[-40.64588546752924,-20.59040451049799],[-40.64793395996094,-20.628223419189453],[-40.636150360107365,-20.65131378173828],[-40.585025787353516,-20.742036819458008],[-40.58100891113281,-20.745649337768555],[-40.576957702636605,-20.747543334960938],[-40.57411575317383,-20.74976730346674],[-40.57206726074213,-20.751968383789006],[-40.573032379150334,-20.7538166046142],[-40.57195281982422,-20.75569915771473],[-40.56764602661133,-20.760974884033203]]],[[[-40.38263702392578,-20.610694885253906],[-40.38347244262695,-20.610971450805607],[-40.38291549682617,-20.613750457763672],[-40.383750915527344,-20.61486053466797],[-40.38097381591791,-20.615695953369084],[-40.379581451416016,-20.613473892211914],[-40.38097381591791,-20.613193511962834],[-40.38124847412104,-20.611249923705998],[-40.38263702392578,-20.610694885253906]]],[[[-40.374027252197266,-20.60763931274414],[-40.37652587890625,-20.610137939453068],[-40.37458419799799,-20.612638473510742],[-40.37291717529297,-20.612916946411133],[-40.37263870239258,-20.609306335449162],[-40.374027252197266,-20.60763931274414]]],[[[-40.390415191650334,-20.59680557250971],[-40.391529083251896,-20.59680557250971],[-40.39291763305664,-20.598749160766545],[-40.390693664550724,-20.598749160766545],[-40.390415191650334,-20.59680557250971]]]]},"properties":{"id_cidade":3202405,"cidade":"Guarapari","id_microrregiao":320310,"id_mesorregiao":3203,"id_estado":32,"id_regiao":3}},{"type":"Feature","geometry":{"type":"Polygon","coordinates":[[[-40.65679168701172,-18.94667816162098],[-40.668308258056584,-18.94820404052723],[-40.673938751220646,-18.94502639770502],[-40.67290496826172,-18.93760681152338],[-40.67734146118164,-18.934175491333008],[-40.69910049438471,-18.930870056152344],[-40.70217895507801,-18.94170570373535],[-40.71149826049799,-18.940727233886662],[-40.71962738037098,-18.934284210205078],[-40.73326492309559,-18.93811607360834],[-40.73929214477539,-18.93616867065424],[-40.7420654296875,-18.91947937011713],[-40.737510681152344,-18.913938522338867],[-40.74108123779291,-18.903974533080998],[-40.739265441894474,-18.89763832092285],[-40.737117767333984,-18.879201889037972],[-40.72587585449219,-18.88074111938471],[-40.72304534912104,-18.875944137573185],[-40.71451950073242,-18.874391555786133],[-40.71235275268549,-18.869611740112305],[-40.71824645996094,-18.857521057128906],[-40.728786468505746,-18.859661102294922],[-40.732906341552734,-18.854431152343693],[-40.738162994384766,-18.85504913330078],[-40.74471664428711,-18.843303680419922],[-40.74959945678711,-18.845539093017578],[-40.75315856933594,-18.84353065490717],[-40.76344680786133,-18.850244522094727],[-40.77657699584961,-18.859010696411133],[-40.791561126708984,-18.858478546142578],[-40.8044548034668,-18.845495223999023],[-40.813133239746094,-18.842050552368164],[-40.82771301269531,-18.850126266479492],[-40.83303451538086,-18.857511520385742],[-40.85640335083008,-18.85901260375971],[-40.86168670654297,-18.862592697143498],[-40.85612106323242,-18.875486373901254],[-40.85859298706055,-18.89573669433588],[-40.8807754516601,-18.893102645873967],[-40.89327239990229,-18.900785446166992],[-40.89767456054682,-18.895885467529297],[-40.89796447753895,-18.90070152282715],[-40.90483856201172,-18.939598083496037],[-40.89098739624018,-18.939916610717717],[-40.85704040527338,-18.940359115600586],[-40.857498168945256,-18.961107254028263],[-40.858436584472656,-19.01914978027338],[-40.85210037231445,-19.022899627685547],[-40.834861755371094,-19.02452659606928],[-40.82855224609375,-19.018482208251896],[-40.814800262451115,-19.018016815185547],[-40.7957878112793,-19.026264190673828],[-40.78962326049799,-19.026374816894474],[-40.78427124023432,-19.021463394164982],[-40.78354263305664,-19.010356903076115],[-40.77982711791992,-19.005098342895508],[-40.77104949951172,-18.995628356933594],[-40.75682830810547,-18.999750137328988],[-40.75116348266596,-19.013242721557617],[-40.74055862426758,-19.023971557617188],[-40.74209213256836,-19.03008270263672],[-40.7313499450683,-19.034933090209904],[-40.72364044189453,-19.053607940673828],[-40.701980590820256,-19.062803268432617],[-40.70036697387684,-19.077026367187443],[-40.703147888183594,-19.079389572143555],[-40.70770263671869,-19.073179244995004],[-40.71254730224604,-19.07682991027832],[-40.716838836669865,-19.083885192871037],[-40.717700958251896,-19.097406387328988],[-40.70942306518543,-19.108861923217773],[-40.684635162353516,-19.10968017578125],[-40.68883514404297,-19.127832412719727],[-40.700717926025334,-19.137811660766545],[-40.68964767456049,-19.138277053833008],[-40.68941116333008,-19.13175392150879],[-40.67954254150385,-19.12521743774414],[-40.68385696411127,-19.104654312133675],[-40.67263412475586,-19.09791946411127],[-40.65944290161127,-19.09989929199213],[-40.65470504760742,-19.091142654418945],[-40.64821243286133,-19.08861541748047],[-40.64405059814453,-19.084732055664006],[-40.63895034790028,-19.086803436279297],[-40.61669158935541,-19.081466674804688],[-40.597679138183594,-19.062784194946175],[-40.581851959228516,-19.065202713012695],[-40.578338623046875,-19.068485260009766],[-40.560386657714844,-19.047273635864258],[-40.555862426757756,-19.04576492309559],[-40.562179565429574,-19.041791915893498],[-40.573310852050724,-19.053144454955998],[-40.583961486816406,-19.04814529418934],[-40.602310180664006,-19.04813575744629],[-40.60934066772461,-19.040483474731445],[-40.61677932739258,-19.040796279907227],[-40.621883392333984,-19.021623611450195],[-40.63200759887695,-19.022411346435547],[-40.635459899902344,-19.028833389282113],[-40.63881301879883,-19.016040802001953],[-40.645977020263615,-19.011199951171875],[-40.63449478149414,-18.987516403198185],[-40.641197204589844,-18.986894607543945],[-40.6415061950683,-18.980981826782227],[-40.65257263183588,-18.983919143676644],[-40.644107818603516,-18.965402603149357],[-40.65679168701172,-18.94667816162098]]]},"properties":{"id_cidade":3200136,"cidade":"Águia Branca","id_microrregiao":320102,"id_mesorregiao":3201,"id_estado":32,"id_regiao":3}},{"type":"Feature","geometry":{"type":"Polygon","coordinates":[[[-41.47578811645502,-20.32719612121582],[-41.44374465942377,-20.29663658142084],[-41.43981933593744,-20.282546997070256],[-41.449100494384766,-20.27504539489746],[-41.431793212890625,-20.25039482116688],[-41.42512130737299,-20.246997833251896],[-41.42280197143555,-20.239559173583928],[-41.41624069213867,-20.239721298217773],[-41.41061019897461,-20.230724334716797],[-41.416458129882756,-20.217321395874023],[-41.41494750976557,-20.208932876586914],[-41.411643981933594,-20.206674575805664],[-41.45155715942377,-20.207277297973576],[-41.66588592529297,-20.20668983459467],[-41.671810150146484,-20.218183517456055],[-41.66834259033192,-20.2287654876709],[-41.675769805908146,-20.242336273193246],[-41.674915313720646,-20.252199172973576],[-41.68192672729492,-20.256553649902344],[-41.68409729003906,-20.26474952697754],[-41.676876068115234,-20.264652252197152],[-41.66676330566406,-20.25877952575678],[-41.67789077758789,-20.280292510986214],[-41.674160003661996,-20.285673141479435],[-41.684574127197266,-20.289274215698185],[-41.6862907409668,-20.30005455017084],[-41.68025588989252,-20.301374435424805],[-41.6777610778808,-20.308292388916016],[-41.681289672851506,-20.32015991210926],[-41.69108581542969,-20.325742721557617],[-41.6872673034668,-20.328655242919922],[-41.687232971191406,-20.33760452270502],[-41.68021774291992,-20.322517395019474],[-41.659286499023324,-20.31534194946289],[-41.63751602172846,-20.293842315673828],[-41.629066467285156,-20.289810180664006],[-41.621196746826115,-20.271480560302734],[-41.616657257079964,-20.268186569213867],[-41.60786819458002,-20.270305633544922],[-41.59758377075184,-20.264896392822266],[-41.59470367431635,-20.267673492431584],[-41.570640563964844,-20.264606475830078],[-41.563575744628906,-20.275558471679688],[-41.55381011962879,-20.299041748046875],[-41.538921356201115,-20.29064178466797],[-41.53754806518555,-20.286550521850586],[-41.528789520263615,-20.287767410278263],[-41.52301788330078,-20.294830322265625],[-41.51408386230469,-20.283998489379883],[-41.503746032714844,-20.278167724609318],[-41.49655151367182,-20.279537200927734],[-41.49078369140625,-20.28990364074707],[-41.489913940429574,-20.30164718627924],[-41.478694915771484,-20.314704895019474],[-41.48268127441406,-20.323173522949162],[-41.47578811645502,-20.32719612121582]]]},"properties":{"id_cidade":3202454,"cidade":"Ibatiba","id_microrregiao":320411,"id_mesorregiao":3204,"id_estado":32,"id_regiao":3}},{"type":"Feature","geometry":{"type":"Polygon","coordinates":[[[-40.3459739685058,-19.907230377197266],[-40.34662246704096,-19.852401733398438],[-40.3472061157226,-19.80246734619135],[-40.347671508789006,-19.7796173095702],[-40.359439849853516,-19.776193618774357],[-40.36115264892578,-19.768327713012695],[-40.363563537597656,-19.76967430114746],[-40.36276245117176,-19.764295578002873],[-40.372432708740234,-19.764806747436523],[-40.36991500854481,-19.769420623779297],[-40.37024688720703,-19.786550521850586],[-40.37882995605469,-19.78499794006342],[-40.38867187499994,-19.787996292114258],[-40.40639877319336,-19.782791137695312],[-40.41186904907221,-19.785463333129826],[-40.41595077514643,-19.793214797973633],[-40.42953872680664,-19.795370101928654],[-40.431201934814396,-19.78690910339344],[-40.43934249877918,-19.785697937011662],[-40.44775390625,-19.76360893249506],[-40.45364761352528,-19.745664596557617],[-40.476497650146484,-19.773944854736328],[-40.486209869384766,-19.777364730834904],[-40.485767364501896,-19.78871345520014],[-40.49093246459955,-19.7962703704834],[-40.50400543212879,-19.802059173583984],[-40.51353454589838,-19.826601028442383],[-40.5124778747558,-19.83840560913086],[-40.50495529174793,-19.85403060913086],[-40.49332427978504,-19.851108551025334],[-40.48550796508789,-19.85380744934082],[-40.48249816894531,-19.855499267578068],[-40.48128128051752,-19.865907669067383],[-40.478446960449105,-19.868860244750977],[-40.46773529052729,-19.868144989013672],[-40.454502105712834,-19.881633758544865],[-40.45337677001953,-19.865528106689396],[-40.448120117187386,-19.863590240478516],[-40.447383880615234,-19.859195709228516],[-40.442020416259766,-19.859123229980412],[-40.435279846191406,-19.88383674621582],[-40.425331115722656,-19.893169403076115],[-40.42500686645502,-19.907272338867188],[-40.4134788513183,-19.907190322875977],[-40.373516082763615,-19.906345367431584],[-40.35688018798828,-19.912599563598576],[-40.34941864013672,-19.905506134033203],[-40.3459739685058,-19.907230377197266]]]},"properties":{"id_cidade":3202504,"cidade":"Ibiraçu","id_microrregiao":320206,"id_mesorregiao":3202,"id_estado":32,"id_regiao":3}},{"type":"Feature","geometry":{"type":"Polygon","coordinates":[[[-41.59688568115229,-20.504043579101562],[-41.59846496582031,-20.500295639038086],[-41.59245300292969,-20.484962463378906],[-41.59936141967768,-20.476686477661076],[-41.6043701171875,-20.479356765747013],[-41.6157989501952,-20.47493362426752],[-41.62028884887695,-20.469404220581055],[-41.61946487426758,-20.464490890502873],[-41.63241195678711,-20.46014976501465],[-41.62238693237305,-20.449546813964787],[-41.62221908569336,-20.444011688232365],[-41.641746520996094,-20.437349319458008],[-41.64210891723627,-20.42623519897461],[-41.6319122314452,-20.41175079345703],[-41.633636474609375,-20.40539932250971],[-41.63638305664057,-20.402429580688477],[-41.6415901184082,-20.40765380859375],[-41.64674758911133,-20.40536880493164],[-41.651878356933594,-20.395568847656193],[-41.64925003051752,-20.388044357299805],[-41.6572380065918,-20.381101608276367],[-41.6615753173827,-20.382593154907227],[-41.658802032470646,-20.3897647857666],[-41.66286087036133,-20.396116256713754],[-41.67293167114258,-20.397363662719727],[-41.67449951171875,-20.414693832397404],[-41.67827606201172,-20.415536880493107],[-41.67943572998047,-20.42254066467285],[-41.68362808227539,-20.42429351806635],[-41.69018173217762,-20.416355133056584],[-41.70428085327143,-20.413541793823185],[-41.716522216796875,-20.398532867431584],[-41.72975921630848,-20.39016342163086],[-41.73318481445307,-20.38675308227539],[-41.739475250244084,-20.381805419921875],[-41.7505989074707,-20.381910324096566],[-41.767898559570256,-20.373779296875],[-41.79151916503906,-20.374343872070312],[-41.79341506958008,-20.378326416015568],[-41.7888565063476,-20.384782791137695],[-41.79294204711914,-20.391706466674748],[-41.79137420654297,-20.39618682861328],[-41.80395889282215,-20.416648864746037],[-41.80332565307617,-20.42238426208496],[-41.80346298217768,-20.42965126037592],[-41.79818344116211,-20.43501472473139],[-41.80276107788086,-20.442878723144474],[-41.799533843994084,-20.477590560913086],[-41.794639587402344,-20.47963905334467],[-41.789947509765625,-20.49840164184559],[-41.78321838378906,-20.50433349609375],[-41.75116729736328,-20.50299644470209],[-41.74284362792969,-20.51047515869135],[-41.73835372924805,-20.51756668090809],[-41.7242546081543,-20.513877868652344],[-41.71411132812494,-20.518714904785043],[-41.71510696411133,-20.52214431762684],[-41.71374130249012,-20.527954101562443],[-41.69417953491205,-20.529861450195256],[-41.69070053100586,-20.543403625488224],[-41.67604446411127,-20.55498504638672],[-41.66907882690424,-20.56903457641596],[-41.669342041015625,-20.577924728393555],[-41.6629905700683,-20.58797836303711],[-41.66740798950195,-20.59224510192871],[-41.66912078857422,-20.609058380126953],[-41.65959930419922,-20.610626220703068],[-41.66259002685541,-20.63097381591797],[-41.6593132019043,-20.637702941894474],[-41.6519889831543,-20.642595291137695],[-41.64766311645508,-20.63849449157715],[-41.640533447265625,-20.640666961669865],[-41.64516448974604,-20.65253448486328],[-41.64286804199213,-20.655214309692326],[-41.634910583496094,-20.653356552124023],[-41.620426177978516,-20.646303176879883],[-41.603115081786996,-20.65642166137684],[-41.6003532409668,-20.66489410400385],[-41.597671508789006,-20.66312026977539],[-41.600955963134766,-20.652992248535043],[-41.61056900024414,-20.646308898925724],[-41.611846923828125,-20.63778305053711],[-41.61134338378906,-20.632728576660156],[-41.60374450683588,-20.631559371948185],[-41.60774993896479,-20.62359046936035],[-41.61473846435541,-20.62030792236328],[-41.61832046508789,-20.62581443786621],[-41.62602615356445,-20.621835708618107],[-41.62459182739258,-20.616422653198242],[-41.62014389038086,-20.61635208129877],[-41.624481201171875,-20.6086483001709],[-41.6188850402832,-20.6007022857666],[-41.6306533813476,-20.597473144531193],[-41.63817596435541,-20.588779449462834],[-41.63436508178705,-20.58065414428711],[-41.64059829711914,-20.573991775512695],[-41.63365936279297,-20.564159393310547],[-41.62257003784168,-20.56642341613764],[-41.61586380004877,-20.563461303710938],[-41.608631134033146,-20.55627822875971],[-41.60752868652344,-20.54884910583496],[-41.60186004638666,-20.546112060546875],[-41.601829528808594,-20.538562774658203],[-41.60548782348627,-20.535049438476562],[-41.602195739746094,-20.53030776977539],[-41.60425567626942,-20.51955223083496],[-41.59688568115229,-20.504043579101562]]]},"properties":{"id_cidade":3202553,"cidade":"Ibitirama","id_microrregiao":320411,"id_mesorregiao":3204,"id_estado":32,"id_regiao":3}},{"type":"Feature","geometry":{"type":"Polygon","coordinates":[[[-40.769901275634766,-20.788436889648438],[-40.775501251220646,-20.773363113403263],[-40.77120590209955,-20.76946067810053],[-40.77416610717768,-20.764400482177734],[-40.78022384643555,-20.763841629028263],[-40.77624893188471,-20.75716781616211],[-40.78401565551758,-20.748950958251953],[-40.80480194091797,-20.75575828552246],[-40.810684204101506,-20.750036239624023],[-40.80721664428711,-20.741851806640568],[-40.80745697021479,-20.736862182617188],[-40.7948760986327,-20.72503471374506],[-40.79299545288086,-20.71574592590332],[-40.79687881469715,-20.71313858032221],[-40.80603790283203,-20.716880798339787],[-40.827854156494084,-20.691068649291935],[-40.83372116088867,-20.691904067993164],[-40.83906936645508,-20.68805313110346],[-40.85706329345703,-20.68589973449707],[-40.881126403808594,-20.67163848876953],[-40.89659118652344,-20.67763900756836],[-40.906990051269474,-20.68762016296381],[-40.915428161621094,-20.69426918029785],[-40.91894912719715,-20.709611892700195],[-40.92528533935547,-20.71419334411621],[-40.92733764648426,-20.724977493286133],[-40.93242263793945,-20.729768753051758],[-40.92268371582031,-20.747894287109375],[-40.92738723754883,-20.745681762695256],[-40.93157958984375,-20.7475528717041],[-40.93191909790028,-20.753896713256836],[-40.94473648071289,-20.765674591064453],[-40.9474983215332,-20.77230453491211],[-40.938781738281136,-20.77773284912098],[-40.93537139892578,-20.776500701904297],[-40.92340087890619,-20.78740501403803],[-40.906959533691406,-20.806846618652344],[-40.896430969238224,-20.81205177307129],[-40.89682388305653,-20.815816879272404],[-40.888729095458984,-20.818557739257812],[-40.86309051513672,-20.80613708496088],[-40.856422424316406,-20.814897537231445],[-40.852699279785156,-20.81055259704584],[-40.8422966003418,-20.80904579162592],[-40.84079360961914,-20.81407356262207],[-40.83250427246094,-20.80762481689453],[-40.828227996826115,-20.808763504028263],[-40.82820510864258,-20.852678298950195],[-40.769901275634766,-20.788436889648438]]]},"properties":{"id_cidade":3202603,"cidade":"Iconha","id_microrregiao":320310,"id_mesorregiao":3203,"id_estado":32,"id_regiao":3}},{"type":"Feature","geometry":{"type":"Polygon","coordinates":[[[-41.55381011962879,-20.299041748046875],[-41.563575744628906,-20.275558471679688],[-41.570640563964844,-20.264606475830078],[-41.59470367431635,-20.267673492431584],[-41.59758377075184,-20.264896392822266],[-41.60786819458002,-20.270305633544922],[-41.616657257079964,-20.268186569213867],[-41.621196746826115,-20.271480560302734],[-41.629066467285156,-20.289810180664006],[-41.63751602172846,-20.293842315673828],[-41.659286499023324,-20.31534194946289],[-41.68021774291992,-20.322517395019474],[-41.687232971191406,-20.33760452270502],[-41.6872673034668,-20.328655242919922],[-41.69108581542969,-20.325742721557617],[-41.681289672851506,-20.32015991210926],[-41.6777610778808,-20.308292388916016],[-41.68025588989252,-20.301374435424805],[-41.6862907409668,-20.30005455017084],[-41.684574127197266,-20.289274215698185],[-41.674160003661996,-20.285673141479435],[-41.67789077758789,-20.280292510986214],[-41.66676330566406,-20.25877952575678],[-41.676876068115234,-20.264652252197152],[-41.68409729003906,-20.26474952697754],[-41.6981201171875,-20.272153854370117],[-41.69529724121088,-20.279512405395508],[-41.70903778076166,-20.293567657470703],[-41.70409393310541,-20.299972534179688],[-41.71759033203125,-20.30509376525879],[-41.70957565307617,-20.31262969970703],[-41.7186164855957,-20.317779541015625],[-41.715301513671875,-20.320297241210938],[-41.71669769287098,-20.32499122619629],[-41.721214294433594,-20.318851470947266],[-41.72991943359369,-20.322114944457894],[-41.7348175048827,-20.31767463684082],[-41.746490478515625,-20.315174102783146],[-41.75971603393555,-20.32806968688965],[-41.79627227783203,-20.341484069824162],[-41.79601287841791,-20.34909439086914],[-41.787151336669865,-20.353389739990234],[-41.77803039550781,-20.341642379760685],[-41.752902984619084,-20.33137893676752],[-41.7453498840332,-20.321033477783203],[-41.73585128784174,-20.322118759155273],[-41.728759765625,-20.33293342590332],[-41.717689514160156,-20.34062385559082],[-41.71271896362305,-20.35361480712885],[-41.69960403442377,-20.369819641113224],[-41.69836425781244,-20.386468887329045],[-41.68807983398432,-20.38531494140625],[-41.683353424072266,-20.376880645751896],[-41.66932678222656,-20.378915786743107],[-41.66384887695307,-20.37095069885254],[-41.65968322753906,-20.375068664550724],[-41.65354919433588,-20.374006271362305],[-41.642009735107365,-20.396053314208928],[-41.636714935302734,-20.393571853637695],[-41.63129425048828,-20.397340774536076],[-41.627174377441406,-20.411891937255803],[-41.61309432983393,-20.41502380371088],[-41.61128997802729,-20.40304183959961],[-41.60478973388672,-20.403360366821232],[-41.60218048095703,-20.40019989013672],[-41.594932556152344,-20.388742446899357],[-41.585727691650334,-20.384653091430607],[-41.59449005126953,-20.364429473876953],[-41.60009002685547,-20.360471725463867],[-41.57441711425781,-20.347026824951115],[-41.56465911865229,-20.347822189331055],[-41.55816650390619,-20.342342376708928],[-41.56133270263666,-20.33908271789545],[-41.55868911743164,-20.33576774597168],[-41.549156188964844,-20.326980590820312],[-41.53922653198242,-20.324466705322266],[-41.53974151611328,-20.3169269561767],[-41.54469680786133,-20.315013885498047],[-41.54784393310547,-20.304592132568303],[-41.55381011962879,-20.299041748046875]]]},"properties":{"id_cidade":3202652,"cidade":"Irupi","id_microrregiao":320411,"id_mesorregiao":3204,"id_estado":32,"id_regiao":3}},{"type":"Feature","geometry":{"type":"Polygon","coordinates":[[[-40.94916152954096,-19.861278533935547],[-40.93578338623047,-19.85690689086914],[-40.91701126098627,-19.843984603881836],[-40.91016769409174,-19.847219467163086],[-40.90266418457031,-19.839708328247013],[-40.89467239379883,-19.841684341430664],[-40.88470458984369,-19.833173751831055],[-40.824764251708984,-19.889303207397404],[-40.81755065917963,-19.885095596313477],[-40.82526016235346,-19.879734039306584],[-40.82756805419916,-19.865291595458984],[-40.812095642089844,-19.8437881469726],[-40.80250549316395,-19.83738708496088],[-40.797080993652344,-19.838047027587834],[-40.7935905456543,-19.83400154113764],[-40.78133773803711,-19.83076667785639],[-40.783294677734375,-19.818525314331055],[-40.77467346191406,-19.81325149536127],[-40.771587371826115,-19.804147720336857],[-40.77674484252924,-19.797031402587834],[-40.77353286743164,-19.787841796875],[-40.77780532836903,-19.781091690063363],[-40.7765274047851,-19.772939682006836],[-40.78132247924799,-19.76060485839838],[-40.773155212402344,-19.739892959594613],[-40.776088714599496,-19.712751388549805],[-40.7717170715332,-19.708124160766545],[-40.77309036254883,-19.697309494018555],[-40.76585388183588,-19.680929183959904],[-40.75969314575195,-19.669515609741097],[-40.75681304931635,-19.652942657470646],[-40.77062988281244,-19.65088653564453],[-40.76846694946289,-19.635696411132756],[-40.78017044067377,-19.634952545166016],[-40.77383804321289,-19.614614486694336],[-40.787212371826115,-19.59569549560547],[-40.78469467163086,-19.586948394775334],[-40.777961730956974,-19.583274841308594],[-40.78279113769531,-19.580059051513672],[-40.7896842956543,-19.580591201782227],[-40.79725265502924,-19.59011840820301],[-40.80401229858393,-19.592092514038086],[-40.80650711059559,-19.59810256958002],[-40.81654739379883,-19.594959259033146],[-40.82574844360346,-19.597715377807617],[-40.8252067565918,-19.605747222900334],[-40.835269927978516,-19.61635971069336],[-40.85250473022461,-19.616197586059513],[-40.854881286621094,-19.610210418701115],[-40.86079788208008,-19.60356140136713],[-40.85202407836914,-19.59749794006342],[-40.85627365112299,-19.58794403076172],[-40.852554321289006,-19.577657699584904],[-40.833438873291016,-19.567916870117188],[-40.844467163085824,-19.567392349243164],[-40.845855712890625,-19.565261840820312],[-40.84108352661133,-19.561027526855412],[-40.8498802185058,-19.558742523193246],[-40.866031646728516,-19.571641921997013],[-40.87627029418945,-19.574190139770508],[-40.88311767578125,-19.59136962890625],[-40.891971588134766,-19.593345642089787],[-40.89862442016596,-19.599115371704045],[-40.91209411621094,-19.599271774291992],[-40.921669006347656,-19.603450775146428],[-40.92141723632807,-19.607318878173828],[-40.92935562133789,-19.611574172973633],[-40.93045043945307,-19.617040634155217],[-40.93847274780268,-19.617513656616154],[-40.928264617919865,-19.63063621520996],[-40.93714523315424,-19.642944335937443],[-40.93175506591797,-19.66939735412592],[-40.925289154052734,-19.6765460968017],[-40.926971435546875,-19.688367843627873],[-40.921173095703125,-19.695304870605412],[-40.9295654296875,-19.695678710937443],[-40.93648910522455,-19.707286834716797],[-40.94348907470703,-19.710481643676758],[-40.94615173339844,-19.728624343872013],[-40.959983825683594,-19.729707717895508],[-40.969146728515625,-19.72530746459961],[-40.974456787109375,-19.727945327758732],[-40.98059844970703,-19.735252380371037],[-40.980640411376896,-19.744546890258732],[-40.98187637329096,-19.75622940063471],[-40.99116134643555,-19.7596435546875],[-40.99318313598633,-19.786104202270508],[-40.996917724609375,-19.790136337280217],[-40.99258804321289,-19.803928375244084],[-40.98686218261719,-19.806003570556584],[-40.97468185424805,-19.79871368408203],[-40.94234085083008,-19.80723571777338],[-40.93833541870117,-19.821239471435547],[-40.96491622924793,-19.831296920776367],[-40.957767486572266,-19.832212448120004],[-40.94901657104492,-19.842536926269474],[-40.95927429199213,-19.85211944580078],[-40.95469665527338,-19.860197067260742],[-40.94916152954096,-19.861278533935547]]]},"properties":{"id_cidade":3202702,"cidade":"Itaguaçu","id_microrregiao":320308,"id_mesorregiao":3203,"id_estado":32,"id_regiao":3}},{"type":"Feature","geometry":{"type":"MultiPolygon","coordinates":[[[[-40.82836151123047,-20.890932083129883],[-40.85134506225586,-20.886461257934513],[-40.86576461791992,-20.893369674682617],[-40.890750885009766,-20.88997650146473],[-40.92559051513666,-20.89157867431635],[-40.94816207885742,-20.8855037689209],[-40.96346664428705,-20.875988006591797],[-40.97999572753906,-20.869396209716797],[-40.99111175537104,-20.869462966918945],[-41.0398712158202,-20.869312286376953],[-41.0517005920409,-20.875957489013558],[-41.05788040161127,-20.892879486083984],[-41.053043365478516,-20.9029541015625],[-41.06467056274403,-20.906625747680664],[-41.071868896484375,-20.91966819763178],[-41.0765762329101,-20.91729736328125],[-41.080265045166016,-20.92101287841797],[-41.080307006835824,-20.932035446166992],[-41.0916748046875,-20.953327178955078],[-41.1052131652832,-20.960853576660156],[-41.11806106567377,-20.962139129638615],[-41.11935043334961,-20.9674129486084],[-41.11089706420893,-20.96991729736328],[-41.112346649169865,-20.975778579711914],[-41.10774612426752,-20.974056243896428],[-41.10284423828125,-20.979335784911996],[-41.10858154296875,-20.9831485748291],[-41.1114387512207,-20.993982315063477],[-41.100524902343636,-21.005910873413086],[-41.10211181640619,-21.01386070251465],[-41.09782409667963,-21.01167106628418],[-41.08806610107422,-21.02003860473627],[-41.06381225585926,-21.02695083618164],[-41.053184509277344,-21.025413513183594],[-41.04367828369135,-21.018655776977482],[-41.03727722167963,-21.03620147705078],[-41.0442008972168,-21.04603767395014],[-41.04088973999018,-21.04528045654297],[-41.033878326416016,-21.05132484436035],[-41.025020599365234,-21.049940109252873],[-41.02505111694336,-21.056562423706055],[-41.01846694946289,-21.06342124938965],[-41.00043487548828,-21.06511497497553],[-40.99359512329096,-21.05706405639637],[-40.987369537353516,-21.059162139892464],[-40.97682571411127,-21.07277488708496],[-40.97201919555664,-21.07721710205078],[-40.95988464355469,-21.07760238647461],[-40.946411132812386,-21.114208221435547],[-40.9339981079101,-21.08250427246088],[-40.93548583984375,-21.07077980041504],[-40.93389129638666,-21.065242767333928],[-40.93932342529291,-21.058940887451115],[-40.92963409423828,-21.047805786132756],[-40.918701171875,-21.0455646514892],[-40.91106033325195,-21.03914833068842],[-40.901912689208984,-21.04901504516596],[-40.89229202270508,-21.054073333740178],[-40.883785247802734,-21.05299568176264],[-40.874725341796875,-21.058401107788086],[-40.84943389892578,-21.045803070068303],[-40.84825134277338,-21.045045852661133],[-40.810646057128906,-20.994991302490234],[-40.8095817565918,-20.994583129882756],[-40.81013870239258,-20.99013710021967],[-40.81097412109369,-20.989585876464844],[-40.81097412109369,-20.982639312744084],[-40.81124877929682,-20.978750228881836],[-40.8106956481933,-20.978471755981445],[-40.8106956481933,-20.974027633666935],[-40.81013870239258,-20.967639923095703],[-40.810417175292855,-20.96652984619135],[-40.80930709838867,-20.96486091613764],[-40.8084716796875,-20.959861755371037],[-40.8084716796875,-20.957361221313477],[-40.807361602783146,-20.95541572570795],[-40.8070831298827,-20.952083587646484],[-40.805694580078125,-20.948749542236328],[-40.805416107177734,-20.946804046630803],[-40.803749084472656,-20.943750381469727],[-40.80319595336914,-20.94041633605957],[-40.80236053466797,-20.939861297607422],[-40.80069351196278,-20.935138702392578],[-40.799861907958984,-20.93430328369135],[-40.79875183105463,-20.930971145629883],[-40.79763793945301,-20.93041610717762],[-40.79597091674805,-20.926805496215763],[-40.794029235839844,-20.924583435058537],[-40.79180526733393,-20.92097282409668],[-40.785415649414006,-20.914583206176758],[-40.78486251831043,-20.912639617919865],[-40.78291702270502,-20.909025192260742],[-40.779304504394474,-20.905693054199162],[-40.77624893188471,-20.90513801574707],[-40.77736282348633,-20.903472900390625],[-40.77708435058594,-20.9001407623291],[-40.77597045898432,-20.898750305175668],[-40.77569580078119,-20.896806716918945],[-40.77347183227539,-20.892915725708008],[-40.77152633666992,-20.891250610351562],[-40.76958465576166,-20.89208221435547],[-40.76763916015625,-20.89208221435547],[-40.765972137451115,-20.890138626098633],[-40.763748168945256,-20.888471603393498],[-40.764583587646484,-20.887083053588867],[-40.762359619140625,-20.88458251953125],[-40.759860992431584,-20.88041687011713],[-40.75847244262695,-20.87958335876465],[-40.759304046630746,-20.877082824706974],[-40.76097106933594,-20.877916336059457],[-40.76180648803711,-20.875972747802734],[-40.76180648803711,-20.87402725219721],[-40.760139465331974,-20.872360229492188],[-40.75958251953119,-20.870695114135742],[-40.75791549682617,-20.86902618408203],[-40.758750915527344,-20.867082595825195],[-40.758750915527344,-20.864860534667912],[-40.75791549682617,-20.86336135864252],[-40.758785247802734,-20.86420059204096],[-40.82836151123047,-20.890932083129883]]],[[[-40.75263977050781,-20.924583435058537],[-40.754859924316406,-20.92541885375971],[-40.75680541992182,-20.927640914916992],[-40.75624847412098,-20.929027557373047],[-40.754306793212834,-20.928749084472656],[-40.75180435180664,-20.927360534667855],[-40.75263977050781,-20.924583435058537]]]]},"properties":{"id_cidade":3202801,"cidade":"Itapemirim","id_microrregiao":320413,"id_mesorregiao":3204,"id_estado":32,"id_regiao":3}},{"type":"Feature","geometry":{"type":"Polygon","coordinates":[[[-40.78525161743164,-19.962610244750977],[-40.78342437744135,-19.953380584716797],[-40.77842330932617,-19.949222564697266],[-40.77561950683594,-19.9425373077392],[-40.774360656738224,-19.93480491638178],[-40.7864990234375,-19.927171707153263],[-40.79550933837885,-19.9113826751709],[-40.816097259521484,-19.908903121948242],[-40.81375122070307,-19.891103744506836],[-40.81755065917963,-19.885095596313477],[-40.824764251708984,-19.889303207397404],[-40.88470458984369,-19.833173751831055],[-40.89467239379883,-19.841684341430664],[-40.90266418457031,-19.839708328247013],[-40.91016769409174,-19.847219467163086],[-40.91701126098627,-19.843984603881836],[-40.93578338623047,-19.85690689086914],[-40.94916152954096,-19.861278533935547],[-40.94113922119135,-19.871967315673828],[-40.933746337890625,-19.874935150146484],[-40.93368911743164,-19.895263671874943],[-40.9246826171875,-19.9011173248291],[-40.943763732910156,-19.902574539184513],[-40.9495735168457,-19.919172286987248],[-40.9469108581543,-19.929519653320256],[-40.944961547851506,-19.933708190917912],[-40.958606719970646,-19.953384399414062],[-40.956699371337834,-19.962133407592773],[-40.96398162841797,-19.973434448242188],[-40.96939849853504,-19.976200103759766],[-40.97006225585926,-19.98993682861328],[-40.969974517822266,-20.02303695678711],[-40.96620178222656,-20.02566909790039],[-40.962921142578125,-20.029272079467773],[-40.966140747070256,-20.02981948852539],[-40.96518707275385,-20.03516769409174],[-40.968379974365234,-20.03787231445301],[-40.967628479003906,-20.0466365814209],[-40.957611083984375,-20.057981491088867],[-40.95652008056629,-20.063053131103516],[-40.960269927978516,-20.06434440612793],[-40.95310974121094,-20.06959915161127],[-40.95574569702143,-20.071523666381836],[-40.94802856445307,-20.074825286865234],[-40.94475173950195,-20.062822341918945],[-40.93614196777344,-20.063331604003793],[-40.92153549194336,-20.055618286132812],[-40.911121368408146,-20.05600357055664],[-40.905002593994084,-20.05024337768549],[-40.90536117553711,-20.046485900878906],[-40.893795013427734,-20.04221534729004],[-40.88839340209955,-20.030046463012695],[-40.880455017089844,-20.03228759765625],[-40.86802291870106,-20.022619247436523],[-40.868938446044865,-20.014101028442383],[-40.862449645996094,-20.003227233886662],[-40.85969924926752,-19.99367332458496],[-40.8490371704101,-19.984203338623047],[-40.83919143676752,-19.980804443359318],[-40.83198928833008,-19.98664474487299],[-40.826560974121094,-19.986778259277344],[-40.81306076049799,-19.979772567749023],[-40.80409622192377,-19.976537704467773],[-40.79617309570307,-19.966508865356445],[-40.78525161743164,-19.962610244750977]]]},"properties":{"id_cidade":3202900,"cidade":"Itarana","id_microrregiao":320308,"id_mesorregiao":3203,"id_estado":32,"id_regiao":3}},{"type":"Feature","geometry":{"type":"Polygon","coordinates":[[[-41.59688568115229,-20.504043579101562],[-41.577880859375,-20.499099731445312],[-41.573944091796875,-20.49405288696289],[-41.57881546020508,-20.47823715209961],[-41.5770645141601,-20.467647552490234],[-41.584133148193246,-20.46553230285639],[-41.58477783203119,-20.461759567260742],[-41.572502136230355,-20.446239471435547],[-41.57798385620117,-20.429182052612248],[-41.56445693969721,-20.427448272704964],[-41.56220626831055,-20.43328666687006],[-41.55074691772455,-20.43323135375971],[-41.54011917114258,-20.431690216064453],[-41.53488540649414,-20.439571380615234],[-41.5225830078125,-20.439235687255803],[-41.5032844543457,-20.432518005371094],[-41.47986221313471,-20.41424942016596],[-41.47445297241205,-20.40686607360834],[-41.47145080566406,-20.392362594604435],[-41.46775054931635,-20.38683319091797],[-41.471160888671875,-20.362670898437443],[-41.46262359619135,-20.348346710205078],[-41.46845626831043,-20.344856262206918],[-41.46473312377918,-20.334854125976562],[-41.474510192871094,-20.331125259399414],[-41.47578811645502,-20.32719612121582],[-41.48268127441406,-20.323173522949162],[-41.478694915771484,-20.314704895019474],[-41.489913940429574,-20.30164718627924],[-41.49078369140625,-20.28990364074707],[-41.49655151367182,-20.279537200927734],[-41.503746032714844,-20.278167724609318],[-41.51408386230469,-20.283998489379883],[-41.52301788330078,-20.294830322265625],[-41.528789520263615,-20.287767410278263],[-41.53754806518555,-20.286550521850586],[-41.538921356201115,-20.29064178466797],[-41.55381011962879,-20.299041748046875],[-41.54784393310547,-20.304592132568303],[-41.54469680786133,-20.315013885498047],[-41.53974151611328,-20.3169269561767],[-41.53922653198242,-20.324466705322266],[-41.549156188964844,-20.326980590820312],[-41.55868911743164,-20.33576774597168],[-41.56133270263666,-20.33908271789545],[-41.55816650390619,-20.342342376708928],[-41.56465911865229,-20.347822189331055],[-41.57441711425781,-20.347026824951115],[-41.60009002685547,-20.360471725463867],[-41.59449005126953,-20.364429473876953],[-41.585727691650334,-20.384653091430607],[-41.594932556152344,-20.388742446899357],[-41.60218048095703,-20.40019989013672],[-41.60478973388672,-20.403360366821232],[-41.61128997802729,-20.40304183959961],[-41.61309432983393,-20.41502380371088],[-41.627174377441406,-20.411891937255803],[-41.63129425048828,-20.397340774536076],[-41.636714935302734,-20.393571853637695],[-41.642009735107365,-20.396053314208928],[-41.65354919433588,-20.374006271362305],[-41.65968322753906,-20.375068664550724],[-41.66384887695307,-20.37095069885254],[-41.66932678222656,-20.378915786743107],[-41.683353424072266,-20.376880645751896],[-41.68807983398432,-20.38531494140625],[-41.69836425781244,-20.386468887329045],[-41.69960403442377,-20.369819641113224],[-41.71271896362305,-20.35361480712885],[-41.717689514160156,-20.34062385559082],[-41.728759765625,-20.33293342590332],[-41.73585128784174,-20.322118759155273],[-41.7453498840332,-20.321033477783203],[-41.752902984619084,-20.33137893676752],[-41.77803039550781,-20.341642379760685],[-41.787151336669865,-20.353389739990234],[-41.79601287841791,-20.34909439086914],[-41.79627227783203,-20.341484069824162],[-41.75971603393555,-20.32806968688965],[-41.746490478515625,-20.315174102783146],[-41.7348175048827,-20.31767463684082],[-41.72991943359369,-20.322114944457894],[-41.721214294433594,-20.318851470947266],[-41.71669769287098,-20.32499122619629],[-41.715301513671875,-20.320297241210938],[-41.7186164855957,-20.317779541015625],[-41.70957565307617,-20.31262969970703],[-41.71759033203125,-20.30509376525879],[-41.70409393310541,-20.299972534179688],[-41.70903778076166,-20.293567657470703],[-41.69529724121088,-20.279512405395508],[-41.6981201171875,-20.272153854370117],[-41.68409729003906,-20.26474952697754],[-41.68192672729492,-20.256553649902344],[-41.674915313720646,-20.252199172973576],[-41.675769805908146,-20.242336273193246],[-41.66834259033192,-20.2287654876709],[-41.671810150146484,-20.218183517456055],[-41.66588592529297,-20.20668983459467],[-41.7567024230957,-20.206859588622933],[-41.75703048706049,-20.21388816833496],[-41.75983428955078,-20.21335220336914],[-41.765724182128906,-20.223903656005803],[-41.76397705078119,-20.2278213500976],[-41.76705551147461,-20.22925186157221],[-41.76969909667963,-20.255090713500977],[-41.775482177734375,-20.260841369628793],[-41.78044891357422,-20.281980514526367],[-41.77696609497059,-20.285577774047795],[-41.78097534179676,-20.292537689208984],[-41.79739761352539,-20.296489715576115],[-41.80303192138672,-20.299198150634766],[-41.806892395019474,-20.307483673095703],[-41.8230247497558,-20.311836242675724],[-41.825607299804574,-20.319869995117074],[-41.8342399597168,-20.325723648071232],[-41.83628082275385,-20.330066680908146],[-41.84180068969721,-20.326549530029183],[-41.84708786010742,-20.32947921752924],[-41.84434509277344,-20.340923309326115],[-41.852592468261605,-20.348150253295785],[-41.85245132446289,-20.356775283813477],[-41.858726501464844,-20.37296485900879],[-41.84868240356434,-20.374744415283203],[-41.84514617919916,-20.38124275207508],[-41.83502197265619,-20.40982437133789],[-41.80332565307617,-20.42238426208496],[-41.80395889282215,-20.416648864746037],[-41.79137420654297,-20.39618682861328],[-41.79294204711914,-20.391706466674748],[-41.7888565063476,-20.384782791137695],[-41.79341506958008,-20.378326416015568],[-41.79151916503906,-20.374343872070312],[-41.767898559570256,-20.373779296875],[-41.7505989074707,-20.381910324096566],[-41.739475250244084,-20.381805419921875],[-41.73318481445307,-20.38675308227539],[-41.72975921630848,-20.39016342163086],[-41.716522216796875,-20.398532867431584],[-41.70428085327143,-20.413541793823185],[-41.69018173217762,-20.416355133056584],[-41.68362808227539,-20.42429351806635],[-41.67943572998047,-20.42254066467285],[-41.67827606201172,-20.415536880493107],[-41.67449951171875,-20.414693832397404],[-41.67293167114258,-20.397363662719727],[-41.66286087036133,-20.396116256713754],[-41.658802032470646,-20.3897647857666],[-41.6615753173827,-20.382593154907227],[-41.6572380065918,-20.381101608276367],[-41.64925003051752,-20.388044357299805],[-41.651878356933594,-20.395568847656193],[-41.64674758911133,-20.40536880493164],[-41.6415901184082,-20.40765380859375],[-41.63638305664057,-20.402429580688477],[-41.633636474609375,-20.40539932250971],[-41.6319122314452,-20.41175079345703],[-41.64210891723627,-20.42623519897461],[-41.641746520996094,-20.437349319458008],[-41.62221908569336,-20.444011688232365],[-41.62238693237305,-20.449546813964787],[-41.63241195678711,-20.46014976501465],[-41.61946487426758,-20.464490890502873],[-41.62028884887695,-20.469404220581055],[-41.6157989501952,-20.47493362426752],[-41.6043701171875,-20.479356765747013],[-41.59936141967768,-20.476686477661076],[-41.59245300292969,-20.484962463378906],[-41.59846496582031,-20.500295639038086],[-41.59688568115229,-20.504043579101562]]]},"properties":{"id_cidade":3203007,"cidade":"Iúna","id_microrregiao":320411,"id_mesorregiao":3204,"id_estado":32,"id_regiao":3}},{"type":"Feature","geometry":{"type":"Polygon","coordinates":[[[-40.00306701660156,-18.995971679687443],[-39.99947357177729,-18.99609184265131],[-39.98231887817377,-19.0076847076416],[-39.971721649169865,-19.023649215698185],[-39.964092254638615,-19.02620315551752],[-39.947265625,-19.04635810852045],[-39.929981231689396,-19.052289962768498],[-39.929344177246094,-19.059703826904297],[-39.9203262329101,-19.060422897338867],[-39.9126243591308,-19.055910110473576],[-39.89984130859369,-19.051277160644474],[-39.8924560546875,-19.0551700592041],[-39.88243103027344,-19.04695320129383],[-39.877048492431584,-19.049472808837834],[-39.880889892578125,-19.063322067260685],[-39.87213134765625,-19.068851470947266],[-39.87056350708002,-19.080190658569336],[-39.87687301635742,-19.086545944213867],[-39.88346862792969,-19.083761215209904],[-39.88508224487305,-19.08938026428217],[-39.88362503051752,-19.09730720520008],[-39.87131500244135,-19.09916114807129],[-39.876472473144474,-19.10407257080078],[-39.87322998046869,-19.111242294311523],[-39.848918914794865,-19.12542724609375],[-39.8419456481933,-19.12042808532715],[-39.83938980102528,-19.129520416259766],[-39.83563613891596,-19.131362915039062],[-39.83580780029297,-19.139680862426758],[-39.82611083984369,-19.13932228088379],[-39.80316925048828,-19.14920997619629],[-39.77713394165039,-19.151090621948185],[-39.77461624145502,-19.160276412963867],[-39.75227355957031,-19.15891838073719],[-39.74192428588856,-19.149612426757756],[-39.835391998291016,-19.029979705810547],[-39.875049591064396,-18.97938156127924],[-39.900676727294865,-18.95958518981928],[-39.919708251953125,-18.932762145996094],[-39.930164337158146,-18.929304122924805],[-39.95450210571289,-18.903871536254826],[-39.965549468994084,-18.882112503051758],[-39.9884414672851,-18.877277374267578],[-40.00929641723627,-18.897577285766545],[-40.00767517089838,-18.81395721435547],[-40.016876220703125,-18.81446456909174],[-40.02706146240229,-18.807655334472656],[-40.051719665527344,-18.810844421386662],[-40.060787200927734,-18.804641723632756],[-40.074520111083984,-18.801437377929688],[-40.08580017089838,-18.803001403808594],[-40.10254669189453,-18.791332244873047],[-40.11800765991211,-18.774654388427734],[-40.149707794189396,-18.811866760253906],[-40.18227005004883,-18.8508625030517],[-40.208721160888615,-18.881952285766545],[-40.205135345458984,-18.898408889770508],[-40.207386016845646,-18.905231475830078],[-40.20310974121088,-18.911098480224553],[-40.1981201171875,-18.911081314086914],[-40.194541931152344,-18.916370391845703],[-40.195247650146484,-18.923135757446232],[-40.19055938720703,-18.92330932617176],[-40.18333435058594,-18.930734634399414],[-40.18489456176752,-18.937671661376953],[-40.178531646728516,-18.94335746765131],[-40.178894042968636,-18.94974136352539],[-40.16910934448242,-18.94971084594721],[-40.15493011474604,-18.956201553344727],[-40.14912796020502,-18.955482482910156],[-40.136447906494084,-18.964654922485238],[-40.12721252441406,-18.964645385742188],[-40.1051788330077,-18.970380783081055],[-40.0841178894043,-18.98153305053711],[-40.0413932800293,-18.98421287536621],[-40.033782958984375,-18.988832473754883],[-40.02345657348633,-18.98837661743164],[-40.01775360107422,-18.99312973022461],[-40.00306701660156,-18.995971679687443]]]},"properties":{"id_cidade":3203056,"cidade":"Jaguaré","id_microrregiao":320205,"id_mesorregiao":3202,"id_estado":32,"id_regiao":3}},{"type":"Feature","geometry":{"type":"Polygon","coordinates":[[[-41.36191558837885,-20.721384048461857],[-41.3707656860351,-20.721044540405273],[-41.37572479248041,-20.730470657348576],[-41.382659912109375,-20.725807189941406],[-41.38444900512695,-20.737028121948185],[-41.399444580078125,-20.734928131103516],[-41.41658020019531,-20.78058242797846],[-41.427505493164006,-20.784107208251896],[-41.429233551025334,-20.79047775268549],[-41.443561553954964,-20.796529769897404],[-41.44538497924805,-20.801761627197152],[-41.453128814697266,-20.805599212646484],[-41.455142974853516,-20.81297492980957],[-41.45094299316406,-20.81905555725092],[-41.45524215698242,-20.82085227966303],[-41.45147323608393,-20.828264236450195],[-41.454002380371094,-20.834197998046875],[-41.45919418334955,-20.83748435974121],[-41.457553863525334,-20.846532821655217],[-41.461196899414006,-20.851299285888672],[-41.458423614501896,-20.856525421142578],[-41.46357345581049,-20.86680793762207],[-41.45695495605469,-20.871202468872013],[-41.459575653076115,-20.881013870239258],[-41.452976226806584,-20.89185714721674],[-41.455547332763615,-20.893657684326172],[-41.445499420166016,-20.909683227539006],[-41.435020446777344,-20.90792465209961],[-41.429298400878906,-20.902589797973576],[-41.42351531982416,-20.878866195678597],[-41.425537109374886,-20.872772216796875],[-41.423160552978516,-20.867874145507812],[-41.41603469848633,-20.865833282470646],[-41.4199333190918,-20.86162757873535],[-41.41608047485346,-20.854047775268498],[-41.414974212646484,-20.852701187133732],[-41.40047073364258,-20.856386184692383],[-41.37110900878906,-20.874023437499943],[-41.34009170532215,-20.874387741088754],[-41.3376579284668,-20.863510131835938],[-41.334262847900334,-20.855306625366154],[-41.34324645996094,-20.850721359252873],[-41.34090805053711,-20.833173751830998],[-41.3446311950683,-20.82427978515625],[-41.34213638305664,-20.818590164184513],[-41.348186492919865,-20.810840606689453],[-41.34504318237299,-20.795413970947266],[-41.348255157470646,-20.78703117370594],[-41.35436630249018,-20.782941818237305],[-41.341419219970646,-20.776645660400334],[-41.34498977661133,-20.768943786621037],[-41.337009429931584,-20.76179122924799],[-41.33805847167963,-20.757549285888672],[-41.331977844238224,-20.7550106048584],[-41.34005737304682,-20.74780845642084],[-41.321712493896484,-20.73339653015131],[-41.34027481079096,-20.724332809448242],[-41.35194778442383,-20.730260848998967],[-41.36191558837885,-20.721384048461857]]]},"properties":{"id_cidade":3203106,"cidade":"Jerônimo Monteiro","id_microrregiao":320412,"id_mesorregiao":3204,"id_estado":32,"id_regiao":3}},{"type":"Feature","geometry":{"type":"Polygon","coordinates":[[[-40.347671508789006,-19.7796173095702],[-40.348663330078125,-19.70651817321766],[-40.34172821044922,-19.705373764037972],[-40.34859085083008,-19.70171356201172],[-40.35259246826172,-19.69436264038086],[-40.35014343261713,-19.67531967163086],[-40.348976135253906,-19.666910171508732],[-40.35747146606445,-19.671031951904297],[-40.36419296264637,-19.656902313232422],[-40.37022399902344,-19.653490066528207],[-40.3738174438476,-19.642358779907227],[-40.37052536010742,-19.624223709106445],[-40.37599563598627,-19.62274742126459],[-40.42138290405268,-19.64101028442377],[-40.46357345581055,-19.631238937377873],[-40.469837188720646,-19.632667541503906],[-40.475589752197266,-19.641735076904297],[-40.4858283996582,-19.64043617248535],[-40.489810943603516,-19.64522361755371],[-40.488937377929574,-19.65028762817377],[-40.497467041015625,-19.653430938720646],[-40.49802017211914,-19.65934944152832],[-40.502716064453125,-19.658874511718693],[-40.51123046874994,-19.669700622558594],[-40.51618576049799,-19.677221298217717],[-40.52729797363281,-19.715574264526254],[-40.519836425781136,-19.727626800537053],[-40.518657684326115,-19.74565315246582],[-40.52436065673828,-19.769584655761662],[-40.51867675781244,-19.77862930297846],[-40.511245727539006,-19.78277587890625],[-40.50400543212879,-19.802059173583984],[-40.49093246459955,-19.7962703704834],[-40.485767364501896,-19.78871345520014],[-40.486209869384766,-19.777364730834904],[-40.476497650146484,-19.773944854736328],[-40.45364761352528,-19.745664596557617],[-40.44775390625,-19.76360893249506],[-40.43934249877918,-19.785697937011662],[-40.431201934814396,-19.78690910339344],[-40.42953872680664,-19.795370101928654],[-40.41595077514643,-19.793214797973633],[-40.41186904907221,-19.785463333129826],[-40.40639877319336,-19.782791137695312],[-40.38867187499994,-19.787996292114258],[-40.37882995605469,-19.78499794006342],[-40.37024688720703,-19.786550521850586],[-40.36991500854481,-19.769420623779297],[-40.372432708740234,-19.764806747436523],[-40.36276245117176,-19.764295578002873],[-40.363563537597656,-19.76967430114746],[-40.36115264892578,-19.768327713012695],[-40.359439849853516,-19.776193618774357],[-40.347671508789006,-19.7796173095702]]]},"properties":{"id_cidade":3203130,"cidade":"João Neiva","id_microrregiao":320206,"id_mesorregiao":3202,"id_estado":32,"id_regiao":3}},{"type":"Feature","geometry":{"type":"Polygon","coordinates":[[[-41.18798828125,-19.891172409057617],[-41.175018310546875,-19.907526016235295],[-41.15572357177729,-19.89195632934559],[-41.14497756958008,-19.89174270629877],[-41.131072998046875,-19.909114837646428],[-41.12498092651367,-19.93626594543457],[-41.11564636230469,-19.941671371459904],[-41.11167144775385,-19.949438095092773],[-41.11110687255854,-19.95635986328125],[-41.12167358398432,-19.967004776000977],[-41.111900329589844,-19.973209381103402],[-41.104988098144474,-19.96852684020996],[-41.10393524169916,-19.964004516601562],[-41.09502410888672,-19.97072410583496],[-41.086917877197266,-19.971462249755803],[-41.06510543823242,-19.98741149902338],[-41.055240631103516,-19.986743927001896],[-41.04618835449219,-19.977285385131836],[-41.037464141845646,-19.977697372436523],[-41.018955230712834,-19.971364974975586],[-41.01188278198242,-19.96609878540039],[-41.00429534912104,-19.96124267578125],[-40.99488830566406,-19.96048355102539],[-40.994239807128906,-19.964832305908203],[-40.9949836730957,-19.96870231628418],[-40.986045837402344,-19.972955703735295],[-40.98104476928711,-19.978673934936467],[-40.96939849853504,-19.976200103759766],[-40.96398162841797,-19.973434448242188],[-40.956699371337834,-19.962133407592773],[-40.958606719970646,-19.953384399414062],[-40.944961547851506,-19.933708190917912],[-40.9469108581543,-19.929519653320256],[-40.9495735168457,-19.919172286987248],[-40.943763732910156,-19.902574539184513],[-40.9246826171875,-19.9011173248291],[-40.93368911743164,-19.895263671874943],[-40.933746337890625,-19.874935150146484],[-40.94113922119135,-19.871967315673828],[-40.94916152954096,-19.861278533935547],[-40.95469665527338,-19.860197067260742],[-40.95927429199213,-19.85211944580078],[-40.94901657104492,-19.842536926269474],[-40.957767486572266,-19.832212448120004],[-40.96491622924793,-19.831296920776367],[-40.93833541870117,-19.821239471435547],[-40.94234085083008,-19.80723571777338],[-40.97468185424805,-19.79871368408203],[-40.98686218261719,-19.806003570556584],[-40.99258804321289,-19.803928375244084],[-41.010978698730355,-19.80487442016596],[-41.017601013183594,-19.78571128845215],[-41.02242279052723,-19.781782150268555],[-41.02655029296875,-19.78214073181141],[-41.03636169433594,-19.79174613952631],[-41.04605102539057,-19.777620315551758],[-41.05474472045893,-19.77630615234375],[-41.05280685424799,-19.76925086975092],[-41.047508239746094,-19.769302368164006],[-41.04263305664057,-19.76357078552246],[-41.05424499511713,-19.76211357116688],[-41.06890869140625,-19.77627563476551],[-41.074394226074105,-19.77370834350586],[-41.09667968749994,-19.787109375],[-41.10172653198242,-19.783138275146428],[-41.11043548583979,-19.78523826599121],[-41.11173629760742,-19.793710708618164],[-41.11552047729492,-19.79444122314453],[-41.124912261962834,-19.788616180419922],[-41.12248992919922,-19.780120849609375],[-41.12673950195307,-19.771934509277344],[-41.1345481872558,-19.773632049560547],[-41.14867782592768,-19.76685333251953],[-41.154815673828125,-19.759586334228402],[-41.15928649902344,-19.764514923095646],[-41.16701126098633,-19.76289749145502],[-41.173885345458984,-19.762491226196232],[-41.174842834472656,-19.767051696777344],[-41.17163467407221,-19.77832984924305],[-41.17345428466791,-19.784568786621037],[-41.165889739990234,-19.79245948791504],[-41.166118621826115,-19.80990219116211],[-41.17539215087879,-19.825696945190373],[-41.18623733520502,-19.827661514282227],[-41.175640106201115,-19.839344024658203],[-41.17908859252924,-19.847015380859318],[-41.183948516845646,-19.848817825317383],[-41.18482589721674,-19.888954162597656],[-41.18798828125,-19.891172409057617]]]},"properties":{"id_cidade":3203163,"cidade":"Laranja da Terra","id_microrregiao":320307,"id_mesorregiao":3203,"id_estado":32,"id_regiao":3}},{"type":"Feature","geometry":{"type":"Polygon","coordinates":[[[-40.348976135253906,-19.666910171508732],[-40.34457015991211,-19.652606964111328],[-40.33320236206043,-19.642152786254883],[-40.32122802734375,-19.647848129272404],[-40.31901550292969,-19.653898239135742],[-40.30489730834961,-19.66199874877924],[-40.308948516845646,-19.648338317871094],[-40.288471221923714,-19.635269165039062],[-40.289756774902344,-19.624692916870004],[-40.272762298583984,-19.623136520385685],[-40.267002105712834,-19.610231399536133],[-40.258144378661996,-19.606283187866097],[-40.255561828613224,-19.598201751708928],[-40.23938751220703,-19.59401512145996],[-40.23825454711914,-19.590505599975586],[-40.22401809692383,-19.58322906494135],[-40.215240478515625,-19.584281921386662],[-40.20921325683588,-19.58557891845703],[-40.20082855224598,-19.577474594116154],[-40.19915771484375,-19.571586608886662],[-40.19232177734369,-19.57084083557129],[-40.18840026855463,-19.5643367767334],[-40.175735473632756,-19.560268402099496],[-40.17141342163086,-19.559892654418945],[-40.16669845581055,-19.553367614746037],[-40.15400314331043,-19.557214736938477],[-40.1409072875976,-19.55597305297846],[-40.13872528076166,-19.551351547241097],[-40.111671447753906,-19.553285598754883],[-40.086460113525334,-19.564939498901367],[-40.07563400268555,-19.578817367553597],[-40.06514358520508,-19.585304260253906],[-40.04948043823231,-19.584537506103516],[-40.031497955322266,-19.606250762939453],[-39.91761779785156,-19.68295669555664],[-39.91097259521479,-19.686664581298828],[-39.90736007690424,-19.684030532836914],[-39.895416259765625,-19.67847251892084],[-39.89458465576166,-19.67847251892084],[-39.88763809204096,-19.67513847351063],[-39.88347244262695,-19.67208290100092],[-39.88097381591797,-19.67097282409668],[-39.87902832031244,-19.67097282409668],[-39.875137329101506,-19.668750762939453],[-39.874027252197266,-19.668750762939453],[-39.86875152587885,-19.666805267333984],[-39.86597061157221,-19.665416717529297],[-39.860137939453125,-19.663194656372013],[-39.85763931274414,-19.661806106567383],[-39.85541534423828,-19.661806106567383],[-39.85347366333002,-19.66041755676264],[-39.85097122192383,-19.66041755676264],[-39.849861145019474,-19.659305572509766],[-39.84763717651367,-19.659305572509766],[-39.84069442749018,-19.657083511352482],[-39.83763885498041,-19.656530380248967],[-39.83625030517578,-19.65541648864746],[-39.83124923706049,-19.65513610839838],[-39.82902908325195,-19.65541648864746],[-39.82902908325195,-19.654027938842717],[-39.82430648803705,-19.653194427490234],[-39.82236099243164,-19.654861450195256],[-39.82041549682617,-19.654861450195256],[-39.82013702392578,-19.653749465942326],[-39.81763839721674,-19.653472900390625],[-39.8165283203125,-19.652360916137695],[-39.81208419799799,-19.649860382080078],[-39.81041717529297,-19.64930534362793],[-39.80986022949219,-19.644582748413086],[-39.80847167968744,-19.642915725708008],[-39.80791854858387,-19.639305114746037],[-39.80791854858387,-19.634027481079045],[-39.80708312988281,-19.63097190856928],[-39.80541610717768,-19.628194808959904],[-39.80541610717768,-19.62708282470703],[-39.80291748046875,-19.624584197998047],[-39.80291748046875,-19.622917175292912],[-39.80125045776367,-19.619861602783146],[-39.80069351196289,-19.617082595825195],[-39.797916412353516,-19.61486053466797],[-39.79680633544922,-19.609861373901367],[-39.79486083984375,-19.609027862548828],[-39.795417785644474,-19.607084274291992],[-39.7926406860351,-19.604305267333928],[-39.79208374023426,-19.601526260375977],[-39.7904167175293,-19.60097312927246],[-39.7904167175293,-19.59930419921875],[-39.78736114501953,-19.594028472900277],[-39.78736114501953,-19.592359542846566],[-39.78597259521479,-19.589582443237248],[-39.78486251831055,-19.589027404785156],[-39.78486251831055,-19.587360382080078],[-39.78180694580078,-19.58097267150879],[-39.78041839599604,-19.57902717590332],[-39.779861450195256,-19.576248168945312],[-39.777915954589844,-19.57402610778803],[-39.77736282348627,-19.571250915527344],[-39.773471832275334,-19.56458282470703],[-39.772914886474496,-19.562360763549805],[-39.77180480957031,-19.561805725097656],[-39.77069473266596,-19.559028625488168],[-39.76819610595703,-19.554306030273438],[-39.76708221435541,-19.55069351196289],[-39.76930618286133,-19.551805496215763],[-39.77041625976557,-19.554306030273438],[-39.77041625976557,-19.557916641235295],[-39.774028778076115,-19.561527252197266],[-39.77430725097656,-19.55875015258789],[-39.772361755371094,-19.557638168334904],[-39.772361755371094,-19.55458259582514],[-39.77152633666992,-19.5537490844726],[-39.7712516784668,-19.551527023315373],[-39.77013778686518,-19.551248550414982],[-39.7673606872558,-19.54458427429188],[-39.76458358764643,-19.542083740234375],[-39.758750915527344,-19.53013801574707],[-39.757915496826115,-19.52736282348627],[-39.756248474121094,-19.5251407623291],[-39.75569534301758,-19.523195266723576],[-39.75069427490223,-19.51125144958496],[-39.749305725097656,-19.508472442626896],[-39.7481956481933,-19.507638931274357],[-39.7481956481933,-19.505971908569336],[-39.7459716796875,-19.502084732055664],[-39.742637634277344,-19.494861602783203],[-39.742637634277344,-19.493473052978516],[-39.74097061157215,-19.491527557373047],[-39.73930740356445,-19.486528396606445],[-39.737361907958984,-19.483747482299805],[-39.7368049621582,-19.481250762939453],[-39.73430633544922,-19.47597312927246],[-39.73402786254883,-19.47458267211914],[-39.732639312744084,-19.473472595214787],[-39.732639312744084,-19.471248626708984],[-39.73125076293945,-19.46930503845209],[-39.72902679443354,-19.46263885498047],[-39.72902679443354,-19.461250305175724],[-39.727359771728516,-19.458751678466797],[-39.726806640625,-19.455137252807617],[-39.72597122192377,-19.45430564880371],[-39.725418090820256,-19.450971603393555],[-39.722915649414006,-19.44458389282221],[-39.72208404541004,-19.440416336059513],[-39.72097396850586,-19.439306259155273],[-39.72097396850586,-19.43763923645014],[-39.71986007690424,-19.436250686645508],[-39.71986007690424,-19.43402862548828],[-39.717918395996094,-19.431251525878906],[-39.7176399230957,-19.427919387817326],[-39.71597290039057,-19.425693511962834],[-39.71597290039057,-19.42319488525385],[-39.71486282348633,-19.422084808349496],[-39.71319580078119,-19.418193817138672],[-39.71319580078119,-19.416805267333928],[-39.71180725097656,-19.4145832061767],[-39.70902633666992,-19.40680503845215],[-39.707916259765625,-19.404581069946175],[-39.707916259765625,-19.403194427490178],[-39.70652770996088,-19.400972366333008],[-39.70513916015625,-19.394861221313477],[-39.70430374145508,-19.39402770996088],[-39.70124816894531,-19.38236045837391],[-39.70069503784174,-19.3793048858642],[-39.6995849609375,-19.376806259155217],[-39.6995849609375,-19.375415802001896],[-39.69819259643555,-19.37236022949213],[-39.69791793823242,-19.369861602783203],[-39.69708251953119,-19.369583129882812],[-39.69708251953119,-19.366249084472656],[-39.69597244262695,-19.36347007751459],[-39.69597244262695,-19.359306335449162],[-39.69541549682617,-19.35819435119629],[-39.69569396972656,-19.355138778686523],[-39.694862365722656,-19.353473663330078],[-39.694862365722656,-19.350416183471566],[-39.693473815917855,-19.343471527099553],[-39.6915283203125,-19.33180427551264],[-39.69124984741205,-19.32625007629389],[-39.69069290161127,-19.32319450378418],[-39.69069290161127,-19.319860458373967],[-39.6901397705077,-19.316804885864258],[-39.68958282470703,-19.309858322143498],[-39.68958282470703,-19.3054141998291],[-39.68902587890625,-19.300973892211914],[-39.68902587890625,-19.295137405395508],[-39.68930435180664,-19.290138244628906],[-39.68986129760742,-19.287639617919922],[-39.68986129760742,-19.28485870361328],[-39.69097137451166,-19.278472900390625],[-39.6915283203125,-19.27736091613758],[-39.6915283203125,-19.274026870727425],[-39.69319534301758,-19.263750076293945],[-39.69374847412104,-19.263193130493164],[-39.69319534301758,-19.260139465331974],[-39.69458389282221,-19.25764083862299],[-39.69458389282221,-19.255136489868107],[-39.69597244262695,-19.24708366394043],[-39.69708251953119,-19.245695114135685],[-39.697639465331974,-19.2409725189209],[-39.697639465331974,-19.237916946411133],[-39.69874954223633,-19.23597145080555],[-39.70013809204096,-19.2298583984375],[-39.70013809204096,-19.22791862487793],[-39.70124816894531,-19.22597312927246],[-39.70124816894531,-19.222360610961914],[-39.702083587646484,-19.219863891601562],[-39.701805114746094,-19.217639923095703],[-39.70291519165028,-19.21652984619135],[-39.703472137451115,-19.214307785034123],[-39.703472137451115,-19.21125030517578],[-39.704029083251896,-19.207361221313363],[-39.70486068725586,-19.20680618286127],[-39.70486068725586,-19.202640533447152],[-39.70569610595703,-19.201248168945312],[-39.70569610595703,-19.19763946533203],[-39.70624923706049,-19.197082519531193],[-39.70680618286127,-19.189306259155217],[-39.707359313964844,-19.18430519104004],[-39.708473205566406,-19.183750152587834],[-39.70902633666992,-19.181528091430664],[-39.7087516784668,-19.177640914916992],[-39.70986175537104,-19.172916412353516],[-39.709583282470646,-19.167360305786133],[-39.710693359375,-19.16652870178217],[-39.71125030517578,-19.162916183471623],[-39.71125030517578,-19.159860610961857],[-39.71208190917969,-19.159025192260742],[-39.71180725097656,-19.157083511352482],[-39.71263885498041,-19.154584884643555],[-39.712360382079964,-19.153472900390625],[-39.71319580078119,-19.15125083923334],[-39.71319580078119,-19.14430427551264],[-39.714027404785156,-19.143749237060547],[-39.714027404785156,-19.137916564941406],[-39.715415954589844,-19.136806488037053],[-39.71486282348633,-19.135417938232422],[-39.715415954589844,-19.131805419921875],[-39.715415954589844,-19.127639770507812],[-39.716526031494084,-19.122917175292855],[-39.71625137329096,-19.119304656982422],[-39.717918395996094,-19.112638473510685],[-39.717918395996094,-19.109029769897404],[-39.718749999999886,-19.103193283080998],[-39.719306945800724,-19.102083206176758],[-39.721527099609375,-19.101804733276367],[-39.721805572509766,-19.097188949584904],[-39.732215881347656,-19.097381591796875],[-39.73797607421869,-19.103683471679688],[-39.7325325012207,-19.125438690185547],[-39.73615646362305,-19.141075134277344],[-39.74192428588856,-19.149612426757756],[-39.75227355957031,-19.15891838073719],[-39.77461624145502,-19.160276412963867],[-39.77713394165039,-19.151090621948185],[-39.80316925048828,-19.14920997619629],[-39.82611083984369,-19.13932228088379],[-39.83580780029297,-19.139680862426758],[-39.83563613891596,-19.131362915039062],[-39.83938980102528,-19.129520416259766],[-39.8419456481933,-19.12042808532715],[-39.848918914794865,-19.12542724609375],[-39.87322998046869,-19.111242294311523],[-39.876472473144474,-19.10407257080078],[-39.87131500244135,-19.09916114807129],[-39.88362503051752,-19.09730720520008],[-39.88508224487305,-19.08938026428217],[-39.88346862792969,-19.083761215209904],[-39.87687301635742,-19.086545944213867],[-39.87056350708002,-19.080190658569336],[-39.87213134765625,-19.068851470947266],[-39.880889892578125,-19.063322067260685],[-39.877048492431584,-19.049472808837834],[-39.88243103027344,-19.04695320129383],[-39.8924560546875,-19.0551700592041],[-39.89984130859369,-19.051277160644474],[-39.9126243591308,-19.055910110473576],[-39.9203262329101,-19.060422897338867],[-39.929344177246094,-19.059703826904297],[-39.929981231689396,-19.052289962768498],[-39.947265625,-19.04635810852045],[-39.964092254638615,-19.02620315551752],[-39.971721649169865,-19.023649215698185],[-39.98231887817377,-19.0076847076416],[-39.99947357177729,-18.99609184265131],[-40.00306701660156,-18.995971679687443],[-40.023193359375,-19.037912368774414],[-40.00829315185547,-19.045949935913086],[-39.9980354309082,-19.04186820983881],[-39.98941421508789,-19.047006607055664],[-40.00491333007807,-19.04867362976063],[-40.01477813720703,-19.053850173950195],[-40.02006530761719,-19.05192565917963],[-40.02901840209961,-19.056245803833008],[-40.04567337036133,-19.08363151550293],[-40.087985992431584,-19.16909408569336],[-40.074069976806584,-19.16881561279297],[-40.05312728881836,-19.17499351501465],[-40.04092788696289,-19.18610954284668],[-40.035835266113224,-19.185085296630803],[-40.084346771240234,-19.235351562499886],[-40.084003448486214,-19.225791931152287],[-40.09725570678705,-19.22238159179676],[-40.10441970825195,-19.208864212036076],[-40.12113952636719,-19.211704254150277],[-40.114875793456974,-19.221296310424805],[-40.11859512329096,-19.229454040527344],[-40.14805603027338,-19.217243194580078],[-40.15272521972656,-19.201154708862248],[-40.156581878661996,-19.193973541259766],[-40.192031860351506,-19.19216537475586],[-40.192310333251896,-19.204069137573242],[-40.1911048889159,-19.216974258422795],[-40.18898773193354,-19.22613525390625],[-40.18226623535156,-19.234247207641545],[-40.19244003295887,-19.290016174316406],[-40.203739166259766,-19.342853546142578],[-40.273479461669865,-19.368810653686467],[-40.27454757690418,-19.362430572509766],[-40.2838134765625,-19.364601135253906],[-40.29704284667963,-19.357166290283203],[-40.30244827270508,-19.318151473998967],[-40.32554626464838,-19.376766204833928],[-40.33705139160156,-19.36697769165039],[-40.335178375244084,-19.361387252807617],[-40.33778381347656,-19.356603622436467],[-40.34985733032221,-19.352994918823242],[-40.35369491577143,-19.357324600219727],[-40.366001129150334,-19.352729797363224],[-40.37270736694336,-19.361862182617188],[-40.3812141418457,-19.36098861694336],[-40.378353118896484,-19.364387512206918],[-40.38153076171869,-19.369993209838867],[-40.39477539062494,-19.368162155151367],[-40.3982200622558,-19.365419387817383],[-40.39782333374018,-19.347692489624023],[-40.404792785644474,-19.34824562072754],[-40.411087036132756,-19.33093070983881],[-40.416282653808594,-19.32509994506836],[-40.4338493347168,-19.320966720581055],[-40.43104553222645,-19.308151245117188],[-40.42142105102539,-19.29970169067377],[-40.41593551635742,-19.28704452514637],[-40.414443969726506,-19.277980804443246],[-40.417701721191406,-19.272470474243107],[-40.40890121459955,-19.26698112487793],[-40.4199333190918,-19.266136169433537],[-40.42793655395508,-19.271905899047795],[-40.428218841552734,-19.25855064392084],[-40.4315299987793,-19.259248733520508],[-40.439674377441406,-19.271770477294865],[-40.434791564941406,-19.281099319458008],[-40.44256210327143,-19.29129981994629],[-40.45031356811512,-19.2915363311767],[-40.45375442504883,-19.28094482421875],[-40.46020126342768,-19.27870750427246],[-40.46467971801752,-19.28700065612793],[-40.472438812255746,-19.291496276855412],[-40.47904586791992,-19.29282379150385],[-40.482872009277344,-19.287670135498047],[-40.48917770385742,-19.286861419677734],[-40.490432739257756,-19.297569274902344],[-40.507801055908146,-19.306987762451172],[-40.50817108154291,-19.310396194458008],[-40.508869171142464,-19.31683921813959],[-40.52484130859375,-19.331672668456918],[-40.530242919921875,-19.34350204467762],[-40.52477645874018,-19.34631538391102],[-40.51478195190418,-19.343833923339844],[-40.500659942626896,-19.35719871520996],[-40.494476318359375,-19.362106323242188],[-40.495853424072266,-19.367124557495117],[-40.492855072021484,-19.3713703155517],[-40.47924041748047,-19.365140914916992],[-40.47779846191406,-19.383413314819222],[-40.453628540039006,-19.401462554931584],[-40.456459045410156,-19.415992736816406],[-40.44778823852539,-19.426359176635742],[-40.44330596923828,-19.426631927490178],[-40.433601379394474,-19.435489654541016],[-40.44145965576172,-19.43957328796381],[-40.44611358642567,-19.45069694519043],[-40.44289779663086,-19.45264625549305],[-40.44811248779291,-19.46112632751459],[-40.43972015380854,-19.460605621337834],[-40.43587875366205,-19.46398735046381],[-40.431873321533146,-19.49196243286127],[-40.42290878295893,-19.501689910888615],[-40.41045379638672,-19.50876617431635],[-40.39248657226557,-19.510372161865178],[-40.373294830322266,-19.5357666015625],[-40.372257232666016,-19.546047210693303],[-40.36820983886719,-19.550168991088867],[-40.37106323242176,-19.555835723876953],[-40.38901901245117,-19.564550399780273],[-40.3873291015625,-19.577186584472656],[-40.37192153930653,-19.594831466674748],[-40.3749885559082,-19.598722457885685],[-40.37012481689453,-19.61742210388178],[-40.37542724609369,-19.618944168090763],[-40.37599563598627,-19.62274742126459],[-40.37052536010742,-19.624223709106445],[-40.3738174438476,-19.642358779907227],[-40.37022399902344,-19.653490066528207],[-40.36419296264637,-19.656902313232422],[-40.35747146606445,-19.671031951904297],[-40.348976135253906,-19.666910171508732]]]},"properties":{"id_cidade":3203205,"cidade":"Linhares","id_microrregiao":320206,"id_mesorregiao":3202,"id_estado":32,"id_regiao":3}},{"type":"Feature","geometry":{"type":"Polygon","coordinates":[[[-41.06648635864258,-18.94509315490717],[-41.05806350708002,-18.944807052612248],[-40.90483856201172,-18.939598083496037],[-40.89796447753895,-18.90070152282715],[-41.025375366210824,-18.83717918395996],[-41.08364868164051,-18.836578369140625],[-41.09741973876953,-18.84230613708496],[-41.11044692993153,-18.83893394470209],[-41.119937896728516,-18.817655563354435],[-41.11914825439453,-18.810121536254826],[-41.12997055053705,-18.807432174682617],[-41.134075164794865,-18.796035766601562],[-41.16038513183588,-18.797475814819222],[-41.232490539550724,-18.7972736358642],[-41.24542236328125,-18.821956634521484],[-41.23776626586914,-18.83476066589344],[-41.24382019042969,-18.84356117248535],[-41.239669799804574,-18.846864700317326],[-41.24266815185547,-18.85394668579096],[-41.23929977416992,-18.858642578124943],[-41.236328124999886,-18.85650634765625],[-41.23004913330078,-18.858364105224496],[-41.21472930908203,-18.877634048461914],[-41.20971298217768,-18.874429702758732],[-41.21227264404291,-18.868881225585938],[-41.20837020874018,-18.855043411254826],[-41.19947814941406,-18.862865447998047],[-41.193538665771484,-18.86365509033203],[-41.18838119506836,-18.86396408081049],[-41.171810150146484,-18.85980987548828],[-41.16631317138666,-18.85822868347168],[-41.159152984619084,-18.864351272583008],[-41.15559005737305,-18.876014709472656],[-41.15290451049805,-18.8866024017334],[-41.14420318603504,-18.884984970092717],[-41.13160324096674,-18.89412689208973],[-41.12678909301758,-18.894502639770508],[-41.119529724121094,-18.903444290161133],[-41.120437622070256,-18.908016204833928],[-41.114681243896484,-18.91237831115717],[-41.11811447143555,-18.92176628112793],[-41.112705230712834,-18.922536849975586],[-41.10980987548828,-18.928142547607365],[-41.10356140136713,-18.930419921875],[-41.10361862182617,-18.934053421020508],[-41.079185485839844,-18.93853187561035],[-41.07856369018549,-18.947683334350586],[-41.068206787109375,-18.9428653717041],[-41.06648635864258,-18.94509315490717]]]},"properties":{"id_cidade":3203304,"cidade":"Mantenópolis","id_microrregiao":320101,"id_mesorregiao":3201,"id_estado":32,"id_regiao":3}},{"type":"Feature","geometry":{"type":"MultiPolygon","coordinates":[[[[-40.88402938842768,-21.161249160766488],[-40.88541793823242,-21.16291427612299],[-40.88347244262684,-21.1645832061767],[-40.882362365722656,-21.16236114501953],[-40.88402938842768,-21.161249160766488]]],[[[-40.928714752197266,-21.19263458251953],[-40.92763900756836,-21.190696716308594],[-40.925971984863224,-21.190696716308594],[-40.92541503906244,-21.188749313354492],[-40.9234733581543,-21.185138702392464],[-40.921806335449105,-21.1834716796875],[-40.92041778564453,-21.180416107177734],[-40.917362213134766,-21.17680549621582],[-40.91597366333002,-21.173749923706055],[-40.91208267211903,-21.170139312744084],[-40.910972595214844,-21.168193817138672],[-40.9095840454101,-21.167917251586857],[-40.90791702270508,-21.166250228881836],[-40.9004173278808,-21.160972595214844],[-40.895416259765625,-21.15819358825678],[-40.89180374145508,-21.156528472900277],[-40.890415191650334,-21.15291786193842],[-40.88735961914057,-21.14847183227539],[-40.88541793823242,-21.14763832092285],[-40.88152694702143,-21.14291572570795],[-40.87847137451172,-21.140972137451115],[-40.877361297607365,-21.139583587646484],[-40.87486267089838,-21.138471603393555],[-40.86680603027344,-21.133750915527344],[-40.865970611572266,-21.132917404174748],[-40.86375045776367,-21.133192062377873],[-40.862640380859375,-21.131526947021428],[-40.85902786254877,-21.12819480895996],[-40.85819625854481,-21.126806259155217],[-40.85819625854481,-21.12319374084467],[-40.85736083984375,-21.120416641235295],[-40.85319519042969,-21.111526489257812],[-40.85319519042969,-21.10763931274414],[-40.85069274902344,-21.10763931274414],[-40.84986114501953,-21.104583740234375],[-40.84763717651367,-21.10041618347168],[-40.84763717651367,-21.099582672119084],[-40.84402847290039,-21.09263801574707],[-40.84291839599604,-21.08986282348627],[-40.842639923095646,-21.0876407623291],[-40.841251373291016,-21.08513641357422],[-40.83930587768549,-21.080139160156136],[-40.838748931884766,-21.07680511474598],[-40.83708190917969,-21.073749542236214],[-40.836528778076115,-21.06958580017084],[-40.835693359374886,-21.06597137451172],[-40.83291625976557,-21.057083129882812],[-40.832359313964844,-21.053749084472656],[-40.829303741454964,-21.04680633544922],[-40.827640533447266,-21.044584274291935],[-40.824859619140625,-21.043472290039062],[-40.82319259643549,-21.043750762939453],[-40.820972442626896,-21.04152870178217],[-40.81791687011713,-21.040138244628906],[-40.81791687011713,-21.037639617919922],[-40.81624984741211,-21.035417556762695],[-40.814582824706974,-21.035417556762695],[-40.811805725097656,-21.034305572509766],[-40.81236267089844,-21.03152847290039],[-40.81097412109369,-21.022916793823242],[-40.810417175292855,-21.022083282470703],[-40.80875015258789,-21.014583587646484],[-40.80875015258789,-21.0123615264892],[-40.8070831298827,-21.008472442626953],[-40.803470611572266,-21.00513648986805],[-40.7993049621582,-21.003749847411996],[-40.799861907958984,-21.002361297607422],[-40.80236053466797,-21.004026412963867],[-40.80486297607416,-21.004306793212834],[-40.806251525878906,-21.002639770507812],[-40.80875015258789,-20.99763870239252],[-40.8095817565918,-20.994583129882756],[-40.810646057128906,-20.994991302490234],[-40.84825134277338,-21.045045852661133],[-40.84943389892578,-21.045803070068303],[-40.874725341796875,-21.058401107788086],[-40.883785247802734,-21.05299568176264],[-40.89229202270508,-21.054073333740178],[-40.901912689208984,-21.04901504516596],[-40.91106033325195,-21.03914833068842],[-40.918701171875,-21.0455646514892],[-40.92963409423828,-21.047805786132756],[-40.93932342529291,-21.058940887451115],[-40.93389129638666,-21.065242767333928],[-40.93548583984375,-21.07077980041504],[-40.9339981079101,-21.08250427246088],[-40.946411132812386,-21.114208221435547],[-40.95058441162104,-21.141132354736328],[-40.94912338256836,-21.164424896240178],[-40.9464225769043,-21.175010681152287],[-40.9385986328125,-21.184755325317383],[-40.934577941894474,-21.18813514709467],[-40.928714752197266,-21.19263458251953]]]]},"properties":{"id_cidade":3203320,"cidade":"Marataízes","id_microrregiao":320413,"id_mesorregiao":3204,"id_estado":32,"id_regiao":3}},{"type":"Feature","geometry":{"type":"Polygon","coordinates":[[[-40.91218566894531,-20.449665069579964],[-40.90436553955078,-20.458608627319336],[-40.90510940551752,-20.462600708007756],[-40.87022399902344,-20.465360641479492],[-40.86626815795893,-20.472724914550724],[-40.86769866943354,-20.47885513305664],[-40.861316680908146,-20.488780975341797],[-40.85557174682617,-20.49203681945795],[-40.84123611450195,-20.485546112060547],[-40.83588790893555,-20.488372802734318],[-40.83137893676752,-20.484785079955998],[-40.81867218017578,-20.489105224609375],[-40.81386947631836,-20.482624053955078],[-40.807472229003906,-20.492282867431584],[-40.81053161621094,-20.502187728881836],[-40.822174072265625,-20.517782211303654],[-40.816001892089844,-20.523782730102482],[-40.79844284057617,-20.514629364013672],[-40.79328918457031,-20.50796127319336],[-40.784282684326115,-20.50902366638178],[-40.775821685791016,-20.49687385559082],[-40.76983642578125,-20.497446060180664],[-40.76428985595703,-20.497667312622013],[-40.762126922607365,-20.50509071350092],[-40.748622894286996,-20.49335289001465],[-40.7526016235351,-20.489574432373047],[-40.74108123779291,-20.481321334838867],[-40.74404144287098,-20.475669860839787],[-40.737205505371094,-20.47474479675293],[-40.73640060424799,-20.46711540222168],[-40.723876953125,-20.45819091796875],[-40.720188140869084,-20.46089553833002],[-40.71022033691406,-20.45997428894043],[-40.71131515502924,-20.45088577270502],[-40.70820236206055,-20.44796371459961],[-40.715705871581974,-20.441793441772404],[-40.70307159423828,-20.43287277221674],[-40.689334869384766,-20.43420791625971],[-40.683959960937386,-20.441400527954045],[-40.67433547973633,-20.449861526489258],[-40.66099166870117,-20.449596405029297],[-40.65828704833979,-20.460586547851562],[-40.6508903503418,-20.45886039733881],[-40.64461135864258,-20.4671173095702],[-40.63504028320301,-20.468002319335938],[-40.633895874023324,-20.47183799743641],[-40.62617492675781,-20.468263626098633],[-40.63268280029297,-20.462343215942383],[-40.62253570556635,-20.436513900756836],[-40.625553131103516,-20.424545288085938],[-40.634841918945256,-20.41864395141596],[-40.64154815673828,-20.405555725097656],[-40.647232055664006,-20.399818420410156],[-40.64470672607422,-20.387847900390568],[-40.66403198242176,-20.38441848754877],[-40.668769836425724,-20.387584686279183],[-40.687625885009766,-20.387748718261662],[-40.69014358520502,-20.39192771911621],[-40.6959114074707,-20.39143562316889],[-40.70698165893555,-20.385560989379883],[-40.7090225219726,-20.378658294677734],[-40.71467590332031,-20.377836227416992],[-40.721763610839844,-20.38869094848627],[-40.72439956665028,-20.386430740356445],[-40.73211669921869,-20.389501571655217],[-40.73503112792969,-20.38483238220209],[-40.74117279052729,-20.38559341430664],[-40.74090576171875,-20.37799072265625],[-40.73543167114252,-20.36955451965332],[-40.73906707763666,-20.365091323852482],[-40.73516464233393,-20.3585586547851],[-40.731651306152344,-20.346370697021428],[-40.73400878906244,-20.345787048339787],[-40.74758529663086,-20.34451675415039],[-40.76039123535156,-20.347354888916016],[-40.76784133911133,-20.360248565673828],[-40.77829360961914,-20.365194320678654],[-40.782356262206974,-20.373159408569336],[-40.78059005737305,-20.379230499267578],[-40.787719726562386,-20.383586883544922],[-40.7861442565918,-20.396764755248967],[-40.789707183837834,-20.40648460388178],[-40.803382873535156,-20.397090911865178],[-40.820999145507756,-20.39303016662592],[-40.834060668945256,-20.374126434326115],[-40.85680389404297,-20.385366439819336],[-40.859714508056584,-20.381204605102482],[-40.87348556518555,-20.383361816406193],[-40.88685607910156,-20.39706993103016],[-40.895183563232365,-20.39826011657715],[-40.8877601623534,-20.40730667114252],[-40.88860321044916,-20.421371459960938],[-40.89982223510742,-20.42469978332514],[-40.89841461181635,-20.43415069580078],[-40.90390396118164,-20.438150405883732],[-40.90076446533203,-20.448329925536996],[-40.908973693847656,-20.446386337280273],[-40.91218566894531,-20.449665069579964]]]},"properties":{"id_cidade":3203346,"cidade":"Marechal Floriano","id_microrregiao":320307,"id_mesorregiao":3203,"id_estado":32,"id_regiao":3}},{"type":"Feature","geometry":{"type":"Polygon","coordinates":[[[-40.373294830322266,-19.5357666015625],[-40.39248657226557,-19.510372161865178],[-40.41045379638672,-19.50876617431635],[-40.42290878295893,-19.501689910888615],[-40.431873321533146,-19.49196243286127],[-40.43587875366205,-19.46398735046381],[-40.43972015380854,-19.460605621337834],[-40.44811248779291,-19.46112632751459],[-40.44289779663086,-19.45264625549305],[-40.44611358642567,-19.45069694519043],[-40.44145965576172,-19.43957328796381],[-40.433601379394474,-19.435489654541016],[-40.44330596923828,-19.426631927490178],[-40.44778823852539,-19.426359176635742],[-40.456459045410156,-19.415992736816406],[-40.453628540039006,-19.401462554931584],[-40.47779846191406,-19.383413314819222],[-40.47924041748047,-19.365140914916992],[-40.492855072021484,-19.3713703155517],[-40.495853424072266,-19.367124557495117],[-40.494476318359375,-19.362106323242188],[-40.500659942626896,-19.35719871520996],[-40.51478195190418,-19.343833923339844],[-40.52477645874018,-19.34631538391102],[-40.530242919921875,-19.34350204467762],[-40.52484130859375,-19.331672668456918],[-40.508869171142464,-19.31683921813959],[-40.50817108154291,-19.310396194458008],[-40.545257568359375,-19.339542388916016],[-40.566371917724496,-19.365741729736328],[-40.60670852661127,-19.352617263793945],[-40.62519454956049,-19.348560333251953],[-40.63379669189442,-19.367664337158203],[-40.64268112182617,-19.374668121337834],[-40.635528564453125,-19.379014968872013],[-40.637138366699105,-19.383520126342773],[-40.64365768432617,-19.383279800414982],[-40.642784118652344,-19.405139923095703],[-40.6335563659668,-19.436685562133732],[-40.62915802001953,-19.438447952270508],[-40.62614440917963,-19.448898315429688],[-40.624160766601506,-19.447935104370117],[-40.61913299560547,-19.446641921996957],[-40.61443328857416,-19.439155578613168],[-40.600009918212834,-19.439216613769474],[-40.597198486328125,-19.43189620971674],[-40.58485031127924,-19.433082580566406],[-40.57646179199213,-19.42903518676752],[-40.574031829833984,-19.436458587646428],[-40.56753921508789,-19.440193176269474],[-40.567054748535156,-19.45421981811512],[-40.55968475341791,-19.47416114807129],[-40.55160140991211,-19.483827590942326],[-40.53377151489258,-19.49191665649414],[-40.534011840820256,-19.500270843505803],[-40.51921463012695,-19.503253936767578],[-40.509490966796875,-19.512668609619084],[-40.498550415039006,-19.51820755004877],[-40.48191452026367,-19.535282135009652],[-40.4736595153808,-19.536746978759766],[-40.43345260620117,-19.533592224121094],[-40.389926910400334,-19.543851852416992],[-40.373294830322266,-19.5357666015625]]]},"properties":{"id_cidade":3203353,"cidade":"Marilândia","id_microrregiao":320103,"id_mesorregiao":3201,"id_estado":32,"id_regiao":3}},{"type":"Feature","geometry":{"type":"Polygon","coordinates":[[[-41.55838012695307,-21.17293548583973],[-41.557117462158146,-21.173555374145394],[-41.54838180541992,-21.1828556060791],[-41.53085708618164,-21.179824829101562],[-41.51719284057617,-21.186994552612248],[-41.51287841796869,-21.17679405212391],[-41.50927734375,-21.175924301147404],[-41.506752014160156,-21.176107406616154],[-41.4985466003418,-21.185310363769474],[-41.488304138183594,-21.180356979370117],[-41.482582092285156,-21.183757781982422],[-41.479190826416016,-21.182243347167912],[-41.479827880859375,-21.19392585754389],[-41.470211029052734,-21.201721191406193],[-41.46996307373041,-21.20356941223139],[-41.45408248901367,-21.208351135253906],[-41.447879791259766,-21.214130401611214],[-41.43557357788086,-21.216018676757756],[-41.41724395751942,-21.199842453002873],[-41.41318893432617,-21.201728820800724],[-41.410614013671875,-21.199110031127816],[-41.40678405761719,-21.2027645111084],[-41.403324127197266,-21.198907852172795],[-41.392436981201115,-21.20210838317871],[-41.38222122192377,-21.200260162353516],[-41.38137054443354,-21.196407318115234],[-41.37746047973627,-21.195741653442326],[-41.372966766357365,-21.203428268432617],[-41.36359405517578,-21.202899932861328],[-41.33588027954096,-21.209468841552734],[-41.326171875,-21.21852111816395],[-41.32607650756836,-21.21308708190918],[-41.31702423095703,-21.213754653930664],[-41.317626953125,-21.221595764160156],[-41.311386108398324,-21.21929168701172],[-41.297256469726506,-21.234432220458928],[-41.288772583007756,-21.234174728393498],[-41.28596878051758,-21.2378253936767],[-41.28382110595692,-21.234943389892578],[-41.2770156860351,-21.24024772644043],[-41.27573776245117,-21.236385345458984],[-41.271770477294865,-21.237297058105412],[-41.272266387939396,-21.233379364013615],[-41.26563262939453,-21.233093261718693],[-41.26201629638672,-21.236764907836857],[-41.25724411010742,-21.225784301757812],[-41.2412223815918,-21.221155166625977],[-41.23471450805664,-21.22615623474121],[-41.22838973999018,-21.225999832153263],[-41.22763824462885,-21.23041152954096],[-41.224246978759766,-21.227296829223633],[-41.2248802185058,-21.2307186126709],[-41.22065353393549,-21.22997856140131],[-41.22161483764643,-21.233339309692326],[-41.212173461914006,-21.23590087890625],[-41.205215454101506,-21.243909835815373],[-41.20402526855469,-21.2398624420166],[-41.19952011108387,-21.244148254394474],[-41.192249298095646,-21.243915557861328],[-41.19084548950195,-21.248485565185547],[-41.18809127807617,-21.243526458740234],[-41.18349075317377,-21.244447708129883],[-41.18617630004883,-21.241405487060433],[-41.182807922363224,-21.2363224029541],[-41.18112564086914,-21.23988342285145],[-41.17443084716791,-21.24109268188471],[-41.176753997802734,-21.24484634399414],[-41.16397476196289,-21.243217468261605],[-41.16091537475586,-21.246002197265625],[-41.15815734863281,-21.241136550903263],[-41.1558380126952,-21.24505615234375],[-41.15615463256836,-21.240154266357365],[-41.14169311523432,-21.23872756958002],[-41.137397766113224,-21.22798347473139],[-41.17418670654297,-21.231664657592773],[-41.1837158203125,-21.2286701202392],[-41.19225692749018,-21.194438934326172],[-41.19284057617176,-21.170484542846623],[-41.20563507080078,-21.146137237548714],[-41.223114013671875,-21.111949920654297],[-41.220619201660156,-21.094562530517578],[-41.23130416870117,-21.084968566894474],[-41.23361587524414,-21.07895851135254],[-41.22942733764643,-21.074031829833928],[-41.21474456787104,-21.065582275390625],[-41.20977783203125,-21.068180084228516],[-41.194210052490234,-21.06165313720703],[-41.19737243652344,-21.0515460968017],[-41.2037734985351,-21.04869842529297],[-41.222846984863224,-21.019519805908203],[-41.22853469848633,-21.006725311279297],[-41.24060058593744,-21.013645172119084],[-41.24584960937494,-21.02555274963379],[-41.25834655761713,-21.026666641235295],[-41.27861022949219,-21.002525329589844],[-41.29103088378906,-21.004785537719727],[-41.304607391357365,-20.998828887939453],[-41.312431335449105,-21.006755828857422],[-41.34365463256836,-20.991773605346623],[-41.34672546386719,-20.990581512451115],[-41.350673675536996,-20.996517181396484],[-41.35961151123041,-20.996303558349553],[-41.37199783325195,-21.009452819824162],[-41.41668701171875,-21.007671356201172],[-41.47260665893555,-20.99152946472168],[-41.44183731079096,-20.923282623291016],[-41.445499420166016,-20.909683227539006],[-41.455547332763615,-20.893657684326172],[-41.46283721923828,-20.894704818725586],[-41.46116638183594,-20.901889801025334],[-41.47076416015625,-20.897178649902344],[-41.47393035888672,-20.883972167968636],[-41.48219680786133,-20.883886337280217],[-41.48828506469721,-20.887264251708984],[-41.49074554443354,-20.895664215087834],[-41.49884033203119,-20.896350860595646],[-41.50136184692383,-20.90845870971674],[-41.51194763183594,-20.90122413635254],[-41.51692199707031,-20.895050048828125],[-41.51449203491205,-20.889278411865178],[-41.52120590209961,-20.884151458740178],[-41.525814056396484,-20.88677215576172],[-41.531307220458984,-20.88464927673334],[-41.538944244384766,-20.883716583251953],[-41.54739379882807,-20.89008331298828],[-41.560340881347656,-20.89128303527832],[-41.57255554199219,-20.90316963195795],[-41.57502746582031,-20.910623550414925],[-41.58141326904297,-20.91168594360346],[-41.57818603515619,-20.922014236450195],[-41.58422470092768,-20.921907424926758],[-41.5843620300293,-20.92633819580078],[-41.5900764465332,-20.925424575805664],[-41.587722778320256,-20.93702888488764],[-41.58293533325195,-20.94049644470215],[-41.5831680297851,-20.947626113891488],[-41.57374954223633,-20.94973373413086],[-41.57197570800781,-20.95768165588379],[-41.54536819458008,-20.967281341552734],[-41.5408821105957,-20.96563720703125],[-41.523540496826115,-20.963777542114258],[-41.52099990844715,-20.97062110900879],[-41.521888732910156,-20.98213386535639],[-41.509536743164006,-20.98579025268549],[-41.50720977783203,-20.991178512573185],[-41.50446319580078,-20.990005493164006],[-41.50005340576172,-20.990110397338867],[-41.49684906005854,-20.998367309570312],[-41.50330352783203,-21.003715515136662],[-41.505237579345646,-21.017520904541016],[-41.510921478271484,-21.023153305053654],[-41.50802993774403,-21.048250198364258],[-41.51567840576172,-21.057472229003906],[-41.51551818847656,-21.064828872680607],[-41.50614547729492,-21.070741653442326],[-41.50355148315418,-21.078554153442326],[-41.51216506958008,-21.088375091552734],[-41.50736999511719,-21.093996047973576],[-41.512916564941406,-21.106300354003906],[-41.49993133544922,-21.11046981811512],[-41.49671936035156,-21.108448028564396],[-41.49431610107422,-21.11232185363764],[-41.49582672119129,-21.126924514770508],[-41.50586700439453,-21.141338348388615],[-41.50148391723633,-21.14656257629383],[-41.51028442382807,-21.149044036865234],[-41.5225715637207,-21.146095275878906],[-41.54541778564442,-21.14842987060547],[-41.54890823364252,-21.155719757080078],[-41.55428314208973,-21.15643882751465],[-41.56117248535156,-21.163053512573185],[-41.55838012695307,-21.17293548583973]]]},"properties":{"id_cidade":3203403,"cidade":"Mimoso do Sul","id_microrregiao":320412,"id_mesorregiao":3204,"id_estado":32,"id_regiao":3}},{"type":"Feature","geometry":{"type":"Polygon","coordinates":[[[-40.1296768188476,-18.274242401122933],[-40.08999633789057,-18.180345535278263],[-40.09144973754883,-18.165988922119084],[-40.10671615600586,-18.15165710449213],[-40.108860015869084,-18.144969940185547],[-40.106678009033146,-18.13526725769043],[-40.09950256347656,-18.128095626831055],[-40.09596633911133,-18.106956481933537],[-40.10936737060541,-18.092815399169865],[-40.12873840332031,-18.08876991271967],[-40.129539489746094,-18.083219528198242],[-40.14836120605463,-18.073930740356445],[-40.150699615478516,-18.06789779663086],[-40.161159515380746,-18.066225051879883],[-40.16804885864258,-18.061166763305664],[-40.182788848876896,-18.035697937011662],[-40.20455551147461,-18.026384353637695],[-40.21010208129883,-18.020687103271484],[-40.22235107421869,-17.980426788330078],[-40.25529098510742,-17.971797943115178],[-40.26623916625971,-17.962020874023438],[-40.275611877441406,-17.962556838989258],[-40.2909317016601,-17.95184326171875],[-40.29104614257801,-17.946882247924748],[-40.306129455566406,-17.947355270385685],[-40.312202453613224,-17.93963623046875],[-40.32173919677729,-17.939041137695312],[-40.333892822265625,-17.927356719970646],[-40.34589385986328,-17.92406463623047],[-40.35554504394531,-17.93044662475586],[-40.367774963378906,-17.92263412475586],[-40.373085021972656,-17.927639007568303],[-40.378574371337834,-17.932815551757756],[-40.382816314697266,-17.95565223693842],[-40.39426040649414,-17.969640731811523],[-40.40040969848627,-18.0053768157959],[-40.392574310302734,-18.026502609252873],[-40.39360427856445,-18.03689193725586],[-40.42201232910156,-18.08854103088379],[-40.42271041870117,-18.108562469482365],[-40.44364929199219,-18.12384605407715],[-40.43991851806629,-18.128120422363224],[-40.446662902831974,-18.138551712036076],[-40.444061279296875,-18.1531925201416],[-40.429561614990234,-18.16547393798828],[-40.43001937866211,-18.169397354125977],[-40.42084503173817,-18.179344177246037],[-40.42510986328119,-18.193111419677734],[-40.42118453979492,-18.21083259582514],[-40.42477035522461,-18.217325210571232],[-40.422939300536996,-18.22791290283203],[-40.426433563232365,-18.256271362304688],[-40.398899078369084,-18.255720138549805],[-40.389896392822266,-18.273555755615178],[-40.36940002441406,-18.27264213562006],[-40.355567932128906,-18.280811309814396],[-40.34539413452143,-18.27972984313965],[-40.33831787109369,-18.296716690063477],[-40.30927276611328,-18.309749603271484],[-40.294754028320256,-18.31187629699707],[-40.27728271484369,-18.306928634643555],[-40.264621734619084,-18.31595230102539],[-40.24985122680653,-18.319269180297795],[-40.241756439208984,-18.31056022644043],[-40.22531127929682,-18.313646316528263],[-40.22193145751953,-18.308902740478516],[-40.22269821166992,-18.2988224029541],[-40.213962554931584,-18.291425704955998],[-40.20681762695307,-18.29022216796875],[-40.19734573364258,-18.296720504760742],[-40.17951965332031,-18.294981002807504],[-40.17641067504877,-18.2919025421142],[-40.17109680175781,-18.29341697692871],[-40.157081604003906,-18.28605842590332],[-40.148014068603516,-18.285814285278263],[-40.1296768188476,-18.274242401122933]]]},"properties":{"id_cidade":3203502,"cidade":"Montanha","id_microrregiao":320204,"id_mesorregiao":3202,"id_estado":32,"id_regiao":3}},{"type":"Feature","geometry":{"type":"Polygon","coordinates":[[[-40.44364929199219,-18.12384605407715],[-40.42271041870117,-18.108562469482365],[-40.42201232910156,-18.08854103088379],[-40.39360427856445,-18.03689193725586],[-40.392574310302734,-18.026502609252873],[-40.40040969848627,-18.0053768157959],[-40.39426040649414,-17.969640731811523],[-40.382816314697266,-17.95565223693842],[-40.378574371337834,-17.932815551757756],[-40.373085021972656,-17.927639007568303],[-40.38636016845703,-17.928449630737248],[-40.39188766479492,-17.92409896850586],[-40.417354583740234,-17.92702865600586],[-40.43251419067383,-17.921327590942326],[-40.453811645507756,-17.918806076049805],[-40.45925903320307,-17.920446395873967],[-40.464126586914006,-17.92819786071766],[-40.484069824218636,-17.908639907836857],[-40.503273010253906,-17.910675048828068],[-40.51779937744135,-17.894166946411133],[-40.52697753906244,-17.89194107055664],[-40.547378540039006,-17.907291412353516],[-40.56786727905268,-17.916023254394474],[-40.58465194702143,-17.918161392211857],[-40.584354400634766,-17.935756683349553],[-40.587100982666016,-17.939016342163086],[-40.59713363647461,-17.936031341552678],[-40.613388061523324,-17.939725875854435],[-40.615238189697266,-17.943710327148438],[-40.612552642822266,-17.94950294494629],[-40.621826171875,-17.960561752319336],[-40.614212036132756,-17.967491149902344],[-40.62422943115229,-17.97591209411621],[-40.625881195068246,-17.9893283843993],[-40.645969390869084,-17.993555068969727],[-40.651435852050724,-18.00686264038086],[-40.66176223754883,-18.013118743896428],[-40.65909957885742,-18.025222778320256],[-40.647991180419865,-18.03298377990717],[-40.638835906982365,-18.035118103027287],[-40.6305046081543,-18.053373336791992],[-40.627964019775334,-18.072774887084847],[-40.613483428954964,-18.09212875366211],[-40.61279296874994,-18.107463836669922],[-40.60546874999994,-18.100004196166992],[-40.59607696533203,-18.101709365844727],[-40.591793060302734,-18.108503341674748],[-40.579345703124886,-18.09791374206543],[-40.57131958007807,-18.100791931152344],[-40.5581436157226,-18.114637374877873],[-40.56191635131836,-18.13109207153309],[-40.559532165527344,-18.13939285278309],[-40.55534362792969,-18.13813591003418],[-40.553916931152344,-18.12951469421381],[-40.546478271484375,-18.125614166259766],[-40.54289245605463,-18.118408203124886],[-40.5416259765625,-18.101903915405273],[-40.53722381591797,-18.11273384094227],[-40.52753829956049,-18.115257263183537],[-40.50806427001953,-18.133235931396484],[-40.47990417480469,-18.132770538330078],[-40.461345672607365,-18.12117576599121],[-40.44364929199219,-18.12384605407715]]]},"properties":{"id_cidade":3203601,"cidade":"Mucurici","id_microrregiao":320204,"id_mesorregiao":3202,"id_estado":32,"id_regiao":3}},{"type":"Feature","geometry":{"type":"Polygon","coordinates":[[[-41.59688568115229,-20.504043579101562],[-41.60425567626942,-20.51955223083496],[-41.602195739746094,-20.53030776977539],[-41.60548782348627,-20.535049438476562],[-41.601829528808594,-20.538562774658203],[-41.60186004638666,-20.546112060546875],[-41.59783554077143,-20.54953193664545],[-41.598934173583984,-20.55357551574707],[-41.59160614013672,-20.555437088012695],[-41.59239959716791,-20.560983657836857],[-41.58508300781244,-20.560537338256836],[-41.58097839355463,-20.56966781616211],[-41.57056808471674,-20.57605552673334],[-41.54003143310547,-20.56382179260254],[-41.532722473144474,-20.562135696411076],[-41.52615356445301,-20.549453735351562],[-41.519325256347656,-20.546743392944336],[-41.4980850219726,-20.548645019531193],[-41.49515914916981,-20.55184555053711],[-41.50188064575195,-20.554468154907227],[-41.49977111816406,-20.570552825927734],[-41.502975463867074,-20.573404312133675],[-41.4963645935058,-20.595237731933594],[-41.492176055908146,-20.59888076782221],[-41.488376617431584,-20.59944343566883],[-41.487983703613224,-20.606378555297795],[-41.475643157958984,-20.60664939880371],[-41.473052978515625,-20.599597930908203],[-41.476898193359375,-20.598812103271428],[-41.470142364501896,-20.58314895629877],[-41.4620246887207,-20.580631256103516],[-41.458465576171875,-20.584400177001896],[-41.45051956176752,-20.580057144164982],[-41.449260711669865,-20.571989059448242],[-41.43860244750965,-20.562011718749886],[-41.4238395690918,-20.566280364990178],[-41.414844512939396,-20.573270797729492],[-41.40647888183594,-20.560989379882812],[-41.40589904785156,-20.548782348632812],[-41.39590072631836,-20.549236297607422],[-41.39366149902338,-20.556900024414062],[-41.39064407348633,-20.557569503784123],[-41.389480590820256,-20.553499221801758],[-41.38550567626953,-20.554168701171818],[-41.38911437988281,-20.548513412475472],[-41.387466430664006,-20.541410446166992],[-41.37110900878906,-20.535720825195312],[-41.374717712402344,-20.529106140136605],[-41.37922286987305,-20.52724838256836],[-41.37710189819336,-20.50880241394043],[-41.359596252441406,-20.511850357055664],[-41.35556411743164,-20.507534027099553],[-41.345413208007756,-20.51371955871582],[-41.32861328124994,-20.514490127563477],[-41.32036209106445,-20.506313323974496],[-41.322872161865234,-20.500354766845703],[-41.328899383544865,-20.497528076171818],[-41.317661285400334,-20.490812301635685],[-41.32382583618164,-20.47868919372553],[-41.3206787109375,-20.474796295166016],[-41.316806793212834,-20.458576202392578],[-41.319427490234375,-20.452177047729435],[-41.314659118652344,-20.44038963317871],[-41.31614685058588,-20.429445266723633],[-41.31110763549805,-20.42582130432129],[-41.31987762451172,-20.41870689392084],[-41.32066345214844,-20.411827087402344],[-41.317317962646484,-20.408842086791992],[-41.32052230834955,-20.400592803955078],[-41.33714294433594,-20.385311126708984],[-41.344463348388615,-20.391324996948185],[-41.346031188964844,-20.37611007690424],[-41.35136413574219,-20.373779296875],[-41.349918365478516,-20.36469841003418],[-41.353340148925724,-20.361415863037053],[-41.35333251953119,-20.352212905883732],[-41.35778045654297,-20.349176406860295],[-41.35753631591791,-20.333276748657227],[-41.35970306396479,-20.326288223266545],[-41.36304855346674,-20.326904296874943],[-41.361606597900334,-20.321353912353516],[-41.35597229003906,-20.31588935852045],[-41.353397369384766,-20.304561614990234],[-41.33949661254877,-20.296970367431584],[-41.33251190185547,-20.302776336669865],[-41.32427978515625,-20.301317214965763],[-41.31784820556635,-20.30074501037592],[-41.314449310302734,-20.29607391357422],[-41.31640243530268,-20.287994384765568],[-41.32045364379883,-20.286983489990234],[-41.31694030761719,-20.282325744628906],[-41.32011032104492,-20.273746490478516],[-41.30503463745117,-20.27043342590332],[-41.312347412109375,-20.26759147644043],[-41.32390213012695,-20.25023078918457],[-41.33477783203125,-20.243921279907227],[-41.34789657592768,-20.24344825744629],[-41.351078033447266,-20.23594093322754],[-41.345413208007756,-20.228029251098633],[-41.3385124206543,-20.225486755371094],[-41.343887329101506,-20.22168922424305],[-41.34001922607422,-20.215578079223576],[-41.348297119140625,-20.205764770507812],[-41.3446426391601,-20.200923919677678],[-41.349578857421875,-20.199127197265568],[-41.37591552734369,-20.204700469970703],[-41.37610244750971,-20.217849731445312],[-41.3812141418457,-20.223464965820312],[-41.39613723754877,-20.22120857238764],[-41.3929328918457,-20.2268009185791],[-41.39958190917963,-20.2347412109375],[-41.41061019897461,-20.230724334716797],[-41.41624069213867,-20.239721298217773],[-41.42280197143555,-20.239559173583928],[-41.42512130737299,-20.246997833251896],[-41.431793212890625,-20.25039482116688],[-41.449100494384766,-20.27504539489746],[-41.43981933593744,-20.282546997070256],[-41.44374465942377,-20.29663658142084],[-41.47578811645502,-20.32719612121582],[-41.474510192871094,-20.331125259399414],[-41.46473312377918,-20.334854125976562],[-41.46845626831043,-20.344856262206918],[-41.46262359619135,-20.348346710205078],[-41.471160888671875,-20.362670898437443],[-41.46775054931635,-20.38683319091797],[-41.47145080566406,-20.392362594604435],[-41.47445297241205,-20.40686607360834],[-41.47986221313471,-20.41424942016596],[-41.5032844543457,-20.432518005371094],[-41.5225830078125,-20.439235687255803],[-41.53488540649414,-20.439571380615234],[-41.54011917114258,-20.431690216064453],[-41.55074691772455,-20.43323135375971],[-41.56220626831055,-20.43328666687006],[-41.56445693969721,-20.427448272704964],[-41.57798385620117,-20.429182052612248],[-41.572502136230355,-20.446239471435547],[-41.58477783203119,-20.461759567260742],[-41.584133148193246,-20.46553230285639],[-41.5770645141601,-20.467647552490234],[-41.57881546020508,-20.47823715209961],[-41.573944091796875,-20.49405288696289],[-41.577880859375,-20.499099731445312],[-41.59688568115229,-20.504043579101562]]]},"properties":{"id_cidade":3203700,"cidade":"Muniz Freire","id_microrregiao":320411,"id_mesorregiao":3204,"id_estado":32,"id_regiao":3}},{"type":"Feature","geometry":{"type":"Polygon","coordinates":[[[-41.445499420166016,-20.909683227539006],[-41.44183731079096,-20.923282623291016],[-41.47260665893555,-20.99152946472168],[-41.41668701171875,-21.007671356201172],[-41.37199783325195,-21.009452819824162],[-41.35961151123041,-20.996303558349553],[-41.350673675536996,-20.996517181396484],[-41.34672546386719,-20.990581512451115],[-41.34365463256836,-20.991773605346623],[-41.312431335449105,-21.006755828857422],[-41.304607391357365,-20.998828887939453],[-41.29103088378906,-21.004785537719727],[-41.27861022949219,-21.002525329589844],[-41.25834655761713,-21.026666641235295],[-41.24584960937494,-21.02555274963379],[-41.24060058593744,-21.013645172119084],[-41.22853469848633,-21.006725311279297],[-41.22026062011719,-20.98759651184082],[-41.2238883972168,-20.985719680786133],[-41.223304748535156,-20.974998474121094],[-41.2303466796875,-20.966072082519474],[-41.25204467773432,-20.95917510986328],[-41.257511138916016,-20.95393753051752],[-41.27056121826166,-20.95292091369629],[-41.27645111083979,-20.957971572875977],[-41.28287124633778,-20.95465087890625],[-41.28641128540039,-20.95012855529785],[-41.277076721191406,-20.943710327148438],[-41.2783851623534,-20.932895660400277],[-41.277873992919865,-20.92827796936035],[-41.27272415161127,-20.92555046081543],[-41.265693664550724,-20.903480529785156],[-41.258266448974496,-20.89879608154297],[-41.264358520507756,-20.892505645751953],[-41.26482391357416,-20.88702011108387],[-41.25916290283203,-20.877546310424805],[-41.24525833129877,-20.868486404418945],[-41.242279052734375,-20.860563278198242],[-41.23241806030262,-20.853649139404297],[-41.23805236816406,-20.85258674621582],[-41.23834991455078,-20.847991943359318],[-41.249061584472656,-20.846654891967773],[-41.25651550292963,-20.849071502685547],[-41.259696960449105,-20.85311698913563],[-41.268516540527344,-20.849058151245117],[-41.27903747558588,-20.85546112060547],[-41.287258148193246,-20.85626983642578],[-41.28727722167969,-20.849605560302678],[-41.29425811767578,-20.83988380432129],[-41.300472259521484,-20.857803344726506],[-41.307170867919865,-20.858165740966797],[-41.31599807739258,-20.85088539123535],[-41.32123565673828,-20.852636337280217],[-41.323509216308594,-20.858369827270508],[-41.32976913452143,-20.85832786560053],[-41.33187866210932,-20.86311531066889],[-41.3376579284668,-20.863510131835938],[-41.34009170532215,-20.874387741088754],[-41.37110900878906,-20.874023437499943],[-41.40047073364258,-20.856386184692383],[-41.414974212646484,-20.852701187133732],[-41.41608047485346,-20.854047775268498],[-41.4199333190918,-20.86162757873535],[-41.41603469848633,-20.865833282470646],[-41.423160552978516,-20.867874145507812],[-41.425537109374886,-20.872772216796875],[-41.42351531982416,-20.878866195678597],[-41.429298400878906,-20.902589797973576],[-41.435020446777344,-20.90792465209961],[-41.445499420166016,-20.909683227539006]]]},"properties":{"id_cidade":3203809,"cidade":"Muqui","id_microrregiao":320412,"id_mesorregiao":3204,"id_estado":32,"id_regiao":3}},{"type":"Feature","geometry":{"type":"Polygon","coordinates":[[[-40.65679168701172,-18.94667816162098],[-40.65039443969715,-18.939739227294922],[-40.6444091796875,-18.94359016418457],[-40.631805419921875,-18.935832977294922],[-40.63215255737299,-18.94694709777832],[-40.61484909057617,-18.954492568969727],[-40.60439300537104,-18.946432113647404],[-40.599002838134766,-18.9371395111084],[-40.59547424316406,-18.936807632446175],[-40.59209442138666,-18.927467346191406],[-40.579376220703125,-18.90296745300293],[-40.56718826293945,-18.88801193237299],[-40.558319091796875,-18.887859344482422],[-40.53564834594721,-18.871715545654183],[-40.52650070190424,-18.870525360107422],[-40.51606750488281,-18.87598037719721],[-40.512237548828125,-18.870309829711857],[-40.50361251831049,-18.866247177124023],[-40.50163269042969,-18.86095428466797],[-40.48637771606445,-18.85638236999506],[-40.48011016845703,-18.854776382446232],[-40.45832824707031,-18.85554695129389],[-40.44092941284174,-18.852813720703068],[-40.4221458435058,-18.85490608215332],[-40.40135192871088,-18.850622177124023],[-40.40441513061518,-18.833267211914006],[-40.40252304077143,-18.82640075683588],[-40.3924446105957,-18.818389892578068],[-40.392902374267464,-18.78182411193842],[-40.34798812866211,-18.74547576904297],[-40.343902587890625,-18.732925415039006],[-40.334964752197266,-18.728313446044922],[-40.33625411987293,-18.726163864135742],[-40.28428268432617,-18.577075958251953],[-40.30102539062494,-18.57281875610346],[-40.30698013305664,-18.577049255371094],[-40.31591796874994,-18.574935913085824],[-40.331336975097656,-18.581016540527287],[-40.33823394775385,-18.56996726989746],[-40.332057952880746,-18.560358047485295],[-40.34817886352539,-18.548168182373047],[-40.35266876220703,-18.549648284912053],[-40.35778427124018,-18.54591178894043],[-40.3696403503418,-18.551847457885742],[-40.37022399902344,-18.54551887512207],[-40.38342285156244,-18.53899955749506],[-40.39043426513672,-18.544437408447266],[-40.4206657409668,-18.54158210754389],[-40.426345825195256,-18.525423049926758],[-40.417766571044865,-18.518686294555607],[-40.41611099243164,-18.51480674743641],[-40.431594848632756,-18.49951744079584],[-40.44094848632807,-18.50160026550293],[-40.449619293212834,-18.494823455810433],[-40.449512481689396,-18.489259719848633],[-40.45671844482422,-18.48568153381342],[-40.45287322998041,-18.475492477416935],[-40.45374679565418,-18.466812133789062],[-40.460853576660156,-18.46087074279785],[-40.458187103271484,-18.45649528503418],[-40.450656890869084,-18.45447921752924],[-40.46570587158203,-18.434724807739258],[-40.44845199584961,-18.42002868652338],[-40.45099639892578,-18.413932800292912],[-40.470062255859375,-18.410993576049805],[-40.484416961669865,-18.413539886474553],[-40.4905891418457,-18.410934448242188],[-40.496036529541016,-18.39313125610346],[-40.50939178466797,-18.3902645111084],[-40.52748489379883,-18.365062713623047],[-40.53877639770502,-18.368099212646484],[-40.54151916503906,-18.36343765258789],[-40.537715911865234,-18.359968185424805],[-40.54802703857416,-18.359312057495117],[-40.549289703369084,-18.362667083740234],[-40.55422973632807,-18.359834671020394],[-40.56137466430664,-18.363374710083008],[-40.57126998901367,-18.3598957061767],[-40.58108139038086,-18.37030792236328],[-40.58302688598627,-18.36737060546875],[-40.60767364501953,-18.41653823852539],[-40.59770965576172,-18.424762725830078],[-40.59353637695307,-18.434749603271484],[-40.579959869384766,-18.440317153930607],[-40.57445907592768,-18.435653686523438],[-40.570804595947266,-18.43648910522461],[-40.55674362182606,-18.45170783996582],[-40.54829025268555,-18.455442428588867],[-40.543697357177734,-18.454101562499886],[-40.54290390014643,-18.459692001342773],[-40.536197662353516,-18.46263885498047],[-40.53545379638666,-18.466308593749886],[-40.5268821716308,-18.468601226806527],[-40.52325820922846,-18.473001480102482],[-40.52325439453119,-18.480606079101506],[-40.51491165161133,-18.481346130371037],[-40.5172119140625,-18.486837387084904],[-40.528831481933594,-18.48581314086914],[-40.53475570678711,-18.49046897888178],[-40.550594329833984,-18.49331283569336],[-40.5655517578125,-18.51255226135254],[-40.56475830078125,-18.523437499999886],[-40.562244415283146,-18.528774261474496],[-40.56672286987299,-18.551313400268498],[-40.56414794921869,-18.56514930725092],[-40.55544662475586,-18.571229934692326],[-40.55048370361328,-18.58264541625971],[-40.536304473876896,-18.58916282653803],[-40.53699874877918,-18.60469627380371],[-40.53304672241211,-18.609310150146484],[-40.51937484741211,-18.62314414978016],[-40.50036239624018,-18.621061325073242],[-40.4919319152832,-18.634071350097656],[-40.49637222290028,-18.65070343017578],[-40.483123779296875,-18.657810211181527],[-40.49629211425781,-18.660581588745117],[-40.504432678222656,-18.666707992553654],[-40.51219940185541,-18.663644790649357],[-40.51836013793945,-18.66533851623535],[-40.54281997680653,-18.686443328857422],[-40.57012176513672,-18.700948715209904],[-40.59454345703125,-18.719959259033146],[-40.61035919189453,-18.720378875732422],[-40.621742248535156,-18.72532844543457],[-40.624755859375,-18.727466583251953],[-40.626995086669865,-18.724332809448242],[-40.641265869140625,-18.725067138671875],[-40.65218734741205,-18.707004547119084],[-40.669002532958984,-18.702184677123967],[-40.676982879638615,-18.706516265869084],[-40.680896759033146,-18.70342826843256],[-40.69625473022455,-18.706132888793945],[-40.700096130371094,-18.695837020874023],[-40.686256408691406,-18.69503211975092],[-40.682464599609375,-18.69121360778803],[-40.68397521972656,-18.687137603759766],[-40.7075309753418,-18.689205169677734],[-40.710113525390625,-18.695465087890568],[-40.70615386962885,-18.703784942626953],[-40.72299575805664,-18.703994750976562],[-40.72269821166992,-18.707418441772404],[-40.70796585083002,-18.715192794799805],[-40.71916580200195,-18.723894119262695],[-40.714187622070256,-18.73628616333002],[-40.718505859375,-18.740718841552734],[-40.719619750976506,-18.75721931457514],[-40.73261260986328,-18.77144432067871],[-40.73925018310541,-18.7686767578125],[-40.74864959716797,-18.77068328857422],[-40.7539329528808,-18.775671005249023],[-40.75825119018543,-18.793174743652344],[-40.772300720214844,-18.795202255249023],[-40.77471923828119,-18.80223846435547],[-40.76643753051752,-18.818952560424805],[-40.76933288574219,-18.8214492797851],[-40.775417327880746,-18.817974090576172],[-40.776039123535156,-18.830833435058594],[-40.76799774169922,-18.835187911987305],[-40.75707244873041,-18.832588195800724],[-40.76344680786133,-18.850244522094727],[-40.75315856933594,-18.84353065490717],[-40.74959945678711,-18.845539093017578],[-40.74471664428711,-18.843303680419922],[-40.738162994384766,-18.85504913330078],[-40.732906341552734,-18.854431152343693],[-40.728786468505746,-18.859661102294922],[-40.71824645996094,-18.857521057128906],[-40.71235275268549,-18.869611740112305],[-40.71451950073242,-18.874391555786133],[-40.72304534912104,-18.875944137573185],[-40.72587585449219,-18.88074111938471],[-40.737117767333984,-18.879201889037972],[-40.739265441894474,-18.89763832092285],[-40.74108123779291,-18.903974533080998],[-40.737510681152344,-18.913938522338867],[-40.7420654296875,-18.91947937011713],[-40.73929214477539,-18.93616867065424],[-40.73326492309559,-18.93811607360834],[-40.71962738037098,-18.934284210205078],[-40.71149826049799,-18.940727233886662],[-40.70217895507801,-18.94170570373535],[-40.69910049438471,-18.930870056152344],[-40.67734146118164,-18.934175491333008],[-40.67290496826172,-18.93760681152338],[-40.673938751220646,-18.94502639770502],[-40.668308258056584,-18.94820404052723],[-40.65679168701172,-18.94667816162098]]]},"properties":{"id_cidade":3203908,"cidade":"Nova Venécia","id_microrregiao":320102,"id_mesorregiao":3201,"id_estado":32,"id_regiao":3}},{"type":"Feature","geometry":{"type":"Polygon","coordinates":[[[-40.8198127746582,-19.35779953002924],[-40.8134765625,-19.33432769775385],[-40.81713104248047,-19.325584411621094],[-40.810226440429574,-19.316423416137695],[-40.80842208862305,-19.303237915039006],[-40.79327392578125,-19.300378799438477],[-40.78307342529297,-19.29267692565918],[-40.7783088684082,-19.294321060180607],[-40.756156921386605,-19.29681396484375],[-40.72875595092768,-19.28821372985834],[-40.73482131958008,-19.264940261840763],[-40.73179626464844,-19.262329101562443],[-40.72137451171875,-19.258539199829045],[-40.719581604003906,-19.2650203704834],[-40.71192169189453,-19.266963958740234],[-40.704776763916016,-19.256938934326172],[-40.69566345214838,-19.256816864013672],[-40.69916915893555,-19.24588394165039],[-40.70339202880854,-19.24379158020008],[-40.7015495300293,-19.24089241027832],[-40.68675231933594,-19.236324310302734],[-40.68338012695307,-19.23959732055664],[-40.673118591308594,-19.23886871337885],[-40.67073059082031,-19.2297687530517],[-40.66460037231434,-19.230321884155217],[-40.6596794128418,-19.203134536743107],[-40.67042160034168,-19.20149993896473],[-40.6561279296875,-19.180034637451115],[-40.6584358215332,-19.174152374267578],[-40.6562767028808,-19.168466567993164],[-40.66668701171869,-19.16645622253418],[-40.66681671142578,-19.156341552734375],[-40.673435211181584,-19.159866333007812],[-40.67853927612305,-19.15781593322754],[-40.679344177246094,-19.144796371459904],[-40.68511962890625,-19.14484214782715],[-40.6885147094726,-19.1513671875],[-40.690044403076115,-19.149229049682617],[-40.68964767456049,-19.138277053833008],[-40.700717926025334,-19.137811660766545],[-40.68883514404297,-19.127832412719727],[-40.684635162353516,-19.10968017578125],[-40.70942306518543,-19.108861923217773],[-40.717700958251896,-19.097406387328988],[-40.716838836669865,-19.083885192871037],[-40.71254730224604,-19.07682991027832],[-40.70770263671869,-19.073179244995004],[-40.703147888183594,-19.079389572143555],[-40.70036697387684,-19.077026367187443],[-40.701980590820256,-19.062803268432617],[-40.72364044189453,-19.053607940673828],[-40.7313499450683,-19.034933090209904],[-40.74209213256836,-19.03008270263672],[-40.74055862426758,-19.023971557617188],[-40.75116348266596,-19.013242721557617],[-40.75682830810547,-18.999750137328988],[-40.77104949951172,-18.995628356933594],[-40.77982711791992,-19.005098342895508],[-40.78354263305664,-19.010356903076115],[-40.78427124023432,-19.021463394164982],[-40.78962326049799,-19.026374816894474],[-40.7957878112793,-19.026264190673828],[-40.814800262451115,-19.018016815185547],[-40.82855224609375,-19.018482208251896],[-40.834861755371094,-19.02452659606928],[-40.85210037231445,-19.022899627685547],[-40.858436584472656,-19.01914978027338],[-40.857498168945256,-18.961107254028263],[-40.85704040527338,-18.940359115600586],[-40.89098739624018,-18.939916610717717],[-40.90483856201172,-18.939598083496037],[-40.92816543579096,-18.944704055786076],[-40.94704055786133,-18.94427871704096],[-40.94979476928711,-18.94805908203125],[-40.94488143920893,-18.95949935913086],[-40.95170974731445,-19.00614356994629],[-40.93974685668945,-18.998802185058594],[-40.92864608764643,-18.998279571533203],[-40.91844177246088,-19.01027488708496],[-40.907649993896484,-19.00655174255371],[-40.90130233764637,-19.008073806762695],[-40.89542770385742,-19.004322052001953],[-40.90012359619135,-19.050689697265568],[-40.90666198730469,-19.056381225585938],[-40.910987854003906,-19.063436508178654],[-40.921058654785156,-19.065765380859318],[-40.94872283935547,-19.079484939575195],[-40.94655990600586,-19.088502883911076],[-40.93876647949213,-19.0873184204101],[-40.93801116943354,-19.092006683349553],[-40.9527587890625,-19.10222816467285],[-40.96033096313471,-19.100704193115234],[-40.964637756347656,-19.110858917236328],[-40.96283721923828,-19.121553421020508],[-40.95588302612305,-19.130006790161076],[-40.96132278442383,-19.142723083496037],[-40.960037231445256,-19.144973754882812],[-40.94802093505854,-19.141599655151367],[-40.94414138793945,-19.144374847411996],[-40.94880294799805,-19.15327644348139],[-40.94229125976557,-19.161132812499943],[-40.94066619873041,-19.167991638183537],[-40.9410285949707,-19.18056869506836],[-40.93829727172846,-19.183364868164006],[-40.934097290039006,-19.18075370788563],[-40.932525634765625,-19.186281204223576],[-40.92668151855469,-19.189277648925724],[-40.92948913574219,-19.19785308837885],[-40.922611236572266,-19.204082489013672],[-40.9282608032226,-19.211765289306584],[-40.93096542358387,-19.222415924072266],[-40.934856414794865,-19.22294616699213],[-40.909961700439396,-19.236412048339844],[-40.87459564208979,-19.234737396240234],[-40.87530517578125,-19.239471435546875],[-40.881267547607365,-19.243124008178597],[-40.88560104370117,-19.240781784057617],[-40.89103698730469,-19.244386672973633],[-40.88765716552729,-19.2540340423584],[-40.87183761596668,-19.261377334594727],[-40.85809326171869,-19.285694122314396],[-40.86608886718744,-19.29372787475586],[-40.862102508544865,-19.306419372558594],[-40.87273025512695,-19.311683654785156],[-40.88176345825195,-19.329420089721623],[-40.88232803344715,-19.33245086669922],[-40.876701354980355,-19.334775924682504],[-40.864261627197266,-19.330646514892578],[-40.857643127441406,-19.322462081909123],[-40.85040283203125,-19.333995819091797],[-40.830249786376896,-19.33779525756836],[-40.82666015625,-19.354854583740234],[-40.8198127746582,-19.35779953002924]]]},"properties":{"id_cidade":3204005,"cidade":"Pancas","id_microrregiao":320103,"id_mesorregiao":3201,"id_estado":32,"id_regiao":3}},{"type":"Feature","geometry":{"type":"Polygon","coordinates":[[[-39.91210174560547,-18.178926467895508],[-39.94710922241211,-18.156604766845703],[-40.06140899658203,-18.083585739135742],[-40.22235107421869,-17.980426788330078],[-40.21010208129883,-18.020687103271484],[-40.20455551147461,-18.026384353637695],[-40.182788848876896,-18.035697937011662],[-40.16804885864258,-18.061166763305664],[-40.161159515380746,-18.066225051879883],[-40.150699615478516,-18.06789779663086],[-40.14836120605463,-18.073930740356445],[-40.129539489746094,-18.083219528198242],[-40.12873840332031,-18.08876991271967],[-40.10936737060541,-18.092815399169865],[-40.09596633911133,-18.106956481933537],[-40.09950256347656,-18.128095626831055],[-40.106678009033146,-18.13526725769043],[-40.108860015869084,-18.144969940185547],[-40.10671615600586,-18.15165710449213],[-40.09144973754883,-18.165988922119084],[-40.08999633789057,-18.180345535278263],[-40.1296768188476,-18.274242401122933],[-40.124290466308594,-18.27768325805664],[-40.10725784301752,-18.27791023254383],[-40.09624099731445,-18.281503677368107],[-40.091892242431584,-18.2781524658202],[-40.070049285888615,-18.279067993164006],[-40.04740524291992,-18.289691925048714],[-40.03820037841791,-18.290346145629883],[-40.03626251220703,-18.293989181518555],[-40.02146911621094,-18.28784561157221],[-39.99501419067377,-18.287342071533203],[-39.98879241943354,-18.285350799560547],[-39.98332977294922,-18.293800354003906],[-39.977863311767464,-18.293012619018555],[-39.96263122558594,-18.299041748046875],[-39.95589828491205,-18.311071395873967],[-39.93057632446289,-18.31433677673334],[-39.91761779785156,-18.31261444091797],[-39.93732833862293,-18.29157066345215],[-39.937255859375,-18.2810115814209],[-39.93102264404291,-18.272390365600586],[-39.92785644531244,-18.258907318115234],[-39.942806243896484,-18.243125915527287],[-39.938899993896484,-18.238113403320312],[-39.92877197265625,-18.23520660400385],[-39.91602325439453,-18.216247558593693],[-39.90262985229492,-18.206729888916016],[-39.90342712402344,-18.1914443969726],[-39.915290832519474,-18.18255996704096],[-39.91210174560547,-18.178926467895508]]]},"properties":{"id_cidade":3204054,"cidade":"Pedro Canário","id_microrregiao":320205,"id_mesorregiao":3202,"id_estado":32,"id_regiao":3}},{"type":"Feature","geometry":{"type":"Polygon","coordinates":[[[-40.029869079589844,-18.444776535034123],[-40.015350341796875,-18.434524536132756],[-40.00221633911133,-18.432857513427734],[-39.99064636230469,-18.437461853027344],[-39.975742340087834,-18.438146591186523],[-39.95046234130854,-18.427305221557617],[-39.94598770141596,-18.42203712463379],[-39.938297271728516,-18.41373634338379],[-39.93922042846674,-18.406368255615234],[-39.94260787963867,-18.392929077148438],[-39.94519805908203,-18.38412666320795],[-39.953773498535156,-18.364809036254883],[-39.95953369140619,-18.338300704956055],[-39.958957672119084,-18.324470520019474],[-39.954532623291016,-18.318571090698242],[-39.95138168334961,-18.315216064453068],[-39.95589828491205,-18.311071395873967],[-39.96263122558594,-18.299041748046875],[-39.977863311767464,-18.293012619018555],[-39.98332977294922,-18.293800354003906],[-39.98879241943354,-18.285350799560547],[-39.99501419067377,-18.287342071533203],[-40.02146911621094,-18.28784561157221],[-40.03626251220703,-18.293989181518555],[-40.03820037841791,-18.290346145629883],[-40.04740524291992,-18.289691925048714],[-40.070049285888615,-18.279067993164006],[-40.091892242431584,-18.2781524658202],[-40.09624099731445,-18.281503677368107],[-40.10725784301752,-18.27791023254383],[-40.124290466308594,-18.27768325805664],[-40.1296768188476,-18.274242401122933],[-40.148014068603516,-18.285814285278263],[-40.157081604003906,-18.28605842590332],[-40.17109680175781,-18.29341697692871],[-40.17641067504877,-18.2919025421142],[-40.17951965332031,-18.294981002807504],[-40.19734573364258,-18.296720504760742],[-40.20681762695307,-18.29022216796875],[-40.213962554931584,-18.291425704955998],[-40.22269821166992,-18.2988224029541],[-40.22193145751953,-18.308902740478516],[-40.22531127929682,-18.313646316528263],[-40.241756439208984,-18.31056022644043],[-40.24985122680653,-18.319269180297795],[-40.264621734619084,-18.31595230102539],[-40.27728271484369,-18.306928634643555],[-40.294754028320256,-18.31187629699707],[-40.30927276611328,-18.309749603271484],[-40.33831787109369,-18.296716690063477],[-40.34539413452143,-18.27972984313965],[-40.355567932128906,-18.280811309814396],[-40.36940002441406,-18.27264213562006],[-40.389896392822266,-18.273555755615178],[-40.398899078369084,-18.255720138549805],[-40.426433563232365,-18.256271362304688],[-40.441307067871094,-18.250831604003906],[-40.44770431518549,-18.25370788574213],[-40.4600372314452,-18.247764587402344],[-40.4683837890625,-18.24880409240717],[-40.477188110351506,-18.25508308410639],[-40.49882507324213,-18.355562210083008],[-40.48883438110346,-18.353509902954045],[-40.485897064208984,-18.36631584167469],[-40.47303771972656,-18.375110626220646],[-40.46419143676758,-18.373109817504883],[-40.45584487915028,-18.37575912475586],[-40.44284820556635,-18.362791061401254],[-40.430454254150334,-18.362987518310547],[-40.401382446289006,-18.38599014282221],[-40.39551544189453,-18.381759643554688],[-40.381412506103516,-18.38223648071289],[-40.371528625488224,-18.37741851806635],[-40.35454940795893,-18.379468917846623],[-40.33211517333979,-18.39857292175293],[-40.322052001953125,-18.424068450927734],[-40.319618225097656,-18.43663024902338],[-40.30583572387695,-18.446271896362305],[-40.30764007568348,-18.456504821777344],[-40.29485702514643,-18.47144699096674],[-40.28994369506836,-18.483543395996037],[-40.2831192016601,-18.484172821044922],[-40.26934051513672,-18.49483871459961],[-40.258724212646484,-18.495864868164006],[-40.2515983581543,-18.495323181152344],[-40.235374450683594,-18.495204925536996],[-40.206428527831974,-18.487823486328125],[-40.185256958007756,-18.472679138183537],[-40.17468261718744,-18.47086524963379],[-40.15885925292963,-18.473783493041935],[-40.1375617980957,-18.48467445373535],[-40.12351608276367,-18.487739562988224],[-40.09486770629877,-18.486551284789982],[-40.08870315551758,-18.485475540161133],[-40.05989456176758,-18.463632583618164],[-40.04489898681635,-18.446117401123047],[-40.029869079589844,-18.444776535034123]]]},"properties":{"id_cidade":3204104,"cidade":"Pinheiros","id_microrregiao":320204,"id_mesorregiao":3202,"id_estado":32,"id_regiao":3}},{"type":"Feature","geometry":{"type":"MultiPolygon","coordinates":[[[[-40.82836151123047,-20.890932083129883],[-40.758785247802734,-20.86420059204096],[-40.75791549682617,-20.86336135864252],[-40.75652694702143,-20.86125183105463],[-40.75208282470703,-20.856250762939453],[-40.750415802001896,-20.85541534423828],[-40.74680709838856,-20.85069465637207],[-40.74180603027344,-20.846805572509766],[-40.73958206176758,-20.846250534057504],[-40.735416412353516,-20.84430694580078],[-40.73180389404291,-20.84375],[-40.72847366333002,-20.842361450195256],[-40.725139617919865,-20.842361450195256],[-40.72319412231445,-20.839582443237305],[-40.72152709960932,-20.83986091613758],[-40.72152709960932,-20.841249465942383],[-40.719581604003906,-20.842636108398438],[-40.71569442749018,-20.843196868896484],[-40.71319580078125,-20.842361450195256],[-40.707359313964844,-20.837083816528263],[-40.703193664550724,-20.837083816528263],[-40.70097351074219,-20.83470726013178],[-40.7073020935058,-20.831296920776367],[-40.70961761474598,-20.82844352722168],[-40.7107315063476,-20.820966720580998],[-40.72161483764643,-20.8184814453125],[-40.729900360107365,-20.805988311767578],[-40.73675918579096,-20.80737686157221],[-40.74205780029297,-20.803688049316406],[-40.748394012451115,-20.798982620239258],[-40.75120162963867,-20.78789520263672],[-40.769901275634766,-20.788436889648438],[-40.82820510864258,-20.852678298950195],[-40.82836151123047,-20.890932083129883]]],[[[-40.725418090820256,-20.848194122314396],[-40.72791671752924,-20.84930610656727],[-40.72791671752924,-20.850971221923714],[-40.72597122192383,-20.850971221923714],[-40.725139617919865,-20.84986114501953],[-40.725418090820256,-20.848194122314396]]],[[[-40.72180557250971,-20.842636108398438],[-40.72319412231445,-20.843196868896484],[-40.724582672119084,-20.84541893005371],[-40.723751068115234,-20.847084045410156],[-40.7198600769043,-20.846805572509766],[-40.71875,-20.84430694580078],[-40.72041702270508,-20.84402847290039],[-40.72180557250971,-20.842636108398438]]]]},"properties":{"id_cidade":3204203,"cidade":"Piúma","id_microrregiao":320310,"id_mesorregiao":3203,"id_estado":32,"id_regiao":3}},{"type":"Feature","geometry":{"type":"Polygon","coordinates":[[[-40.58302688598627,-18.36737060546875],[-40.58108139038086,-18.37030792236328],[-40.57126998901367,-18.3598957061767],[-40.56137466430664,-18.363374710083008],[-40.55422973632807,-18.359834671020394],[-40.549289703369084,-18.362667083740234],[-40.54802703857416,-18.359312057495117],[-40.537715911865234,-18.359968185424805],[-40.54151916503906,-18.36343765258789],[-40.53877639770502,-18.368099212646484],[-40.52748489379883,-18.365062713623047],[-40.50939178466797,-18.3902645111084],[-40.496036529541016,-18.39313125610346],[-40.4905891418457,-18.410934448242188],[-40.484416961669865,-18.413539886474553],[-40.470062255859375,-18.410993576049805],[-40.45099639892578,-18.413932800292912],[-40.451740264892464,-18.405908584594727],[-40.49882507324213,-18.355562210083008],[-40.477188110351506,-18.25508308410639],[-40.4683837890625,-18.24880409240717],[-40.4600372314452,-18.247764587402344],[-40.44770431518549,-18.25370788574213],[-40.441307067871094,-18.250831604003906],[-40.426433563232365,-18.256271362304688],[-40.422939300536996,-18.22791290283203],[-40.42477035522461,-18.217325210571232],[-40.42118453979492,-18.21083259582514],[-40.42510986328119,-18.193111419677734],[-40.42084503173817,-18.179344177246037],[-40.43001937866211,-18.169397354125977],[-40.429561614990234,-18.16547393798828],[-40.444061279296875,-18.1531925201416],[-40.446662902831974,-18.138551712036076],[-40.43991851806629,-18.128120422363224],[-40.44364929199219,-18.12384605407715],[-40.461345672607365,-18.12117576599121],[-40.47990417480469,-18.132770538330078],[-40.50806427001953,-18.133235931396484],[-40.52753829956049,-18.115257263183537],[-40.53722381591797,-18.11273384094227],[-40.5416259765625,-18.101903915405273],[-40.54289245605463,-18.118408203124886],[-40.546478271484375,-18.125614166259766],[-40.553916931152344,-18.12951469421381],[-40.55534362792969,-18.13813591003418],[-40.559532165527344,-18.13939285278309],[-40.563533782958984,-18.155397415161133],[-40.55686950683594,-18.158609390258675],[-40.557109832763615,-18.164575576782227],[-40.5528564453125,-18.165739059448185],[-40.555305480956974,-18.17836380004877],[-40.545780181884766,-18.204254150390625],[-40.55330657958973,-18.221727371215763],[-40.55090332031244,-18.227830886840763],[-40.558753967285156,-18.23098373413086],[-40.618865966796875,-18.28757476806635],[-40.609493255615234,-18.30239486694336],[-40.61226272583008,-18.3180255889892],[-40.60174179077143,-18.343574523925668],[-40.596614837646484,-18.339380264282227],[-40.584129333496094,-18.33960533142084],[-40.57506561279297,-18.344093322753906],[-40.57497787475586,-18.34869766235346],[-40.58245468139643,-18.3524227142334],[-40.58302688598627,-18.36737060546875]]]},"properties":{"id_cidade":3204252,"cidade":"Ponto Belo","id_microrregiao":320204,"id_mesorregiao":3202,"id_estado":32,"id_regiao":3}},{"type":"Feature","geometry":{"type":"Polygon","coordinates":[[[-41.194210052490234,-21.06165313720703],[-41.20977783203125,-21.068180084228516],[-41.21474456787104,-21.065582275390625],[-41.22942733764643,-21.074031829833928],[-41.23361587524414,-21.07895851135254],[-41.23130416870117,-21.084968566894474],[-41.220619201660156,-21.094562530517578],[-41.223114013671875,-21.111949920654297],[-41.20563507080078,-21.146137237548714],[-41.19284057617176,-21.170484542846623],[-41.19225692749018,-21.194438934326172],[-41.1837158203125,-21.2286701202392],[-41.17418670654297,-21.231664657592773],[-41.137397766113224,-21.22798347473139],[-41.133575439453125,-21.226814270019418],[-41.119182586669865,-21.230388641357422],[-41.104248046874886,-21.219741821289006],[-41.10260391235346,-21.222183227539062],[-41.09238052368164,-21.21865463256836],[-41.090999603271484,-21.221652984619084],[-41.081382751464844,-21.221986770629826],[-41.07337188720703,-21.230743408203125],[-41.07049560546875,-21.228727340698242],[-41.055816650390625,-21.238155364990178],[-41.04133224487305,-21.255163192748967],[-41.02509689331055,-21.246297836303654],[-41.01225280761719,-21.251083374023438],[-41.00637817382807,-21.252166748046818],[-40.9984016418457,-21.26622581481928],[-40.99706268310547,-21.2833309173584],[-40.99521636962885,-21.285594940185547],[-40.98551559448231,-21.28696441650385],[-40.97793197631836,-21.281038284301758],[-40.97649002075195,-21.286937713623047],[-40.97890472412104,-21.28889083862299],[-40.97566986083979,-21.289072036743164],[-40.97186279296869,-21.294307708740178],[-40.95930480957031,-21.297189712524414],[-40.96041488647455,-21.292360305786076],[-40.960971832275334,-21.286806106567383],[-40.96208190917969,-21.282361984252873],[-40.96263885498047,-21.272361755371094],[-40.96208190917969,-21.271804809570256],[-40.96208190917969,-21.265417098999023],[-40.96069335937494,-21.26013946533203],[-40.96014022827143,-21.25541687011713],[-40.9587516784668,-21.251527786254826],[-40.95791625976557,-21.247083663940316],[-40.95652770996094,-21.24347305297846],[-40.95541763305664,-21.241804122924748],[-40.954029083251896,-21.23763847351063],[-40.949859619140625,-21.22902870178217],[-40.942359924316406,-21.218196868896428],[-40.93930435180664,-21.21263885498047],[-40.93819427490229,-21.21152687072754],[-40.936248779296875,-21.207916259765568],[-40.93541717529291,-21.2045841217041],[-40.93430709838867,-21.202362060546875],[-40.932918548583984,-21.200971603393555],[-40.930137634277344,-21.195972442626953],[-40.928714752197266,-21.19263458251953],[-40.934577941894474,-21.18813514709467],[-40.9385986328125,-21.184755325317383],[-40.9464225769043,-21.175010681152287],[-40.94912338256836,-21.164424896240178],[-40.95058441162104,-21.141132354736328],[-40.946411132812386,-21.114208221435547],[-40.95988464355469,-21.07760238647461],[-40.97201919555664,-21.07721710205078],[-40.97682571411127,-21.07277488708496],[-40.987369537353516,-21.059162139892464],[-40.99359512329096,-21.05706405639637],[-41.00043487548828,-21.06511497497553],[-41.01846694946289,-21.06342124938965],[-41.02505111694336,-21.056562423706055],[-41.025020599365234,-21.049940109252873],[-41.033878326416016,-21.05132484436035],[-41.04088973999018,-21.04528045654297],[-41.0442008972168,-21.04603767395014],[-41.03727722167963,-21.03620147705078],[-41.04367828369135,-21.018655776977482],[-41.053184509277344,-21.025413513183594],[-41.06381225585926,-21.02695083618164],[-41.08806610107422,-21.02003860473627],[-41.09782409667963,-21.01167106628418],[-41.10211181640619,-21.01386070251465],[-41.11354446411133,-21.015544891357365],[-41.11700439453119,-21.01330375671381],[-41.126708984375,-21.01386833190918],[-41.131790161132756,-21.03021049499506],[-41.14105987548817,-21.03362846374506],[-41.143604278564396,-21.038471221923828],[-41.150630950927734,-21.039350509643498],[-41.153297424316406,-21.04571151733387],[-41.149105072021484,-21.050025939941406],[-41.154998779296875,-21.051649093627873],[-41.15364837646473,-21.055660247802734],[-41.156970977783146,-21.055604934692383],[-41.16092300415039,-21.0618953704834],[-41.176483154296875,-21.063257217407227],[-41.18827819824219,-21.06929206848139],[-41.194210052490234,-21.06165313720703]]]},"properties":{"id_cidade":3204302,"cidade":"Presidente Kennedy","id_microrregiao":320413,"id_mesorregiao":3204,"id_estado":32,"id_regiao":3}},{"type":"Feature","geometry":{"type":"Polygon","coordinates":[[[-40.4315299987793,-19.259248733520508],[-40.428218841552734,-19.25855064392084],[-40.42793655395508,-19.271905899047795],[-40.4199333190918,-19.266136169433537],[-40.40890121459955,-19.26698112487793],[-40.417701721191406,-19.272470474243107],[-40.414443969726506,-19.277980804443246],[-40.41593551635742,-19.28704452514637],[-40.42142105102539,-19.29970169067377],[-40.43104553222645,-19.308151245117188],[-40.4338493347168,-19.320966720581055],[-40.416282653808594,-19.32509994506836],[-40.411087036132756,-19.33093070983881],[-40.404792785644474,-19.34824562072754],[-40.39782333374018,-19.347692489624023],[-40.3982200622558,-19.365419387817383],[-40.39477539062494,-19.368162155151367],[-40.38153076171869,-19.369993209838867],[-40.378353118896484,-19.364387512206918],[-40.3812141418457,-19.36098861694336],[-40.37270736694336,-19.361862182617188],[-40.366001129150334,-19.352729797363224],[-40.35369491577143,-19.357324600219727],[-40.34985733032221,-19.352994918823242],[-40.33778381347656,-19.356603622436467],[-40.335178375244084,-19.361387252807617],[-40.33705139160156,-19.36697769165039],[-40.32554626464838,-19.376766204833928],[-40.30244827270508,-19.318151473998967],[-40.29704284667963,-19.357166290283203],[-40.2838134765625,-19.364601135253906],[-40.27454757690418,-19.362430572509766],[-40.273479461669865,-19.368810653686467],[-40.203739166259766,-19.342853546142578],[-40.19244003295887,-19.290016174316406],[-40.18226623535156,-19.234247207641545],[-40.18898773193354,-19.22613525390625],[-40.1911048889159,-19.216974258422795],[-40.192310333251896,-19.204069137573242],[-40.192031860351506,-19.19216537475586],[-40.19868850708008,-19.164594650268555],[-40.20385742187494,-19.167444229125977],[-40.2093505859375,-19.164764404296818],[-40.210159301757756,-19.168771743774414],[-40.2131462097168,-19.16084861755371],[-40.21860885620117,-19.157323837280273],[-40.22319793701172,-19.16299057006836],[-40.22621154785156,-19.154800415039062],[-40.23546600341797,-19.15536689758295],[-40.23389816284174,-19.15087127685547],[-40.239833831786996,-19.148147583007812],[-40.23575973510742,-19.144386291503906],[-40.23978042602539,-19.1407527923584],[-40.23741912841791,-19.135639190673828],[-40.244392395019474,-19.133117675781136],[-40.238616943359375,-19.11976623535145],[-40.243125915527344,-19.118606567382756],[-40.2529945373534,-19.104938507080078],[-40.25154876708979,-19.100208282470646],[-40.2625732421875,-19.09917640686035],[-40.26354217529297,-19.090612411498967],[-40.26743698120117,-19.08679771423334],[-40.28674697875971,-19.07914924621582],[-40.286216735839844,-19.07539749145502],[-40.289005279541016,-19.075288772583008],[-40.30488967895508,-19.08375740051264],[-40.321495056152344,-19.08105087280262],[-40.32562255859375,-19.07610321044922],[-40.33693313598633,-19.079479217529297],[-40.34306716918945,-19.07812309265131],[-40.34920120239252,-19.084461212158146],[-40.35243606567377,-19.081693649291992],[-40.35268783569336,-19.073997497558594],[-40.364665985107365,-19.06675148010254],[-40.37499237060547,-19.079853057861328],[-40.36708068847656,-19.084865570068246],[-40.363861083984375,-19.095075607299805],[-40.38737487792969,-19.114028930664006],[-40.40144348144531,-19.13568687438965],[-40.413867950439396,-19.14175033569336],[-40.40962219238281,-19.149269104003906],[-40.39999008178711,-19.14727973937977],[-40.39567947387695,-19.150737762451115],[-40.395782470703125,-19.158943176269474],[-40.40483856201172,-19.162076950073242],[-40.40556335449213,-19.170457839965707],[-40.41244125366205,-19.180744171142578],[-40.41244125366205,-19.188674926757812],[-40.4041748046875,-19.194480895996094],[-40.409744262695256,-19.208307266235295],[-40.415164947509766,-19.213069915771484],[-40.417766571044865,-19.21055793762207],[-40.4207763671875,-19.212398529052734],[-40.4234733581543,-19.217021942138615],[-40.41887664794922,-19.22060775756836],[-40.42271041870117,-19.22838020324707],[-40.42128372192377,-19.23882865905756],[-40.42873001098627,-19.248010635375977],[-40.434558868408146,-19.252769470214787],[-40.4315299987793,-19.259248733520508]]]},"properties":{"id_cidade":3204351,"cidade":"Rio Bananal","id_microrregiao":320206,"id_mesorregiao":3202,"id_estado":32,"id_regiao":3}},{"type":"Feature","geometry":{"type":"Polygon","coordinates":[[[-40.82836151123047,-20.890932083129883],[-40.82820510864258,-20.852678298950195],[-40.828227996826115,-20.808763504028263],[-40.83250427246094,-20.80762481689453],[-40.84079360961914,-20.81407356262207],[-40.8422966003418,-20.80904579162592],[-40.852699279785156,-20.81055259704584],[-40.856422424316406,-20.814897537231445],[-40.86309051513672,-20.80613708496088],[-40.888729095458984,-20.818557739257812],[-40.89682388305653,-20.815816879272404],[-40.896430969238224,-20.81205177307129],[-40.906959533691406,-20.806846618652344],[-40.92340087890619,-20.78740501403803],[-40.93537139892578,-20.776500701904297],[-40.938781738281136,-20.77773284912098],[-40.9474983215332,-20.77230453491211],[-40.94473648071289,-20.765674591064453],[-40.93191909790028,-20.753896713256836],[-40.93157958984375,-20.7475528717041],[-40.92738723754883,-20.745681762695256],[-40.92268371582031,-20.747894287109375],[-40.93242263793945,-20.729768753051758],[-40.92733764648426,-20.724977493286133],[-40.92528533935547,-20.71419334411621],[-40.91894912719715,-20.709611892700195],[-40.915428161621094,-20.69426918029785],[-40.906990051269474,-20.68762016296381],[-40.929927825927734,-20.67885017395014],[-40.93210983276356,-20.685619354248047],[-40.945289611816406,-20.688850402831918],[-40.94754028320307,-20.694850921630803],[-40.95171737670893,-20.69640922546381],[-40.95602035522455,-20.691732406616154],[-40.959049224853516,-20.69654655456543],[-40.9631729125976,-20.71060562133789],[-40.95620727539057,-20.715810775756836],[-40.96482086181629,-20.7301025390625],[-40.966102600097656,-20.748306274414062],[-40.97598648071289,-20.764024734497013],[-40.98128509521479,-20.76563072204584],[-40.979713439941406,-20.767919540405217],[-40.994270324706974,-20.77943038940424],[-40.99170303344721,-20.785476684570312],[-40.9906654357909,-20.788616180419922],[-40.99568939208979,-20.792892456054574],[-40.9849967956543,-20.80130386352539],[-40.987033843994084,-20.8089141845702],[-40.97777557373041,-20.823095321655273],[-40.99155044555664,-20.837614059448242],[-40.985713958740234,-20.845943450927734],[-40.98689651489258,-20.861860275268498],[-40.97833633422846,-20.8658771514892],[-40.97999572753906,-20.869396209716797],[-40.96346664428705,-20.875988006591797],[-40.94816207885742,-20.8855037689209],[-40.92559051513666,-20.89157867431635],[-40.890750885009766,-20.88997650146473],[-40.86576461791992,-20.893369674682617],[-40.85134506225586,-20.886461257934513],[-40.82836151123047,-20.890932083129883]]]},"properties":{"id_cidade":3204401,"cidade":"Rio Novo do Sul","id_microrregiao":320310,"id_mesorregiao":3203,"id_estado":32,"id_regiao":3}},{"type":"Feature","geometry":{"type":"Polygon","coordinates":[[[-40.75377655029297,-20.176420211791992],[-40.75153350830078,-20.180286407470703],[-40.74253845214844,-20.18977928161621],[-40.72286987304676,-20.18345832824707],[-40.701171875,-20.18937873840332],[-40.69172286987305,-20.187105178833008],[-40.680946350097656,-20.19004058837885],[-40.67070388793934,-20.202989578247013],[-40.660606384277344,-20.206981658935547],[-40.66392517089838,-20.211406707763615],[-40.66328048706055,-20.219146728515568],[-40.65809249877924,-20.216806411743107],[-40.65616989135742,-20.22001838684082],[-40.6518936157226,-20.215379714965763],[-40.63720321655268,-20.219497680664062],[-40.634048461914006,-20.217824935913086],[-40.63462066650385,-20.223623275756836],[-40.62482070922846,-20.229686737060547],[-40.62693405151356,-20.236637115478516],[-40.61586761474598,-20.242027282714787],[-40.61617660522461,-20.246879577636662],[-40.61053466796875,-20.253501892089844],[-40.59662628173828,-20.24349403381342],[-40.595001220703125,-20.245475769042912],[-40.59193420410145,-20.25233268737793],[-40.59618377685547,-20.2623233795166],[-40.593738555908146,-20.27192878723139],[-40.58456039428705,-20.268692016601562],[-40.55901718139643,-20.27050018310547],[-40.531257629394474,-20.253883361816406],[-40.52660751342762,-20.245708465576172],[-40.50059127807617,-20.22821617126465],[-40.49309158325195,-20.239910125732422],[-40.488994598388615,-20.233362197875977],[-40.48161315917969,-20.234237670898438],[-40.465061187744084,-20.219257354736214],[-40.462242126464844,-20.222192764282227],[-40.4409446716308,-20.225435256958008],[-40.435531616210824,-20.22951889038086],[-40.430377960204964,-20.22725486755371],[-40.413379669189396,-20.22913932800293],[-40.40890121459955,-20.23165893554676],[-40.385532379150334,-20.22351455688471],[-40.374332427978516,-20.21479988098139],[-40.37902069091797,-20.21020126342762],[-40.38397216796875,-20.198986053466797],[-40.38228225708002,-20.191452026367188],[-40.3933486938476,-20.172704696655273],[-40.399570465087834,-20.172071456909123],[-40.402000427246094,-20.167951583862305],[-40.41179275512695,-20.170099258422738],[-40.41566848754877,-20.162637710571232],[-40.42125701904297,-20.16265869140625],[-40.43625640869135,-20.136396408080998],[-40.435546875,-20.097387313842773],[-40.4165420532226,-20.01695442199707],[-40.417728424072266,-20.01321792602539],[-40.42551422119129,-20.009923934936523],[-40.44723129272455,-19.994474411010742],[-40.451145172119084,-19.971275329589787],[-40.44893264770508,-19.954914093017578],[-40.452449798583984,-19.945688247680607],[-40.46496582031244,-19.94491767883295],[-40.46496582031244,-19.952648162841797],[-40.48133087158203,-19.961786270141545],[-40.48632812499994,-19.962526321411133],[-40.49042892456049,-19.955852508544808],[-40.51161575317377,-19.961151123046875],[-40.51543807983393,-19.98799705505371],[-40.53252410888672,-19.98072624206543],[-40.53199005126953,-19.98665237426752],[-40.537418365478516,-19.99230194091797],[-40.534671783447266,-19.99727821350092],[-40.53869628906244,-19.997524261474553],[-40.54491806030262,-19.990613937377816],[-40.555183410644474,-19.98794174194336],[-40.55915069580078,-19.991565704345703],[-40.56876754760742,-19.986377716064453],[-40.57415771484369,-19.98960113525385],[-40.579902648925724,-19.988014221191406],[-40.58669662475586,-19.98239517211914],[-40.59871292114258,-19.96959114074707],[-40.59841918945301,-19.960134506225586],[-40.60623931884754,-19.966806411743164],[-40.59766387939453,-19.992658615112305],[-40.605796813964844,-20.003011703491097],[-40.60038757324213,-20.009513854980412],[-40.61065673828125,-20.029455184936523],[-40.61813354492182,-20.034339904785043],[-40.62599563598633,-20.048149108886662],[-40.620449066161996,-20.05047416687006],[-40.61339187622059,-20.069902420043945],[-40.603740692138615,-20.07119369506836],[-40.60386657714844,-20.081743240356445],[-40.595447540283146,-20.084461212158203],[-40.60595703125,-20.09427261352539],[-40.60997009277344,-20.092184066772347],[-40.62466049194336,-20.107044219970703],[-40.6317138671875,-20.101785659789982],[-40.63328170776367,-20.110141754150334],[-40.63863754272455,-20.10957145690918],[-40.6436767578125,-20.092313766479492],[-40.64936065673828,-20.090286254882756],[-40.65770721435541,-20.091247558593693],[-40.6633567810058,-20.08660888671875],[-40.674873352050724,-20.093973159789982],[-40.67404556274403,-20.102781295776367],[-40.678596496581974,-20.106992721557617],[-40.67518615722645,-20.118068695068303],[-40.680389404296875,-20.119752883911133],[-40.67889022827143,-20.12602806091303],[-40.68215179443348,-20.127716064453125],[-40.68531036376953,-20.13950538635254],[-40.696319580078125,-20.14544105529785],[-40.70788192749018,-20.142984390258732],[-40.710159301757756,-20.146860122680664],[-40.712894439697266,-20.14570999145502],[-40.7175407409668,-20.156286239624023],[-40.72830581665028,-20.160993576049805],[-40.745479583740234,-20.178142547607365],[-40.75377655029297,-20.176420211791992]]]},"properties":{"id_cidade":3204500,"cidade":"Santa Leopoldina","id_microrregiao":320308,"id_mesorregiao":3203,"id_estado":32,"id_regiao":3}},{"type":"Feature","geometry":{"type":"Polygon","coordinates":[[[-40.94802856445307,-20.074825286865234],[-40.94778060913086,-20.088922500610295],[-40.950481414794865,-20.086437225341797],[-40.95459365844721,-20.090095520019474],[-40.96284103393555,-20.09176826477045],[-40.965950012206974,-20.10293006896967],[-40.973724365234375,-20.104358673095703],[-40.97289276123041,-20.11124038696289],[-40.98206710815424,-20.111543655395394],[-40.986568450927734,-20.12143135070795],[-40.98996734619135,-20.121061325073185],[-40.9923095703125,-20.12535858154297],[-40.99908447265625,-20.12483787536621],[-41.000892639160156,-20.11019515991211],[-41.008762359619084,-20.112979888916016],[-41.011917114257756,-20.110181808471623],[-41.01176071166992,-20.11321449279785],[-41.015735626220646,-20.11415672302246],[-41.01632308959961,-20.118335723876896],[-41.02558517456055,-20.11948394775385],[-41.037498474121094,-20.131734848022404],[-41.0364418029784,-20.137981414794865],[-41.03001022338867,-20.142749786376896],[-41.023269653320256,-20.14286231994629],[-41.02189254760742,-20.15000915527338],[-41.018386840820256,-20.15072059631342],[-41.018619537353516,-20.165922164916992],[-41.0220832824707,-20.172271728515625],[-41.014125823974496,-20.17582893371582],[-41.015327453613224,-20.188547134399414],[-41.02025604248047,-20.193218231201115],[-41.00993347167969,-20.194927215576115],[-41.00547790527344,-20.19952392578125],[-41.00799942016596,-20.20278358459467],[-40.99906539916992,-20.207538604736328],[-41.0019645690918,-20.214317321777344],[-40.99204635620117,-20.221370697021484],[-40.98819351196289,-20.216644287109375],[-40.981796264648324,-20.227762222289982],[-40.96875,-20.21212959289545],[-40.969905853271484,-20.203922271728516],[-40.97405624389643,-20.20067024230957],[-40.969444274902344,-20.1926975250243],[-40.95901107788086,-20.188863754272404],[-40.93989181518549,-20.19994163513178],[-40.92744827270508,-20.196792602539062],[-40.92164993286133,-20.204082489013615],[-40.903709411621094,-20.197925567626953],[-40.89704513549805,-20.203166961669922],[-40.893840789794865,-20.197038650512695],[-40.88627243041992,-20.195781707763615],[-40.88529586791992,-20.192689895629826],[-40.874351501464844,-20.193527221679688],[-40.871990203857365,-20.188644409179574],[-40.8624153137207,-20.192325592041016],[-40.853485107421875,-20.184860229492188],[-40.833885192871094,-20.177089691162053],[-40.83587265014643,-20.171245574951172],[-40.822212219238224,-20.164379119873047],[-40.81230926513666,-20.17457771301258],[-40.80502700805664,-20.172973632812443],[-40.801414489746094,-20.164535522460938],[-40.789051055908146,-20.16461944580078],[-40.78692626953119,-20.160228729247933],[-40.783142089843636,-20.16253662109375],[-40.770740509033146,-20.160848617553597],[-40.766292572021484,-20.15277481079096],[-40.76306915283203,-20.156965255737305],[-40.76702117919916,-20.167478561401367],[-40.7602653503418,-20.168275833129826],[-40.75377655029297,-20.176420211791992],[-40.745479583740234,-20.178142547607365],[-40.72830581665028,-20.160993576049805],[-40.7175407409668,-20.156286239624023],[-40.712894439697266,-20.14570999145502],[-40.710159301757756,-20.146860122680664],[-40.70788192749018,-20.142984390258732],[-40.696319580078125,-20.14544105529785],[-40.68531036376953,-20.13950538635254],[-40.68215179443348,-20.127716064453125],[-40.67889022827143,-20.12602806091303],[-40.680389404296875,-20.119752883911133],[-40.67518615722645,-20.118068695068303],[-40.678596496581974,-20.106992721557617],[-40.67404556274403,-20.102781295776367],[-40.674873352050724,-20.093973159789982],[-40.6633567810058,-20.08660888671875],[-40.65770721435541,-20.091247558593693],[-40.64936065673828,-20.090286254882756],[-40.6436767578125,-20.092313766479492],[-40.63863754272455,-20.10957145690918],[-40.63328170776367,-20.110141754150334],[-40.6317138671875,-20.101785659789982],[-40.62466049194336,-20.107044219970703],[-40.60997009277344,-20.092184066772347],[-40.60595703125,-20.09427261352539],[-40.595447540283146,-20.084461212158203],[-40.60386657714844,-20.081743240356445],[-40.603740692138615,-20.07119369506836],[-40.61339187622059,-20.069902420043945],[-40.620449066161996,-20.05047416687006],[-40.62599563598633,-20.048149108886662],[-40.61813354492182,-20.034339904785043],[-40.61065673828125,-20.029455184936523],[-40.60038757324213,-20.009513854980412],[-40.605796813964844,-20.003011703491097],[-40.59766387939453,-19.992658615112305],[-40.60623931884754,-19.966806411743164],[-40.59841918945301,-19.960134506225586],[-40.606399536132756,-19.959888458251953],[-40.625221252441406,-19.970439910888615],[-40.6257591247558,-19.964559555053654],[-40.63241195678711,-19.965755462646428],[-40.63848114013672,-19.976903915405273],[-40.64465332031244,-19.977527618408203],[-40.64673233032221,-19.972026824951172],[-40.641841888427734,-19.961706161498967],[-40.64422607421875,-19.953868865966797],[-40.64025497436518,-19.94831466674799],[-40.64485549926752,-19.94655990600586],[-40.659278869628906,-19.957120895385685],[-40.66503143310547,-19.971294403076115],[-40.67338562011719,-19.963050842285156],[-40.68273162841797,-19.967531204223576],[-40.68566513061518,-19.9703693389892],[-40.68409729003906,-19.974777221679688],[-40.69279479980463,-19.980720520019474],[-40.699153900146484,-19.97822952270502],[-40.704360961914006,-19.974193572998047],[-40.71610641479492,-19.9843235015868],[-40.72200775146479,-19.978261947631836],[-40.730300903320256,-19.97931480407715],[-40.738162994384766,-19.98558044433588],[-40.7429313659668,-19.98407363891596],[-40.78027343749994,-19.992330551147347],[-40.77479934692383,-19.98151397705078],[-40.78104782104481,-19.9790744781493],[-40.782012939453125,-19.974729537963867],[-40.76824569702143,-19.966899871826115],[-40.77607345581049,-19.961538314819336],[-40.78138732910156,-19.964954376220703],[-40.78525161743164,-19.962610244750977],[-40.79617309570307,-19.966508865356445],[-40.80409622192377,-19.976537704467773],[-40.81306076049799,-19.979772567749023],[-40.826560974121094,-19.986778259277344],[-40.83198928833008,-19.98664474487299],[-40.83919143676752,-19.980804443359318],[-40.8490371704101,-19.984203338623047],[-40.85969924926752,-19.99367332458496],[-40.862449645996094,-20.003227233886662],[-40.868938446044865,-20.014101028442383],[-40.86802291870106,-20.022619247436523],[-40.880455017089844,-20.03228759765625],[-40.88839340209955,-20.030046463012695],[-40.893795013427734,-20.04221534729004],[-40.90536117553711,-20.046485900878906],[-40.905002593994084,-20.05024337768549],[-40.911121368408146,-20.05600357055664],[-40.92153549194336,-20.055618286132812],[-40.93614196777344,-20.063331604003793],[-40.94475173950195,-20.062822341918945],[-40.94802856445307,-20.074825286865234]]]},"properties":{"id_cidade":3204559,"cidade":"Santa Maria de Jetibá","id_microrregiao":320308,"id_mesorregiao":3203,"id_estado":32,"id_regiao":3}},{"type":"Feature","geometry":{"type":"Polygon","coordinates":[[[-40.78525161743164,-19.962610244750977],[-40.78138732910156,-19.964954376220703],[-40.77607345581049,-19.961538314819336],[-40.76824569702143,-19.966899871826115],[-40.782012939453125,-19.974729537963867],[-40.78104782104481,-19.9790744781493],[-40.77479934692383,-19.98151397705078],[-40.78027343749994,-19.992330551147347],[-40.7429313659668,-19.98407363891596],[-40.738162994384766,-19.98558044433588],[-40.730300903320256,-19.97931480407715],[-40.72200775146479,-19.978261947631836],[-40.71610641479492,-19.9843235015868],[-40.704360961914006,-19.974193572998047],[-40.699153900146484,-19.97822952270502],[-40.69279479980463,-19.980720520019474],[-40.68409729003906,-19.974777221679688],[-40.68566513061518,-19.9703693389892],[-40.68273162841797,-19.967531204223576],[-40.67338562011719,-19.963050842285156],[-40.66503143310547,-19.971294403076115],[-40.659278869628906,-19.957120895385685],[-40.64485549926752,-19.94655990600586],[-40.64025497436518,-19.94831466674799],[-40.64422607421875,-19.953868865966797],[-40.641841888427734,-19.961706161498967],[-40.64673233032221,-19.972026824951172],[-40.64465332031244,-19.977527618408203],[-40.63848114013672,-19.976903915405273],[-40.63241195678711,-19.965755462646428],[-40.6257591247558,-19.964559555053654],[-40.625221252441406,-19.970439910888615],[-40.606399536132756,-19.959888458251953],[-40.59841918945301,-19.960134506225586],[-40.59871292114258,-19.96959114074707],[-40.58669662475586,-19.98239517211914],[-40.579902648925724,-19.988014221191406],[-40.57415771484369,-19.98960113525385],[-40.56876754760742,-19.986377716064453],[-40.55915069580078,-19.991565704345703],[-40.555183410644474,-19.98794174194336],[-40.54491806030262,-19.990613937377816],[-40.53869628906244,-19.997524261474553],[-40.534671783447266,-19.99727821350092],[-40.537418365478516,-19.99230194091797],[-40.53199005126953,-19.98665237426752],[-40.53252410888672,-19.98072624206543],[-40.51543807983393,-19.98799705505371],[-40.51161575317377,-19.961151123046875],[-40.49042892456049,-19.955852508544808],[-40.48632812499994,-19.962526321411133],[-40.48133087158203,-19.961786270141545],[-40.46496582031244,-19.952648162841797],[-40.46496582031244,-19.94491767883295],[-40.452449798583984,-19.945688247680607],[-40.452869415283146,-19.93651580810547],[-40.46809005737305,-19.933906555175724],[-40.47550964355469,-19.937597274780273],[-40.47513198852539,-19.905811309814453],[-40.489692687988224,-19.89223289489746],[-40.49927520751953,-19.880321502685433],[-40.504837036132756,-19.880786895751896],[-40.50495529174793,-19.85403060913086],[-40.5124778747558,-19.83840560913086],[-40.51353454589838,-19.826601028442383],[-40.50400543212879,-19.802059173583984],[-40.511245727539006,-19.78277587890625],[-40.51867675781244,-19.77862930297846],[-40.52436065673828,-19.769584655761662],[-40.518657684326115,-19.74565315246582],[-40.52716445922846,-19.74506759643549],[-40.53566741943348,-19.739187240600586],[-40.545223236083984,-19.7415771484375],[-40.55176162719721,-19.733640670776367],[-40.5558967590332,-19.73406219482422],[-40.560710906982365,-19.742191314697266],[-40.57266235351557,-19.741107940673828],[-40.584163665771484,-19.749980926513672],[-40.610523223876896,-19.759021759033203],[-40.62719726562494,-19.772565841674805],[-40.66490936279297,-19.772781372070312],[-40.672061920166016,-19.776508331298828],[-40.677207946777344,-19.7763614654541],[-40.68206787109375,-19.770399093627873],[-40.692665100097656,-19.77191734313959],[-40.69577026367182,-19.78331184387207],[-40.7103157043457,-19.789113998413086],[-40.70735549926758,-19.815153121948242],[-40.712711334228516,-19.818738937377873],[-40.72753524780268,-19.82692527770996],[-40.73100280761719,-19.82968139648426],[-40.740638732910156,-19.82710075378418],[-40.74760818481445,-19.830026626586914],[-40.75775527954096,-19.8247127532959],[-40.76390838623047,-19.83013343811035],[-40.77467346191406,-19.81325149536127],[-40.783294677734375,-19.818525314331055],[-40.78133773803711,-19.83076667785639],[-40.7935905456543,-19.83400154113764],[-40.797080993652344,-19.838047027587834],[-40.80250549316395,-19.83738708496088],[-40.812095642089844,-19.8437881469726],[-40.82756805419916,-19.865291595458984],[-40.82526016235346,-19.879734039306584],[-40.81755065917963,-19.885095596313477],[-40.81375122070307,-19.891103744506836],[-40.816097259521484,-19.908903121948242],[-40.79550933837885,-19.9113826751709],[-40.7864990234375,-19.927171707153263],[-40.774360656738224,-19.93480491638178],[-40.77561950683594,-19.9425373077392],[-40.77842330932617,-19.949222564697266],[-40.78342437744135,-19.953380584716797],[-40.78525161743164,-19.962610244750977]]]},"properties":{"id_cidade":3204609,"cidade":"Santa Teresa","id_microrregiao":320308,"id_mesorregiao":3203,"id_estado":32,"id_regiao":3}},{"type":"Feature","geometry":{"type":"Polygon","coordinates":[[[-40.66460037231434,-19.230321884155217],[-40.6611595153808,-19.23318862915039],[-40.65435028076172,-19.23256492614746],[-40.65168762207031,-19.2373428344726],[-40.64936447143555,-19.242891311645508],[-40.64079284667969,-19.237598419189453],[-40.634857177734375,-19.24056053161621],[-40.62270355224604,-19.26647186279297],[-40.6192893981933,-19.267953872680664],[-40.61704635620117,-19.27980995178217],[-40.613059997558594,-19.277223587036133],[-40.61248779296875,-19.263000488281193],[-40.61848449707031,-19.25655746459961],[-40.62004852294916,-19.246923446655217],[-40.61487960815424,-19.23471450805664],[-40.61871719360346,-19.209617614746094],[-40.60210800170893,-19.197851181030273],[-40.605190277099496,-19.189882278442326],[-40.58314132690424,-19.180198669433537],[-40.58072280883789,-19.17344665527338],[-40.568519592285156,-19.168487548828068],[-40.57386016845703,-19.15566444396967],[-40.56456756591797,-19.144626617431584],[-40.551055908203125,-19.13899612426752],[-40.51401901245106,-19.15326690673828],[-40.50985336303711,-19.161207199096566],[-40.50481414794922,-19.145692825317383],[-40.50609588623041,-19.12312507629389],[-40.49567031860346,-19.113576889038086],[-40.469924926757756,-19.10894775390625],[-40.463809967041016,-19.110748291015625],[-40.454647064208984,-19.107381820678654],[-40.448036193847656,-19.09971618652338],[-40.430118560791016,-19.107900619506836],[-40.412864685058594,-19.108934402465763],[-40.40396118164051,-19.107282638549805],[-40.39263153076172,-19.09979820251465],[-40.38559341430664,-19.10281753540039],[-40.380790710449105,-19.093580245971623],[-40.373374938964844,-19.09184837341303],[-40.37105178833002,-19.085950851440373],[-40.37499237060547,-19.079853057861328],[-40.378093719482365,-19.085115432739258],[-40.39156341552723,-19.083581924438477],[-40.395252227783146,-19.08577537536621],[-40.39500427246094,-19.080316543579045],[-40.402717590331974,-19.076812744140625],[-40.42506408691406,-19.07633018493641],[-40.444206237792855,-19.05292320251465],[-40.45005416870117,-19.050804138183537],[-40.45563125610346,-19.053272247314396],[-40.457717895507756,-19.04622459411621],[-40.46651840209955,-19.043991088867188],[-40.48314666748047,-19.05026626586914],[-40.48625183105463,-19.04692649841303],[-40.496498107910156,-19.055208206176758],[-40.50093460083002,-19.0544376373291],[-40.50830078125,-19.055936813354492],[-40.508773803710824,-19.05950355529785],[-40.5233039855957,-19.05802917480463],[-40.53271102905262,-19.051801681518498],[-40.531768798828125,-19.04758071899414],[-40.5359001159668,-19.051189422607365],[-40.54037857055664,-19.04496192932129],[-40.54361343383789,-19.047771453857422],[-40.54834365844721,-19.049034118652344],[-40.54961395263672,-19.04307556152338],[-40.552406311035156,-19.047534942626953],[-40.555862426757756,-19.04576492309559],[-40.560386657714844,-19.047273635864258],[-40.578338623046875,-19.068485260009766],[-40.581851959228516,-19.065202713012695],[-40.597679138183594,-19.062784194946175],[-40.61669158935541,-19.081466674804688],[-40.63895034790028,-19.086803436279297],[-40.64405059814453,-19.084732055664006],[-40.64821243286133,-19.08861541748047],[-40.65470504760742,-19.091142654418945],[-40.65944290161127,-19.09989929199213],[-40.67263412475586,-19.09791946411127],[-40.68385696411127,-19.104654312133675],[-40.67954254150385,-19.12521743774414],[-40.68941116333008,-19.13175392150879],[-40.68964767456049,-19.138277053833008],[-40.690044403076115,-19.149229049682617],[-40.6885147094726,-19.1513671875],[-40.68511962890625,-19.14484214782715],[-40.679344177246094,-19.144796371459904],[-40.67853927612305,-19.15781593322754],[-40.673435211181584,-19.159866333007812],[-40.66681671142578,-19.156341552734375],[-40.66668701171869,-19.16645622253418],[-40.6562767028808,-19.168466567993164],[-40.6584358215332,-19.174152374267578],[-40.6561279296875,-19.180034637451115],[-40.67042160034168,-19.20149993896473],[-40.6596794128418,-19.203134536743107],[-40.66460037231434,-19.230321884155217]]]},"properties":{"id_cidade":3204658,"cidade":"São Domingos do Norte","id_microrregiao":320103,"id_mesorregiao":3201,"id_estado":32,"id_regiao":3}},{"type":"Feature","geometry":{"type":"Polygon","coordinates":[[[-40.457717895507756,-19.04622459411621],[-40.45166015625,-19.043697357177734],[-40.43391036987293,-19.01923751831049],[-40.435684204101506,-19.014034271240234],[-40.44775390625,-19.00713539123535],[-40.44637298583979,-18.989299774169865],[-40.46460342407221,-18.993246078491154],[-40.459243774414006,-18.983871459960824],[-40.46480178833002,-18.962879180908146],[-40.449668884277344,-18.956558227539006],[-40.43376159667969,-18.94807815551752],[-40.42076110839844,-18.94650459289545],[-40.4160537719726,-18.950712203979435],[-40.42006301879877,-18.957355499267464],[-40.418045043945256,-18.960966110229492],[-40.407459259033146,-18.953605651855412],[-40.40489196777338,-18.94667816162098],[-40.39390563964844,-18.946790695190373],[-40.382999420166016,-18.942235946655217],[-40.373996734619084,-18.947900772094727],[-40.37282180786133,-18.848608016967773],[-40.40135192871088,-18.850622177124023],[-40.4221458435058,-18.85490608215332],[-40.44092941284174,-18.852813720703068],[-40.45832824707031,-18.85554695129389],[-40.48011016845703,-18.854776382446232],[-40.48637771606445,-18.85638236999506],[-40.50163269042969,-18.86095428466797],[-40.50361251831049,-18.866247177124023],[-40.512237548828125,-18.870309829711857],[-40.51606750488281,-18.87598037719721],[-40.52650070190424,-18.870525360107422],[-40.53564834594721,-18.871715545654183],[-40.558319091796875,-18.887859344482422],[-40.56718826293945,-18.88801193237299],[-40.579376220703125,-18.90296745300293],[-40.59209442138666,-18.927467346191406],[-40.59547424316406,-18.936807632446175],[-40.599002838134766,-18.9371395111084],[-40.60439300537104,-18.946432113647404],[-40.61484909057617,-18.954492568969727],[-40.63215255737299,-18.94694709777832],[-40.631805419921875,-18.935832977294922],[-40.6444091796875,-18.94359016418457],[-40.65039443969715,-18.939739227294922],[-40.65679168701172,-18.94667816162098],[-40.644107818603516,-18.965402603149357],[-40.65257263183588,-18.983919143676644],[-40.6415061950683,-18.980981826782227],[-40.641197204589844,-18.986894607543945],[-40.63449478149414,-18.987516403198185],[-40.645977020263615,-19.011199951171875],[-40.63881301879883,-19.016040802001953],[-40.635459899902344,-19.028833389282113],[-40.63200759887695,-19.022411346435547],[-40.621883392333984,-19.021623611450195],[-40.61677932739258,-19.040796279907227],[-40.60934066772461,-19.040483474731445],[-40.602310180664006,-19.04813575744629],[-40.583961486816406,-19.04814529418934],[-40.573310852050724,-19.053144454955998],[-40.562179565429574,-19.041791915893498],[-40.555862426757756,-19.04576492309559],[-40.552406311035156,-19.047534942626953],[-40.54961395263672,-19.04307556152338],[-40.54834365844721,-19.049034118652344],[-40.54361343383789,-19.047771453857422],[-40.54037857055664,-19.04496192932129],[-40.5359001159668,-19.051189422607365],[-40.531768798828125,-19.04758071899414],[-40.53271102905262,-19.051801681518498],[-40.5233039855957,-19.05802917480463],[-40.508773803710824,-19.05950355529785],[-40.50830078125,-19.055936813354492],[-40.50093460083002,-19.0544376373291],[-40.496498107910156,-19.055208206176758],[-40.48625183105463,-19.04692649841303],[-40.48314666748047,-19.05026626586914],[-40.46651840209955,-19.043991088867188],[-40.457717895507756,-19.04622459411621]]]},"properties":{"id_cidade":3204708,"cidade":"São Gabriel da Palha","id_microrregiao":320102,"id_mesorregiao":3201,"id_estado":32,"id_regiao":3}},{"type":"Feature","geometry":{"type":"Polygon","coordinates":[[[-41.733764648437386,-20.943769454956055],[-41.717903137206974,-20.95490837097168],[-41.716033935546875,-20.975984573364258],[-41.711894989013615,-20.981052398681527],[-41.710723876953125,-20.991443634033146],[-41.7160758972168,-20.99206733703602],[-41.72224044799805,-21.00293540954584],[-41.722785949706974,-21.011121749877873],[-41.71546173095703,-21.01665306091303],[-41.71612167358387,-21.022930145263672],[-41.723663330078125,-21.025188446044865],[-41.72550582885742,-21.030418395996037],[-41.72175216674793,-21.04395294189453],[-41.716587066650334,-21.047119140624943],[-41.7203483581543,-21.055217742919865],[-41.72428512573242,-21.05640411376953],[-41.72893524169922,-21.050634384155273],[-41.729862213134766,-21.05389976501465],[-41.73217010498047,-21.065698623657227],[-41.731895446777344,-21.066810607910156],[-41.72740936279297,-21.067209243774357],[-41.723304748535156,-21.06842041015625],[-41.72165679931629,-21.07360076904297],[-41.734973907470646,-21.09881973266596],[-41.73548507690418,-21.102527618408146],[-41.728977203369084,-21.106821060180664],[-41.723777770996094,-21.10412788391102],[-41.71705245971674,-21.105396270751896],[-41.709602355956974,-21.091259002685547],[-41.702468872070256,-21.093038558959904],[-41.69261169433594,-21.086885452270508],[-41.68206024169916,-21.09126853942871],[-41.670196533203125,-21.0709609985351],[-41.6535758972168,-21.085592269897404],[-41.63842010498047,-21.074974060058537],[-41.63298416137695,-21.073537826538086],[-41.629539489746094,-21.05753517150879],[-41.62214279174805,-21.05504035949707],[-41.61650085449219,-21.039304733276367],[-41.61840057373047,-21.03635406494135],[-41.60885238647461,-21.023651123046818],[-41.60699844360346,-21.019710540771484],[-41.5977783203125,-21.020133972167912],[-41.592674255371094,-21.008317947387695],[-41.58239364624018,-20.990480422973633],[-41.5820426940918,-20.97809219360346],[-41.58509063720692,-20.973468780517578],[-41.58028030395508,-20.961820602416935],[-41.57197570800781,-20.95768165588379],[-41.57374954223633,-20.94973373413086],[-41.5831680297851,-20.947626113891488],[-41.58293533325195,-20.94049644470215],[-41.587722778320256,-20.93702888488764],[-41.5900764465332,-20.925424575805664],[-41.5843620300293,-20.92633819580078],[-41.58422470092768,-20.921907424926758],[-41.57818603515619,-20.922014236450195],[-41.58141326904297,-20.91168594360346],[-41.58709716796875,-20.89813423156727],[-41.5989036560058,-20.89005470275879],[-41.602745056152344,-20.900856018066406],[-41.61174392700195,-20.90184593200678],[-41.61605453491205,-20.89794158935547],[-41.61155700683594,-20.88857650756836],[-41.62823486328125,-20.8623104095459],[-41.63239669799805,-20.849914550781193],[-41.63863754272461,-20.844926834106445],[-41.63795471191406,-20.850814819335938],[-41.64483642578125,-20.852573394775334],[-41.64484405517578,-20.87018394470209],[-41.650100708007756,-20.877321243286076],[-41.65268707275385,-20.892141342163086],[-41.659744262695256,-20.895378112792912],[-41.663108825683594,-20.888597488403207],[-41.669178009033146,-20.88969612121582],[-41.673873901367074,-20.901754379272347],[-41.68278121948242,-20.910232543945312],[-41.68808364868153,-20.930290222167912],[-41.69146728515625,-20.92893791198719],[-41.69243621826166,-20.92233467102045],[-41.696678161621094,-20.92078971862793],[-41.70082473754883,-20.9243488311767],[-41.70500946044922,-20.92171287536621],[-41.7133903503418,-20.931684494018498],[-41.71564483642567,-20.929855346679688],[-41.72298431396479,-20.935182571411133],[-41.723514556884766,-20.942712783813477],[-41.72996139526367,-20.940525054931527],[-41.733764648437386,-20.943769454956055]]]},"properties":{"id_cidade":3204807,"cidade":"São José do Calçado","id_microrregiao":320412,"id_mesorregiao":3204,"id_estado":32,"id_regiao":3}},{"type":"Feature","geometry":{"type":"Polygon","coordinates":[[[-39.721805572509766,-19.097188949584904],[-39.72208404541004,-19.096805572509766],[-39.72208404541004,-19.086526870727482],[-39.721527099609375,-19.085416793823242],[-39.72208404541004,-19.083471298217717],[-39.72208404541004,-19.07014083862299],[-39.72236251831049,-19.065139770507812],[-39.724029541015625,-19.06402778625477],[-39.724029541015625,-19.05986022949213],[-39.72486114501953,-19.057638168334847],[-39.72458267211914,-19.05430793762207],[-39.725418090820256,-19.0534725189209],[-39.72569274902338,-19.050138473510742],[-39.726806640625,-19.046527862548714],[-39.726806640625,-19.041805267333984],[-39.727638244628906,-19.04069519042963],[-39.7279167175293,-19.03319358825678],[-39.72902679443354,-19.029306411743107],[-39.728748321533146,-19.025972366332894],[-39.72930526733393,-19.025138854980412],[-39.730140686035156,-19.015417098999023],[-39.730140686035156,-19.010972976684513],[-39.73097229003906,-19.00847244262684],[-39.73097229003906,-19.00569534301752],[-39.73236083984369,-18.99930763244629],[-39.73236083984369,-18.996528625488224],[-39.73291778564453,-18.993471145629883],[-39.73430633544922,-18.988750457763672],[-39.73430633544922,-18.985696792602482],[-39.73541641235346,-18.9829158782959],[-39.73569488525385,-18.97736167907715],[-39.73652648925781,-18.972085952758732],[-39.73652648925781,-18.964582443237305],[-39.737083435058594,-18.962360382080078],[-39.73652648925781,-18.96013641357422],[-39.737361907958984,-18.958749771118164],[-39.737083435058594,-18.955972671508675],[-39.73986053466797,-18.95430564880371],[-39.74430465698231,-18.954860687255803],[-39.74625015258789,-18.953750610351562],[-39.74958419799805,-18.953750610351562],[-39.74986267089844,-18.952083587646428],[-39.74763870239252,-18.952083587646428],[-39.74625015258789,-18.951250076293945],[-39.743473052978516,-18.94847297668457],[-39.74152755737299,-18.94874954223627],[-39.7412490844726,-18.951805114746037],[-39.73930740356445,-18.952360153198242],[-39.73930740356445,-18.94847297668457],[-39.74041748046875,-18.946250915527344],[-39.74041748046875,-18.9445858001709],[-39.74152755737299,-18.94263839721674],[-39.74180603027338,-18.940416336059513],[-39.742637634277344,-18.939582824706974],[-39.742637634277344,-18.932918548583928],[-39.742916107177734,-18.92791748046875],[-39.743751525878906,-18.925693511962777],[-39.743751525878906,-18.913749694824162],[-39.743473052978516,-18.911527633666935],[-39.74402618408203,-18.909860610961914],[-39.74402618408203,-18.902914047241154],[-39.744861602783146,-18.893472671508732],[-39.74541854858393,-18.8840274810791],[-39.7459716796875,-18.882640838623047],[-39.7459716796875,-18.879026412963867],[-39.74652862548828,-18.877361297607422],[-39.74680709838867,-18.871528625488168],[-39.747360229492074,-18.870138168334904],[-39.747360229492074,-18.865695953369084],[-39.74791717529291,-18.863750457763672],[-39.74791717529291,-18.860971450805607],[-39.74847412109369,-18.859582901000977],[-39.749027252197266,-18.854305267333984],[-39.748748779296875,-18.84680557250971],[-39.74958419799805,-18.84569358825678],[-39.74986267089844,-18.838193893432504],[-39.74986267089844,-18.8306941986084],[-39.74958419799805,-18.829027175903263],[-39.74958419799805,-18.819305419921875],[-39.749027252197266,-18.81819534301752],[-39.748748779296875,-18.814861297607365],[-39.749305725097656,-18.81291770935053],[-39.748748779296875,-18.81180763244629],[-39.748748779296875,-18.80624961853016],[-39.749027252197266,-18.804861068725586],[-39.7481956481933,-18.80208396911621],[-39.74847412109369,-18.799028396606445],[-39.7481956481933,-18.792360305786133],[-39.7481956481933,-18.778472900390625],[-39.74791717529291,-18.778472900390625],[-39.74791717529291,-18.76930427551264],[-39.7481956481933,-18.76652717590332],[-39.74763870239252,-18.765138626098576],[-39.747360229492074,-18.759307861328125],[-39.747360229492074,-18.751806259155273],[-39.7470817565918,-18.75013923645014],[-39.7470817565918,-18.743473052978516],[-39.74652862548828,-18.73847007751465],[-39.7459716796875,-18.736251831054688],[-39.7459716796875,-18.72986030578602],[-39.74652862548828,-18.726249694824162],[-39.74625015258789,-18.721527099609375],[-39.74625015258789,-18.71486091613764],[-39.7459716796875,-18.713193893432617],[-39.74652862548828,-18.710416793823242],[-39.74625015258789,-18.706159591674805],[-39.77601623535156,-18.706047058105412],[-39.783298492431584,-18.704597473144474],[-39.79524612426758,-18.712509155273438],[-39.802040100097656,-18.721046447753906],[-39.813526153564396,-18.719642639160156],[-39.810966491699105,-18.710702896118164],[-39.81792449951166,-18.704984664916992],[-39.80816650390619,-18.701086044311523],[-39.806968688964844,-18.695987701416016],[-39.81647872924799,-18.693845748901367],[-39.813289642333984,-18.68816375732422],[-39.815544128417855,-18.682355880737248],[-39.80717086791992,-18.675624847412053],[-39.83082962036133,-18.672264099121094],[-39.837348937988224,-18.680711746215763],[-39.94172668457031,-18.55396270751953],[-39.96579360961914,-18.524677276611214],[-39.99529647827143,-18.487779617309513],[-40.029869079589844,-18.444776535034123],[-40.04489898681635,-18.446117401123047],[-40.05989456176758,-18.463632583618164],[-40.08870315551758,-18.485475540161133],[-40.09486770629877,-18.486551284789982],[-40.12351608276367,-18.487739562988224],[-40.15026092529291,-18.508937835693246],[-40.15814971923828,-18.51004981994629],[-40.16508483886719,-18.518287658691293],[-40.16219329833979,-18.535850524902344],[-40.16648864746088,-18.545616149902344],[-40.209903717041016,-18.57233810424799],[-40.21137619018555,-18.582323074340707],[-40.218814849853516,-18.57765769958496],[-40.22135543823242,-18.58558273315424],[-40.225112915039006,-18.579772949218693],[-40.2320671081543,-18.582422256469613],[-40.240325927734375,-18.580556869506836],[-40.24053192138672,-18.5741348266601],[-40.25496292114252,-18.56658935546875],[-40.26578140258789,-18.570926666259652],[-40.2630996704101,-18.57628440856928],[-40.274612426757756,-18.57759666442871],[-40.27767181396479,-18.57422637939453],[-40.28428268432617,-18.577075958251953],[-40.33625411987293,-18.726163864135742],[-40.334964752197266,-18.728313446044922],[-40.343902587890625,-18.732925415039006],[-40.34798812866211,-18.74547576904297],[-40.392902374267464,-18.78182411193842],[-40.3924446105957,-18.818389892578068],[-40.40252304077143,-18.82640075683588],[-40.40441513061518,-18.833267211914006],[-40.40135192871088,-18.850622177124023],[-40.37282180786133,-18.848608016967773],[-40.34596633911127,-18.846193313598576],[-40.339691162109375,-18.84958648681635],[-40.331089019775334,-18.84822463989252],[-40.31935501098627,-18.850780487060547],[-40.311763763427734,-18.84741973876953],[-40.30208587646479,-18.847873687744027],[-40.294342041015625,-18.842605590820256],[-40.27927017211914,-18.84236335754389],[-40.2668571472168,-18.840457916259766],[-40.25914001464844,-18.842674255371094],[-40.25056457519531,-18.863874435424805],[-40.24401855468744,-18.86260223388672],[-40.22591781616211,-18.87765121459961],[-40.216342926025334,-18.877145767211914],[-40.208721160888615,-18.881952285766545],[-40.18227005004883,-18.8508625030517],[-40.149707794189396,-18.811866760253906],[-40.11800765991211,-18.774654388427734],[-40.10254669189453,-18.791332244873047],[-40.08580017089838,-18.803001403808594],[-40.074520111083984,-18.801437377929688],[-40.060787200927734,-18.804641723632756],[-40.051719665527344,-18.810844421386662],[-40.02706146240229,-18.807655334472656],[-40.016876220703125,-18.81446456909174],[-40.00767517089838,-18.81395721435547],[-40.00929641723627,-18.897577285766545],[-39.9884414672851,-18.877277374267578],[-39.965549468994084,-18.882112503051758],[-39.95450210571289,-18.903871536254826],[-39.930164337158146,-18.929304122924805],[-39.919708251953125,-18.932762145996094],[-39.900676727294865,-18.95958518981928],[-39.875049591064396,-18.97938156127924],[-39.835391998291016,-19.029979705810547],[-39.74192428588856,-19.149612426757756],[-39.73615646362305,-19.141075134277344],[-39.7325325012207,-19.125438690185547],[-39.73797607421869,-19.103683471679688],[-39.732215881347656,-19.097381591796875],[-39.721805572509766,-19.097188949584904]]]},"properties":{"id_cidade":3204906,"cidade":"São Mateus","id_microrregiao":320205,"id_mesorregiao":3202,"id_estado":32,"id_regiao":3}},{"type":"Feature","geometry":{"type":"Polygon","coordinates":[[[-40.75681304931635,-19.652942657470646],[-40.75969314575195,-19.669515609741097],[-40.76585388183588,-19.680929183959904],[-40.77309036254883,-19.697309494018555],[-40.7717170715332,-19.708124160766545],[-40.776088714599496,-19.712751388549805],[-40.773155212402344,-19.739892959594613],[-40.78132247924799,-19.76060485839838],[-40.7765274047851,-19.772939682006836],[-40.77780532836903,-19.781091690063363],[-40.77353286743164,-19.787841796875],[-40.77674484252924,-19.797031402587834],[-40.771587371826115,-19.804147720336857],[-40.77467346191406,-19.81325149536127],[-40.76390838623047,-19.83013343811035],[-40.75775527954096,-19.8247127532959],[-40.74760818481445,-19.830026626586914],[-40.740638732910156,-19.82710075378418],[-40.73100280761719,-19.82968139648426],[-40.72753524780268,-19.82692527770996],[-40.712711334228516,-19.818738937377873],[-40.70735549926758,-19.815153121948242],[-40.7103157043457,-19.789113998413086],[-40.69577026367182,-19.78331184387207],[-40.692665100097656,-19.77191734313959],[-40.68206787109375,-19.770399093627873],[-40.677207946777344,-19.7763614654541],[-40.672061920166016,-19.776508331298828],[-40.66490936279297,-19.772781372070312],[-40.62719726562494,-19.772565841674805],[-40.610523223876896,-19.759021759033203],[-40.584163665771484,-19.749980926513672],[-40.57266235351557,-19.741107940673828],[-40.560710906982365,-19.742191314697266],[-40.5558967590332,-19.73406219482422],[-40.55176162719721,-19.733640670776367],[-40.545223236083984,-19.7415771484375],[-40.53566741943348,-19.739187240600586],[-40.52716445922846,-19.74506759643549],[-40.518657684326115,-19.74565315246582],[-40.519836425781136,-19.727626800537053],[-40.52729797363281,-19.715574264526254],[-40.53881454467762,-19.709815979003906],[-40.54743194580078,-19.713653564453125],[-40.5526008605957,-19.712207794189453],[-40.557563781738224,-19.70656967163086],[-40.55817794799805,-19.695974349975586],[-40.56798934936518,-19.684450149536076],[-40.57887268066406,-19.686798095703068],[-40.58205795288086,-19.684005737304688],[-40.587646484375,-19.66483879089344],[-40.59701919555664,-19.664894104003906],[-40.59740447998047,-19.66904067993164],[-40.60340881347656,-19.672866821289006],[-40.655036926269474,-19.64177131652832],[-40.671512603759766,-19.630729675292912],[-40.67338562011719,-19.622169494628906],[-40.6796760559082,-19.626861572265625],[-40.691394805908146,-19.623748779296818],[-40.70287322998047,-19.626020431518498],[-40.70538711547846,-19.629390716552678],[-40.712501525878906,-19.624725341796818],[-40.722450256347656,-19.624622344970646],[-40.72753143310541,-19.64255523681635],[-40.73926925659174,-19.643337249755746],[-40.75681304931635,-19.652942657470646]]]},"properties":{"id_cidade":3204955,"cidade":"São Roque do Canaã","id_microrregiao":320308,"id_mesorregiao":3203,"id_estado":32,"id_regiao":3}},{"type":"Feature","geometry":{"type":"Polygon","coordinates":[[[-40.21236038208002,-20.23989295959467],[-40.21236038208002,-20.2384738922118],[-40.21513748168934,-20.236528396606445],[-40.21513748168934,-20.233194351196232],[-40.21236038208002,-20.230972290039006],[-40.21236038208002,-20.229583740234375],[-40.21014022827143,-20.229305267333984],[-40.20486068725586,-20.224584579467773],[-40.20430374145508,-20.223192214965763],[-40.20013809204096,-20.218748092651367],[-40.19847106933594,-20.216249465942326],[-40.199306488036996,-20.21319580078125],[-40.19902801513672,-20.210973739623967],[-40.19763946533203,-20.206806182861328],[-40.19597244262695,-20.204860687255746],[-40.19513702392578,-20.20125007629389],[-40.19180679321289,-20.199306488037053],[-40.19180679321289,-20.19680404663086],[-40.190139770507756,-20.194305419921875],[-40.19097137451166,-20.189582824706974],[-40.18986129760731,-20.186250686645508],[-40.19097137451166,-20.18541717529297],[-40.19097137451166,-20.18263816833496],[-40.18930435180664,-20.181249618530217],[-40.18930435180664,-20.178749084472656],[-40.188194274902344,-20.177637100219727],[-40.187637329101506,-20.175138473510685],[-40.18569564819336,-20.174306869506836],[-40.18597412109375,-20.170974731445256],[-40.18458175659174,-20.16958236694336],[-40.18486022949219,-20.166248321533203],[-40.184307098388615,-20.164583206176758],[-40.184028625488224,-20.15736389160145],[-40.18513870239258,-20.15652847290039],[-40.184307098388615,-20.153194427490234],[-40.184307098388615,-20.14763832092285],[-40.183471679687386,-20.147083282470703],[-40.18319320678711,-20.144584655761605],[-40.18152618408203,-20.14180564880371],[-40.18208312988281,-20.136249542236328],[-40.18180465698242,-20.133750915527344],[-40.18041610717768,-20.130138397216797],[-40.17930603027344,-20.12958145141596],[-40.17930603027344,-20.12708282470703],[-40.17791748046869,-20.125139236450195],[-40.17791748046869,-20.123193740844727],[-40.17625045776367,-20.1209716796875],[-40.1754150390625,-20.117914199829045],[-40.1754150390625,-20.11402702331543],[-40.17375183105469,-20.112361907958984],[-40.173194885253906,-20.10930633544922],[-40.17124938964838,-20.10791778564453],[-40.17097091674799,-20.1068058013916],[-40.172637939453125,-20.105138778686467],[-40.172637939453125,-20.10152816772461],[-40.1734733581543,-20.10069465637207],[-40.1734733581543,-20.097637176513615],[-40.172916412353516,-20.09597206115717],[-40.172916412353516,-20.092638015747013],[-40.174026489257756,-20.0906925201416],[-40.17375183105469,-20.083194732666016],[-40.173194885253906,-20.079584121704045],[-40.173194885253906,-20.07513809204096],[-40.17597198486328,-20.072916030883675],[-40.17597198486328,-20.070972442626953],[-40.17791748046869,-20.069028854370117],[-40.17902755737305,-20.068750381469727],[-40.18097305297846,-20.06680679321289],[-40.18180465698242,-20.064861297607308],[-40.184028625488224,-20.062915802001896],[-40.184307098388615,-20.061805725097543],[-40.188751220703125,-20.058748245239258],[-40.192081451416016,-20.05541610717762],[-40.19470596313471,-20.0560684204101],[-40.19532775878906,-20.05075454711914],[-40.190460205078125,-20.045202255249023],[-40.195381164550724,-20.0362548828125],[-40.216896057128906,-20.027074813842773],[-40.24810409545893,-20.037956237792912],[-40.25376510620117,-20.03248023986805],[-40.25777816772461,-20.041172027587834],[-40.264095306396484,-20.03126907348627],[-40.266273498535156,-20.03514671325678],[-40.27430725097656,-20.03693389892578],[-40.27191162109375,-20.030353546142578],[-40.27777481079096,-20.029224395751953],[-40.2808952331543,-20.03192710876465],[-40.290767669677734,-20.0234432220459],[-40.293540954589844,-20.025449752807617],[-40.303260803222656,-20.021129608154297],[-40.30244064331055,-20.025354385375977],[-40.31874465942383,-20.03008842468256],[-40.326702117919865,-20.029296875],[-40.33386230468744,-20.034749984741154],[-40.34382629394531,-20.036823272704964],[-40.34970474243164,-20.047292709350586],[-40.356201171875,-20.049291610717773],[-40.36099624633789,-20.042533874511662],[-40.3675651550293,-20.03997802734375],[-40.37234878540039,-20.026065826416016],[-40.37718200683594,-20.022476196289062],[-40.379661560058594,-20.024213790893555],[-40.38514328002924,-20.01443862915039],[-40.409339904785156,-20.017662048339844],[-40.4165420532226,-20.01695442199707],[-40.435546875,-20.097387313842773],[-40.43625640869135,-20.136396408080998],[-40.42125701904297,-20.16265869140625],[-40.41566848754877,-20.162637710571232],[-40.41179275512695,-20.170099258422738],[-40.402000427246094,-20.167951583862305],[-40.399570465087834,-20.172071456909123],[-40.3933486938476,-20.172704696655273],[-40.38228225708002,-20.191452026367188],[-40.38397216796875,-20.198986053466797],[-40.37902069091797,-20.21020126342762],[-40.374332427978516,-20.21479988098139],[-40.36741638183588,-20.21714782714838],[-40.357902526855355,-20.237960815429688],[-40.34001541137695,-20.249349594116097],[-40.33984756469721,-20.2602863311767],[-40.33541488647461,-20.259305953979492],[-40.334861755371094,-20.257638931274357],[-40.33347320556635,-20.256805419921818],[-40.33291625976551,-20.254861831664982],[-40.330696105956974,-20.253749847412053],[-40.330417633056584,-20.250415802001896],[-40.32847213745117,-20.249027252197266],[-40.32819366455078,-20.2459716796875],[-40.330417633056584,-20.245138168334904],[-40.330696105956974,-20.243749618530273],[-40.32903289794922,-20.241807937622013],[-40.32955551147455,-20.23996353149414],[-40.216838836669865,-20.239788055419922],[-40.21236038208002,-20.23989295959467]]]},"properties":{"id_cidade":3205002,"cidade":"Serra","id_microrregiao":320309,"id_mesorregiao":3203,"id_estado":32,"id_regiao":3}},{"type":"Feature","geometry":{"type":"Polygon","coordinates":[[[-40.289005279541016,-19.075288772583008],[-40.286216735839844,-19.07539749145502],[-40.28674697875971,-19.07914924621582],[-40.26743698120117,-19.08679771423334],[-40.26354217529297,-19.090612411498967],[-40.2625732421875,-19.09917640686035],[-40.25154876708979,-19.100208282470646],[-40.2529945373534,-19.104938507080078],[-40.243125915527344,-19.118606567382756],[-40.238616943359375,-19.11976623535145],[-40.244392395019474,-19.133117675781136],[-40.23741912841791,-19.135639190673828],[-40.23978042602539,-19.1407527923584],[-40.23575973510742,-19.144386291503906],[-40.239833831786996,-19.148147583007812],[-40.23389816284174,-19.15087127685547],[-40.23546600341797,-19.15536689758295],[-40.22621154785156,-19.154800415039062],[-40.22319793701172,-19.16299057006836],[-40.21860885620117,-19.157323837280273],[-40.2131462097168,-19.16084861755371],[-40.210159301757756,-19.168771743774414],[-40.2093505859375,-19.164764404296818],[-40.20385742187494,-19.167444229125977],[-40.19868850708008,-19.164594650268555],[-40.192031860351506,-19.19216537475586],[-40.156581878661996,-19.193973541259766],[-40.15272521972656,-19.201154708862248],[-40.14805603027338,-19.217243194580078],[-40.11859512329096,-19.229454040527344],[-40.114875793456974,-19.221296310424805],[-40.12113952636719,-19.211704254150277],[-40.10441970825195,-19.208864212036076],[-40.09725570678705,-19.22238159179676],[-40.084003448486214,-19.225791931152287],[-40.084346771240234,-19.235351562499886],[-40.035835266113224,-19.185085296630803],[-40.04092788696289,-19.18610954284668],[-40.05312728881836,-19.17499351501465],[-40.074069976806584,-19.16881561279297],[-40.087985992431584,-19.16909408569336],[-40.04567337036133,-19.08363151550293],[-40.02901840209961,-19.056245803833008],[-40.02006530761719,-19.05192565917963],[-40.01477813720703,-19.053850173950195],[-40.00491333007807,-19.04867362976063],[-39.98941421508789,-19.047006607055664],[-39.9980354309082,-19.04186820983881],[-40.00829315185547,-19.045949935913086],[-40.023193359375,-19.037912368774414],[-40.00306701660156,-18.995971679687443],[-40.01775360107422,-18.99312973022461],[-40.02345657348633,-18.98837661743164],[-40.033782958984375,-18.988832473754883],[-40.0413932800293,-18.98421287536621],[-40.0841178894043,-18.98153305053711],[-40.1051788330077,-18.970380783081055],[-40.12721252441406,-18.964645385742188],[-40.136447906494084,-18.964654922485238],[-40.14912796020502,-18.955482482910156],[-40.15493011474604,-18.956201553344727],[-40.16910934448242,-18.94971084594721],[-40.178894042968636,-18.94974136352539],[-40.178531646728516,-18.94335746765131],[-40.18489456176752,-18.937671661376953],[-40.18333435058594,-18.930734634399414],[-40.19055938720703,-18.92330932617176],[-40.195247650146484,-18.923135757446232],[-40.194541931152344,-18.916370391845703],[-40.1981201171875,-18.911081314086914],[-40.20310974121088,-18.911098480224553],[-40.207386016845646,-18.905231475830078],[-40.22163391113281,-18.93491363525385],[-40.26944351196289,-19.034530639648438],[-40.289005279541016,-19.075288772583008]]]},"properties":{"id_cidade":3205010,"cidade":"Sooretama","id_microrregiao":320206,"id_mesorregiao":3202,"id_estado":32,"id_regiao":3}},{"type":"Feature","geometry":{"type":"Polygon","coordinates":[[[-40.97999572753906,-20.869396209716797],[-40.97833633422846,-20.8658771514892],[-40.98689651489258,-20.861860275268498],[-40.985713958740234,-20.845943450927734],[-40.99155044555664,-20.837614059448242],[-40.97777557373041,-20.823095321655273],[-40.987033843994084,-20.8089141845702],[-40.9849967956543,-20.80130386352539],[-40.99568939208979,-20.792892456054574],[-40.9906654357909,-20.788616180419922],[-40.99170303344721,-20.785476684570312],[-40.994270324706974,-20.77943038940424],[-40.979713439941406,-20.767919540405217],[-40.98128509521479,-20.76563072204584],[-40.97598648071289,-20.764024734497013],[-40.966102600097656,-20.748306274414062],[-40.96482086181629,-20.7301025390625],[-40.95620727539057,-20.715810775756836],[-40.9631729125976,-20.71060562133789],[-40.959049224853516,-20.69654655456543],[-40.95602035522455,-20.691732406616154],[-40.95171737670893,-20.69640922546381],[-40.94754028320307,-20.694850921630803],[-40.945289611816406,-20.688850402831918],[-40.93210983276356,-20.685619354248047],[-40.929927825927734,-20.67885017395014],[-40.93439865112293,-20.67451286315918],[-40.93098449707031,-20.67018318176264],[-40.93359375,-20.663917541503906],[-40.925788879394474,-20.648094177246037],[-40.916469573974496,-20.644325256347656],[-40.91107177734375,-20.630054473876953],[-40.90962219238281,-20.622934341430664],[-40.914093017578125,-20.614227294921875],[-40.93350219726557,-20.601381301879883],[-40.93676376342768,-20.600194931030217],[-40.94428634643549,-20.6068058013916],[-40.952407836914006,-20.601770401000977],[-40.958351135253906,-20.604133605956974],[-40.96245193481445,-20.602216720581055],[-40.95733642578125,-20.591663360595646],[-40.96863174438465,-20.576744079589844],[-40.965126037597656,-20.563240051269474],[-40.956794738769474,-20.560325622558594],[-40.95914077758789,-20.555147171020508],[-40.956912994384766,-20.55221748352045],[-40.96471405029291,-20.544702529907113],[-40.95949935913086,-20.528759002685547],[-40.962345123291016,-20.512615203857422],[-40.95862197875965,-20.51007080078125],[-40.9596061706543,-20.498058319091797],[-40.96765518188471,-20.49383354187006],[-40.966228485107365,-20.484201431274357],[-40.97285461425781,-20.479759216308594],[-40.97387313842768,-20.4746475219726],[-40.9699821472168,-20.474117279052734],[-40.967620849609375,-20.462898254394474],[-40.97829055786133,-20.45608139038086],[-40.9853401184082,-20.458593368530273],[-40.9859504699707,-20.447734832763615],[-40.99557113647461,-20.44145202636713],[-40.98812484741211,-20.437231063842773],[-40.98923492431629,-20.432466506958008],[-41.00042724609375,-20.426008224487305],[-41.010486602783146,-20.43463134765625],[-41.009319305419865,-20.439262390136662],[-41.00738525390625,-20.450191497802734],[-41.01071548461914,-20.457572937011662],[-41.006572723388615,-20.465709686279297],[-41.006210327148324,-20.470684051513672],[-41.01975250244129,-20.478580474853516],[-41.01876449584955,-20.483957290649414],[-41.03965759277338,-20.484193801879883],[-41.041133880615234,-20.487327575683537],[-41.034336090087834,-20.491619110107365],[-41.0364875793457,-20.496765136718693],[-41.02863693237305,-20.496023178100586],[-41.02667236328125,-20.515037536621094],[-41.03253936767578,-20.518020629882756],[-41.038021087646484,-20.514936447143498],[-41.04461288452143,-20.523662567138615],[-41.048885345458984,-20.516801834106445],[-41.054874420166016,-20.51882553100586],[-41.055152893066406,-20.529159545898438],[-41.04919052124018,-20.534597396850586],[-41.032245635986214,-20.537111282348633],[-41.020263671875,-20.533203124999943],[-41.0181045532226,-20.545503616333008],[-41.029193878173714,-20.55392074584961],[-41.036506652831974,-20.570415496826172],[-41.03993988037104,-20.572111129760742],[-41.047367095947266,-20.566560745239258],[-41.057510375976506,-20.56782150268549],[-41.063446044921875,-20.58178520202631],[-41.07543182373041,-20.58070182800293],[-41.08060073852539,-20.5950870513916],[-41.066036224365234,-20.595785140991154],[-41.0643424987793,-20.600496292114258],[-41.07060241699219,-20.613019943237305],[-41.08553314208979,-20.616571426391545],[-41.069393157958984,-20.624277114868164],[-41.0547256469726,-20.629163742065373],[-41.06116485595703,-20.64036560058588],[-41.065547943115234,-20.64128684997553],[-41.06879425048828,-20.658620834350586],[-41.07882308959961,-20.674638748168945],[-41.08797073364258,-20.696136474609375],[-41.083992004394474,-20.70479774475092],[-41.08396530151367,-20.708683013915902],[-41.081024169921875,-20.715389251708984],[-41.071449279785156,-20.711637496948242],[-41.06719207763672,-20.713266372680664],[-41.06604766845703,-20.724063873291016],[-41.07189941406244,-20.726285934448242],[-41.062599182128906,-20.73362541198719],[-41.05162811279297,-20.752029418945312],[-41.03261566162104,-20.75690841674799],[-41.04587554931635,-20.787561416625977],[-41.04444503784174,-20.79667854309082],[-41.03864669799805,-20.78813362121582],[-41.01998519897461,-20.788024902343693],[-41.01726913452137,-20.795154571533146],[-41.023231506347656,-20.81601142883295],[-41.01603698730469,-20.823654174804688],[-41.03312683105469,-20.85253143310547],[-41.02611541748041,-20.85820198059082],[-41.017082214355355,-20.85919761657709],[-41.012100219726506,-20.865947723388558],[-40.99111175537104,-20.869462966918945],[-40.97999572753906,-20.869396209716797]]]},"properties":{"id_cidade":3205036,"cidade":"Vargem Alta","id_microrregiao":320412,"id_mesorregiao":3204,"id_estado":32,"id_regiao":3}},{"type":"Feature","geometry":{"type":"Polygon","coordinates":[[[-41.15803146362293,-20.28265762329096],[-41.16493225097656,-20.29998970031727],[-41.17242813110346,-20.305198669433594],[-41.1715736389159,-20.31022071838379],[-41.177749633789006,-20.311347961425724],[-41.190948486328125,-20.30754280090332],[-41.212192535400334,-20.320825576782227],[-41.216026306152344,-20.3286075592041],[-41.21083831787104,-20.33598327636713],[-41.21080780029297,-20.342456817626896],[-41.217472076416016,-20.349096298217717],[-41.21893692016596,-20.35590744018549],[-41.20317459106445,-20.364549636840707],[-41.20137405395508,-20.384336471557617],[-41.19282150268549,-20.390989303588867],[-41.17820358276367,-20.392309188842773],[-41.177490234374886,-20.401065826416016],[-41.18173599243164,-20.408714294433594],[-41.19979476928705,-20.418153762817383],[-41.196861267089844,-20.427421569824162],[-41.19424438476557,-20.431423187255803],[-41.19673919677729,-20.442153930664062],[-41.189468383789006,-20.446393966674805],[-41.17189025878906,-20.447254180908146],[-41.16633987426758,-20.446140289306527],[-41.16423797607422,-20.436679840087834],[-41.16666030883789,-20.429416656494084],[-41.16188430786133,-20.423051834106445],[-41.14175033569336,-20.43146324157709],[-41.1280403137207,-20.42534828186035],[-41.11963653564453,-20.42511558532715],[-41.12010192871094,-20.42215919494629],[-41.11103439331055,-20.41279792785639],[-41.11108398437494,-20.405162811279297],[-41.10469436645502,-20.403478622436523],[-41.097625732421875,-20.412466049194336],[-41.103607177734375,-20.422246932983285],[-41.0998649597168,-20.426614761352482],[-41.100189208984375,-20.434259414672795],[-41.088531494140625,-20.441785812377873],[-41.08024215698242,-20.441686630248967],[-41.06798934936518,-20.459672927856445],[-41.052791595458984,-20.460086822509766],[-41.04600524902344,-20.458457946777344],[-41.051696777343636,-20.453702926635685],[-41.05316925048828,-20.439109802246094],[-41.060459136962834,-20.422922134399414],[-41.06825637817377,-20.423315048217773],[-41.06399536132807,-20.410602569580078],[-41.07455062866205,-20.4046573638916],[-41.07199859619135,-20.39356803894043],[-41.0678977966308,-20.391122817993107],[-41.06951904296869,-20.38517761230463],[-41.07291030883789,-20.37524795532221],[-41.091358184814396,-20.369373321533203],[-41.08751678466797,-20.352445602416992],[-41.099643707275334,-20.343591690063477],[-41.0921630859375,-20.335069656372013],[-41.098567962646484,-20.325500488281136],[-41.10506820678705,-20.32270431518549],[-41.10560607910156,-20.304000854492188],[-41.11285400390625,-20.2976131439209],[-41.12895584106445,-20.295515060424805],[-41.13748550415039,-20.288307189941293],[-41.149158477783146,-20.282045364379826],[-41.15803146362293,-20.28265762329096]]]},"properties":{"id_cidade":3205069,"cidade":"Venda Nova do Imigrante","id_microrregiao":320307,"id_mesorregiao":3203,"id_estado":32,"id_regiao":3}},{"type":"Feature","geometry":{"type":"Polygon","coordinates":[[[-40.62617492675781,-20.468263626098633],[-40.60500717163086,-20.48746109008789],[-40.59962081909174,-20.48247146606434],[-40.59151458740229,-20.483280181884766],[-40.58382034301752,-20.47642707824707],[-40.57492065429682,-20.479825973510685],[-40.53804779052723,-20.47296714782709],[-40.48451995849604,-20.505813598632756],[-40.46407699584961,-20.432546615600472],[-40.45943069458002,-20.432697296142578],[-40.437610626220646,-20.43307495117176],[-40.427825927734375,-20.425945281982422],[-40.39477920532221,-20.422588348388672],[-40.39082336425781,-20.41515922546381],[-40.39043426513672,-20.408985137939453],[-40.374370574951115,-20.402515411376953],[-40.371040344238224,-20.399690628051758],[-40.38500213623047,-20.394264221191406],[-40.3946647644043,-20.396375656127873],[-40.3951683044433,-20.391267776489258],[-40.406009674072266,-20.379236221313363],[-40.40458679199219,-20.358753204345646],[-40.419956207275334,-20.34125328063959],[-40.428897857666016,-20.340875625610295],[-40.435798645019474,-20.335039138793945],[-40.43906021118153,-20.332920074462834],[-40.45288085937494,-20.340124130248967],[-40.460533142089844,-20.331546783447266],[-40.48066329956055,-20.344015121459904],[-40.48433685302729,-20.347354888916016],[-40.490474700927734,-20.34572410583496],[-40.500171661376896,-20.34889411926264],[-40.515750885009766,-20.347061157226562],[-40.52254867553711,-20.327568054199162],[-40.52157974243164,-20.29132461547846],[-40.53215789794922,-20.29258728027338],[-40.5490150451659,-20.30223846435547],[-40.560440063476506,-20.301460266113224],[-40.56411361694336,-20.30429840087885],[-40.56809997558594,-20.299692153930607],[-40.56686782836914,-20.29195594787592],[-40.573310852050724,-20.28659057617176],[-40.572273254394474,-20.280288696289006],[-40.57654953002924,-20.279159545898438],[-40.58261489868164,-20.29246520996088],[-40.579814910888615,-20.322383880615234],[-40.58657836914057,-20.335664749145508],[-40.582569122314396,-20.343570709228516],[-40.588848114013615,-20.349519729614258],[-40.59483337402344,-20.362672805786133],[-40.592849731445256,-20.367210388183594],[-40.58606719970703,-20.367824554443303],[-40.57990646362299,-20.36261558532709],[-40.580459594726506,-20.369094848632812],[-40.572254180908146,-20.372695922851506],[-40.57009124755848,-20.378049850463867],[-40.559730529785156,-20.372587203979492],[-40.5633926391601,-20.38619613647461],[-40.56139755249018,-20.38866424560547],[-40.552898406982365,-20.3890380859375],[-40.54451370239252,-20.384817123413086],[-40.534233093261605,-20.389793395996094],[-40.54808807373047,-20.39962387084961],[-40.543697357177734,-20.402847290039062],[-40.55358886718744,-20.404590606689453],[-40.556312561035156,-20.408927917480412],[-40.58795166015625,-20.41550636291504],[-40.615135192871094,-20.413869857788086],[-40.61629867553711,-20.421804428100586],[-40.625553131103516,-20.424545288085938],[-40.62253570556635,-20.436513900756836],[-40.63268280029297,-20.462343215942383],[-40.62617492675781,-20.468263626098633]]]},"properties":{"id_cidade":3205101,"cidade":"Viana","id_microrregiao":320309,"id_mesorregiao":3203,"id_estado":32,"id_regiao":3}},{"type":"Feature","geometry":{"type":"Polygon","coordinates":[[[-40.65230941772461,-18.513084411621094],[-40.65421676635742,-18.5173664093017],[-40.660285949706974,-18.518489837646484],[-40.67304229736328,-18.524881362914982],[-40.670688629150334,-18.530914306640625],[-40.67848587036133,-18.531204223632812],[-40.68523025512695,-18.537286758422795],[-40.69003295898432,-18.54725456237793],[-40.702941894531136,-18.556310653686523],[-40.70509338378906,-18.562728881835824],[-40.71437835693354,-18.565977096557617],[-40.71932220458979,-18.56300926208496],[-40.7286491394043,-18.569398880004883],[-40.73812866210926,-18.569372177124023],[-40.75045394897461,-18.57666015625],[-40.760063171386605,-18.576986312866097],[-40.76579666137695,-18.5818195343017],[-40.770206451416016,-18.594360351562443],[-40.7801780700683,-18.59779739379877],[-40.78781509399403,-18.596374511718693],[-40.79706954956043,-18.5870304107666],[-40.80281066894531,-18.58379554748535],[-40.803955078125,-18.58858680725092],[-40.7943115234375,-18.59728050231928],[-40.79727554321289,-18.605388641357422],[-40.78981399536127,-18.620763778686523],[-40.78037261962885,-18.620260238647404],[-40.77486038208008,-18.613702774047738],[-40.76517105102539,-18.613014221191406],[-40.76102828979492,-18.60894012451172],[-40.76504135131836,-18.605791091918945],[-40.76475524902344,-18.593667984008732],[-40.746360778808594,-18.60154914855957],[-40.747291564941406,-18.595111846923828],[-40.74064254760742,-18.588457107543945],[-40.732105255126896,-18.588188171386605],[-40.727596282958984,-18.601078033447266],[-40.72300720214844,-18.601413726806584],[-40.72182464599598,-18.60904884338379],[-40.72209167480463,-18.626474380493107],[-40.72969055175781,-18.659749984741154],[-40.725406646728516,-18.674369812011662],[-40.708663940429574,-18.68439292907715],[-40.70530700683588,-18.681505203246957],[-40.68669891357416,-18.683897018432617],[-40.68397521972656,-18.687137603759766],[-40.682464599609375,-18.69121360778803],[-40.686256408691406,-18.69503211975092],[-40.700096130371094,-18.695837020874023],[-40.69625473022455,-18.706132888793945],[-40.680896759033146,-18.70342826843256],[-40.676982879638615,-18.706516265869084],[-40.669002532958984,-18.702184677123967],[-40.65218734741205,-18.707004547119084],[-40.641265869140625,-18.725067138671875],[-40.626995086669865,-18.724332809448242],[-40.624755859375,-18.727466583251953],[-40.621742248535156,-18.72532844543457],[-40.61035919189453,-18.720378875732422],[-40.59454345703125,-18.719959259033146],[-40.57012176513672,-18.700948715209904],[-40.54281997680653,-18.686443328857422],[-40.51836013793945,-18.66533851623535],[-40.51219940185541,-18.663644790649357],[-40.504432678222656,-18.666707992553654],[-40.49629211425781,-18.660581588745117],[-40.483123779296875,-18.657810211181527],[-40.49637222290028,-18.65070343017578],[-40.4919319152832,-18.634071350097656],[-40.50036239624018,-18.621061325073242],[-40.51937484741211,-18.62314414978016],[-40.53304672241211,-18.609310150146484],[-40.53699874877918,-18.60469627380371],[-40.536304473876896,-18.58916282653803],[-40.55048370361328,-18.58264541625971],[-40.55544662475586,-18.571229934692326],[-40.56414794921869,-18.56514930725092],[-40.56672286987299,-18.551313400268498],[-40.562244415283146,-18.528774261474496],[-40.56475830078125,-18.523437499999886],[-40.5655517578125,-18.51255226135254],[-40.550594329833984,-18.49331283569336],[-40.5629768371582,-18.486778259277287],[-40.5934219360351,-18.490831375122013],[-40.61909866333002,-18.498485565185547],[-40.62088394165039,-18.505077362060547],[-40.6335830688476,-18.509090423583984],[-40.63817596435541,-18.51629447937006],[-40.65078353881836,-18.516355514526367],[-40.65230941772461,-18.513084411621094]]]},"properties":{"id_cidade":3205150,"cidade":"Vila Pavão","id_microrregiao":320102,"id_mesorregiao":3201,"id_estado":32,"id_regiao":3}},{"type":"Feature","geometry":{"type":"Polygon","coordinates":[[[-40.289005279541016,-19.075288772583008],[-40.26944351196289,-19.034530639648438],[-40.22163391113281,-18.93491363525385],[-40.207386016845646,-18.905231475830078],[-40.205135345458984,-18.898408889770508],[-40.208721160888615,-18.881952285766545],[-40.216342926025334,-18.877145767211914],[-40.22591781616211,-18.87765121459961],[-40.24401855468744,-18.86260223388672],[-40.25056457519531,-18.863874435424805],[-40.25914001464844,-18.842674255371094],[-40.2668571472168,-18.840457916259766],[-40.27927017211914,-18.84236335754389],[-40.294342041015625,-18.842605590820256],[-40.30208587646479,-18.847873687744027],[-40.311763763427734,-18.84741973876953],[-40.31935501098627,-18.850780487060547],[-40.331089019775334,-18.84822463989252],[-40.339691162109375,-18.84958648681635],[-40.34596633911127,-18.846193313598576],[-40.37282180786133,-18.848608016967773],[-40.373996734619084,-18.947900772094727],[-40.382999420166016,-18.942235946655217],[-40.39390563964844,-18.946790695190373],[-40.40489196777338,-18.94667816162098],[-40.407459259033146,-18.953605651855412],[-40.418045043945256,-18.960966110229492],[-40.42006301879877,-18.957355499267464],[-40.4160537719726,-18.950712203979435],[-40.42076110839844,-18.94650459289545],[-40.43376159667969,-18.94807815551752],[-40.449668884277344,-18.956558227539006],[-40.46480178833002,-18.962879180908146],[-40.459243774414006,-18.983871459960824],[-40.46460342407221,-18.993246078491154],[-40.44637298583979,-18.989299774169865],[-40.44775390625,-19.00713539123535],[-40.435684204101506,-19.014034271240234],[-40.43391036987293,-19.01923751831049],[-40.45166015625,-19.043697357177734],[-40.457717895507756,-19.04622459411621],[-40.45563125610346,-19.053272247314396],[-40.45005416870117,-19.050804138183537],[-40.444206237792855,-19.05292320251465],[-40.42506408691406,-19.07633018493641],[-40.402717590331974,-19.076812744140625],[-40.39500427246094,-19.080316543579045],[-40.395252227783146,-19.08577537536621],[-40.39156341552723,-19.083581924438477],[-40.378093719482365,-19.085115432739258],[-40.37499237060547,-19.079853057861328],[-40.364665985107365,-19.06675148010254],[-40.35268783569336,-19.073997497558594],[-40.35243606567377,-19.081693649291992],[-40.34920120239252,-19.084461212158146],[-40.34306716918945,-19.07812309265131],[-40.33693313598633,-19.079479217529297],[-40.32562255859375,-19.07610321044922],[-40.321495056152344,-19.08105087280262],[-40.30488967895508,-19.08375740051264],[-40.289005279541016,-19.075288772583008]]]},"properties":{"id_cidade":3205176,"cidade":"Vila Valério","id_microrregiao":320102,"id_mesorregiao":3201,"id_estado":32,"id_regiao":3}},{"type":"Feature","geometry":{"type":"MultiPolygon","coordinates":[[[[-40.371040344238224,-20.399690628051758],[-40.374370574951115,-20.402515411376953],[-40.39043426513672,-20.408985137939453],[-40.39082336425781,-20.41515922546381],[-40.39477920532221,-20.422588348388672],[-40.427825927734375,-20.425945281982422],[-40.437610626220646,-20.43307495117176],[-40.45943069458002,-20.432697296142578],[-40.46407699584961,-20.432546615600472],[-40.48451995849604,-20.505813598632756],[-40.38017272949219,-20.51912879943842],[-40.379295349121094,-20.525888442993107],[-40.37208175659174,-20.528884887695256],[-40.3709716796875,-20.527915954589844],[-40.36819458007807,-20.52152824401844],[-40.3651390075683,-20.519027709960938],[-40.3615264892577,-20.517915725708008],[-40.3609733581543,-20.51958465576172],[-40.35958480834955,-20.520139694213867],[-40.35874938964838,-20.518474578857422],[-40.359859466552734,-20.517639160156193],[-40.359859466552734,-20.514860153198242],[-40.360416412353516,-20.512083053588754],[-40.35958480834955,-20.51097297668457],[-40.35930633544916,-20.507917404174805],[-40.35847091674793,-20.507360458374023],[-40.35708236694336,-20.50347137451172],[-40.355415344238224,-20.50097274780262],[-40.355415344238224,-20.499860763549748],[-40.3537483215332,-20.49652862548828],[-40.35152816772461,-20.493473052978516],[-40.34930419921869,-20.487083435058594],[-40.348751068115234,-20.486804962158203],[-40.348751068115234,-20.482084274291992],[-40.34736251831055,-20.479860305786133],[-40.34680557250971,-20.476249694824162],[-40.34347152709955,-20.471527099609375],[-40.34263992309559,-20.46847152709961],[-40.34180450439453,-20.467916488647404],[-40.340137481689396,-20.464582443237248],[-40.340137481689396,-20.463472366333008],[-40.33736038208002,-20.458471298217717],[-40.33708190917963,-20.457361221313477],[-40.33319473266596,-20.452917098999023],[-40.33208465576172,-20.44930648803711],[-40.329860687255746,-20.447359085083008],[-40.329860687255746,-20.443471908569336],[-40.32902908325195,-20.441249847412053],[-40.32680511474604,-20.43874931335438],[-40.32680511474604,-20.437360763549805],[-40.325138092041016,-20.43458366394043],[-40.32430648803705,-20.431804656982365],[-40.32319259643555,-20.431249618530273],[-40.32291793823242,-20.4284725189209],[-40.32208251953125,-20.427085876464844],[-40.319026947021484,-20.426803588867188],[-40.31847381591797,-20.42458152770996],[-40.319026947021484,-20.423471450805607],[-40.32402801513666,-20.42402839660639],[-40.32263946533203,-20.421806335449162],[-40.32263946533203,-20.41902732849121],[-40.32152938842768,-20.417083740234375],[-40.32152938842768,-20.413196563720703],[-40.320693969726506,-20.409027099609318],[-40.31735992431635,-20.40041732788086],[-40.3154182434082,-20.396528244018555],[-40.313751220703125,-20.390972137451172],[-40.31263732910156,-20.390138626098633],[-40.31124877929682,-20.387083053588867],[-40.31097412109369,-20.38513946533203],[-40.30680465698242,-20.3790283203125],[-40.30513763427729,-20.377082824706974],[-40.30486297607416,-20.375694274902344],[-40.30319595336914,-20.373472213745117],[-40.301528930664006,-20.369581222534123],[-40.297637939453125,-20.365137100219727],[-40.297359466552734,-20.363750457763672],[-40.29319381713867,-20.35958480834961],[-40.28819274902344,-20.35708236694336],[-40.284027099609375,-20.354305267333984],[-40.28319549560541,-20.352638244628906],[-40.283748626708984,-20.344863891601562],[-40.28291702270502,-20.34263801574707],[-40.28236007690424,-20.33930587768549],[-40.28152847290039,-20.337083816528207],[-40.279304504394474,-20.334028244018498],[-40.27680587768549,-20.332361221313477],[-40.27430725097656,-20.332361221313477],[-40.27291488647455,-20.329582214355412],[-40.27041625976557,-20.328470230102482],[-40.26985931396479,-20.329582214355412],[-40.26791763305664,-20.328750610351562],[-40.26819610595703,-20.326805114746037],[-40.26625061035145,-20.325416564941406],[-40.266529083251896,-20.32402992248535],[-40.26874923706055,-20.32402992248535],[-40.269306182861214,-20.32319450378418],[-40.272361755371094,-20.32319450378418],[-40.27291488647455,-20.321527481079045],[-40.27430725097656,-20.320417404174805],[-40.27763748168945,-20.321250915527344],[-40.279026031494084,-20.32374954223627],[-40.28069305419922,-20.32458305358881],[-40.28347396850586,-20.3248615264892],[-40.285415649414006,-20.32430648803711],[-40.28708267211914,-20.322917938232365],[-40.28930664062494,-20.32347297668457],[-40.28902816772455,-20.3248615264892],[-40.2904167175293,-20.326248168945256],[-40.29291534423828,-20.326528549194336],[-40.29597091674799,-20.32347297668457],[-40.301528930664006,-20.32319450378418],[-40.306251525878906,-20.326805114746037],[-40.3095817565918,-20.330139160156193],[-40.31124877929682,-20.329582214355412],[-40.31263732910156,-20.325971603393555],[-40.314304351806584,-20.32402992248535],[-40.31680679321289,-20.32402992248535],[-40.319305419921875,-20.327083587646428],[-40.32208251953125,-20.327083587646428],[-40.32208251953125,-20.325138092041016],[-40.32125091552729,-20.322917938232365],[-40.32402801513666,-20.32208251953125],[-40.325416564941406,-20.32347297668457],[-40.32736206054682,-20.32319450378418],[-40.330417633056584,-20.32458305358881],[-40.34180450439453,-20.32458305358881],[-40.34208297729492,-20.325695037841797],[-40.34513854980469,-20.326528549194336],[-40.34680557250971,-20.326248168945256],[-40.348751068115234,-20.32736015319813],[-40.35124969482422,-20.326805114746037],[-40.355693817138615,-20.326528549194336],[-40.35555648803711,-20.34039306640625],[-40.36574935913086,-20.370689392089787],[-40.36625289916992,-20.39522933959961],[-40.371040344238224,-20.399690628051758]]],[[[-40.295417785644474,-20.38013839721674],[-40.29652786254883,-20.38013839721674],[-40.297637939453125,-20.381805419921875],[-40.295139312744084,-20.381805419921875],[-40.295417785644474,-20.38013839721674]]]]},"properties":{"id_cidade":3205200,"cidade":"Vila Velha","id_microrregiao":320309,"id_mesorregiao":3203,"id_estado":32,"id_regiao":3}},{"type":"Feature","geometry":{"type":"MultiPolygon","coordinates":[[[[-40.3073616027832,-20.32347297668457],[-40.30986022949219,-20.32402992248535],[-40.3095817565918,-20.325971603393555],[-40.30764007568348,-20.325416564941406],[-40.3073616027832,-20.32347297668457]]],[[[-40.27013778686518,-20.320695877075195],[-40.27180480957031,-20.320695877075195],[-40.2720832824707,-20.32236099243164],[-40.26985931396479,-20.32236099243164],[-40.27013778686518,-20.320695877075195]]],[[[-40.27486038208008,-20.306528091430664],[-40.27680587768549,-20.307083129882756],[-40.27680587768549,-20.30902862548828],[-40.273471832275334,-20.308195114135742],[-40.27486038208008,-20.306528091430664]]],[[[-40.27680587768549,-20.29874992370594],[-40.279026031494084,-20.299861907958984],[-40.28236007690424,-20.299304962158203],[-40.285694122314396,-20.302082061767578],[-40.285415649414006,-20.305139541625863],[-40.28125,-20.30458450317377],[-40.280139923095646,-20.30236053466797],[-40.277915954589844,-20.30236053466797],[-40.27624893188471,-20.30152702331543],[-40.27680587768549,-20.29874992370594]]],[[[-40.32903289794922,-20.241807937622013],[-40.32597351074219,-20.24319458007801],[-40.32430648803705,-20.247638702392578],[-40.320693969726506,-20.249582290649414],[-40.319305419921875,-20.249027252197266],[-40.314861297607365,-20.249305725097656],[-40.314582824706974,-20.250139236450195],[-40.319305419921875,-20.249860763549805],[-40.32180404663086,-20.250974655151367],[-40.32374954223627,-20.250974655151367],[-40.32458496093744,-20.252084732055607],[-40.32374954223627,-20.255695343017578],[-40.32374954223627,-20.260139465331974],[-40.32430648803705,-20.26208114624012],[-40.32791519165039,-20.26458549499506],[-40.329860687255746,-20.270139694213754],[-40.329860687255746,-20.271528244018555],[-40.3309707641601,-20.274026870727482],[-40.332637786865234,-20.275693893432617],[-40.336528778076115,-20.275970458984318],[-40.33763885498047,-20.277082443237248],[-40.33736038208002,-20.279861450195312],[-40.33986282348627,-20.28208351135254],[-40.33986282348627,-20.28375053405756],[-40.34208297729492,-20.284584045410043],[-40.3448600769043,-20.2873592376709],[-40.34763717651367,-20.289304733276254],[-40.35041809082031,-20.292638778686467],[-40.350139617919865,-20.29819488525385],[-40.35069274902344,-20.29874992370594],[-40.35069274902344,-20.30180549621582],[-40.351806640625,-20.30347442626953],[-40.35347366333008,-20.30402755737299],[-40.355140686035156,-20.30791664123535],[-40.35847091674793,-20.31013870239252],[-40.35902786254877,-20.312084197998047],[-40.35902786254877,-20.315139770507812],[-40.35819625854492,-20.318195343017578],[-40.354862213134766,-20.321527481079045],[-40.35291671752924,-20.32236099243164],[-40.35208511352528,-20.32374954223627],[-40.349582672119084,-20.32458305358881],[-40.34680557250971,-20.3248615264892],[-40.34375,-20.32236099243164],[-40.33819580078125,-20.32319450378418],[-40.334026336669865,-20.321250915527344],[-40.32819366455078,-20.320695877075195],[-40.324859619140625,-20.321250915527344],[-40.32236099243164,-20.31875038146967],[-40.318748474121094,-20.31847381591797],[-40.31680679321289,-20.317363739013615],[-40.314861297607365,-20.317363739013615],[-40.313751220703125,-20.320695877075195],[-40.31097412109369,-20.3195858001709],[-40.30986022949219,-20.320695877075195],[-40.30486297607416,-20.320695877075195],[-40.30291748046875,-20.319303512573242],[-40.297359466552734,-20.319026947021484],[-40.295417785644474,-20.319860458374023],[-40.29458236694336,-20.31847381591797],[-40.28819274902344,-20.318195343017578],[-40.288471221923714,-20.315694808959904],[-40.28652954101557,-20.31458282470703],[-40.28680419921875,-20.31319427490223],[-40.284584045410156,-20.31263923645014],[-40.284027099609375,-20.314027786254883],[-40.280418395996094,-20.313472747802678],[-40.2765274047851,-20.312084197998047],[-40.27597045898432,-20.309860229492074],[-40.27736282348633,-20.309860229492074],[-40.278751373291016,-20.30763816833496],[-40.28263854980463,-20.308195114135742],[-40.284027099609375,-20.30902862548828],[-40.28652954101557,-20.309305191039982],[-40.28874969482416,-20.30875015258789],[-40.29069519042969,-20.306806564331055],[-40.29069519042969,-20.304304122924805],[-40.289585113525334,-20.302082061767578],[-40.28902816772455,-20.29902839660639],[-40.28763961791992,-20.296249389648438],[-40.28597259521479,-20.296249389648438],[-40.284584045410156,-20.295139312744084],[-40.28597259521479,-20.29236030578602],[-40.28708267211914,-20.293750762939453],[-40.288471221923714,-20.293472290039062],[-40.2904167175293,-20.28986358642578],[-40.29069519042969,-20.2873592376709],[-40.28902816772455,-20.284860610961914],[-40.288471221923714,-20.281806945800724],[-40.28680419921875,-20.279306411743164],[-40.28208160400379,-20.275417327880803],[-40.28097152709961,-20.274026870727482],[-40.278194427490234,-20.272083282470646],[-40.27458190917969,-20.270416259765625],[-40.268470764160156,-20.267084121703988],[-40.26625061035145,-20.267084121703988],[-40.25958251953125,-20.265695571899414],[-40.2551383972168,-20.26763916015625],[-40.25374984741205,-20.26902770996088],[-40.25374984741205,-20.271249771118107],[-40.25458145141596,-20.272361755371037],[-40.25125122070307,-20.275138854980412],[-40.25125122070307,-20.276527404785156],[-40.24986267089844,-20.27791404724121],[-40.249027252197266,-20.279861450195312],[-40.2481956481933,-20.285139083862305],[-40.24986267089844,-20.28791618347168],[-40.24986267089844,-20.28902816772461],[-40.24625015258789,-20.288749694824162],[-40.24763870239252,-20.290416717529297],[-40.24763870239252,-20.293195724487248],[-40.24680709838867,-20.293750762939453],[-40.24069595336903,-20.290693283081055],[-40.23652648925781,-20.289581298828125],[-40.235694885253906,-20.293195724487248],[-40.23791503906244,-20.294584274291992],[-40.23652648925781,-20.296249389648438],[-40.235694885253906,-20.298471450805664],[-40.234306335449105,-20.297082901000977],[-40.23152923583979,-20.296527862548828],[-40.229583740234375,-20.295139312744084],[-40.229583740234375,-20.293195724487248],[-40.23097229003906,-20.291528701782227],[-40.23374938964844,-20.284305572509766],[-40.23402786254883,-20.27763938903803],[-40.23347091674805,-20.275693893432617],[-40.23236083984369,-20.274583816528263],[-40.2320823669433,-20.2718048095702],[-40.23069381713867,-20.269861221313477],[-40.23069381713867,-20.26763916015625],[-40.229305267333984,-20.265417098999023],[-40.22819519042963,-20.264860153198185],[-40.226806640625,-20.26152801513672],[-40.222637176513615,-20.256250381469727],[-40.22069549560547,-20.25736045837391],[-40.219028472900334,-20.255971908569336],[-40.2220840454101,-20.25430679321289],[-40.22319412231445,-20.2526397705077],[-40.22291564941406,-20.25069236755371],[-40.22041702270508,-20.24819374084467],[-40.21625137329096,-20.245138168334904],[-40.21430587768555,-20.24319458007801],[-40.21236038208002,-20.23989295959467],[-40.216838836669865,-20.239788055419922],[-40.32955551147455,-20.23996353149414],[-40.32903289794922,-20.241807937622013]]]]},"properties":{"id_cidade":3205309,"cidade":"Vitória","id_microrregiao":320309,"id_mesorregiao":3203,"id_estado":32,"id_regiao":3}},{"type":"Feature","geometry":{"type":"Polygon","coordinates":[[[-40.58302688598627,-18.36737060546875],[-40.58245468139643,-18.3524227142334],[-40.57497787475586,-18.34869766235346],[-40.57506561279297,-18.344093322753906],[-40.584129333496094,-18.33960533142084],[-40.596614837646484,-18.339380264282227],[-40.60174179077143,-18.343574523925668],[-40.61226272583008,-18.3180255889892],[-40.609493255615234,-18.30239486694336],[-40.618865966796875,-18.28757476806635],[-40.558753967285156,-18.23098373413086],[-40.55090332031244,-18.227830886840763],[-40.55330657958973,-18.221727371215763],[-40.545780181884766,-18.204254150390625],[-40.555305480956974,-18.17836380004877],[-40.5528564453125,-18.165739059448185],[-40.557109832763615,-18.164575576782227],[-40.55686950683594,-18.158609390258675],[-40.563533782958984,-18.155397415161133],[-40.559532165527344,-18.13939285278309],[-40.56191635131836,-18.13109207153309],[-40.5581436157226,-18.114637374877873],[-40.57131958007807,-18.100791931152344],[-40.579345703124886,-18.09791374206543],[-40.591793060302734,-18.108503341674748],[-40.59607696533203,-18.101709365844727],[-40.60546874999994,-18.100004196166992],[-40.61279296874994,-18.107463836669922],[-40.613483428954964,-18.09212875366211],[-40.627964019775334,-18.072774887084847],[-40.6305046081543,-18.053373336791992],[-40.638835906982365,-18.035118103027287],[-40.647991180419865,-18.03298377990717],[-40.65909957885742,-18.025222778320256],[-40.66176223754883,-18.013118743896428],[-40.673126220703125,-18.01103782653803],[-40.67776870727539,-18.013233184814453],[-40.684165954589844,-18.01017189025879],[-40.704490661621094,-18.02334976196289],[-40.711341857910156,-18.015947341918945],[-40.71610641479492,-18.004611968994084],[-40.72571182250971,-18.00121307373047],[-40.744026184081974,-18.005313873291016],[-40.750713348388615,-18.00990486145014],[-40.760253906249886,-18.003957748413086],[-40.77220153808594,-18.00230216979969],[-40.77324676513672,-18.00000762939453],[-40.771141052246094,-17.98105812072754],[-40.77766799926758,-17.982301712036133],[-40.77768707275385,-17.976682662963867],[-40.78206253051752,-17.975242614746037],[-40.79494476318354,-17.98173522949213],[-40.79182052612293,-17.971477508544922],[-40.79841232299805,-17.956943511962834],[-40.802566528320256,-17.95848846435547],[-40.80872344970703,-17.952749252319336],[-40.81410598754877,-17.958904266357422],[-40.82491302490223,-17.96369552612299],[-40.83049392700195,-17.954179763793945],[-40.83698272705078,-17.957181930541935],[-40.8594856262207,-17.981739044189396],[-40.863067626953125,-17.98830032348627],[-40.870243072509766,-17.98609161376953],[-40.87286376953119,-17.98079681396473],[-40.87780761718744,-17.981723785400334],[-40.882659912109375,-17.97054672241211],[-40.89111328125,-17.98303031921381],[-40.89704895019531,-17.981723785400334],[-40.90253829956049,-17.987470626831055],[-40.77324676513672,-18.107557296752873],[-40.77143859863281,-18.1559162139892],[-40.79468536376942,-18.160045623779297],[-40.805156707763615,-18.152965545654297],[-40.824131011962834,-18.149284362792912],[-40.83244705200184,-18.15114974975586],[-40.84067153930664,-18.147844314575195],[-40.846858978271484,-18.14851760864252],[-40.84980392456043,-18.14743423461914],[-40.85596847534174,-18.139814376830998],[-40.86324691772455,-18.139127731323185],[-40.8663711547851,-18.129911422729492],[-40.87749481201172,-18.119426727294865],[-40.88063430786133,-18.12413787841797],[-40.88895034790039,-18.12401008605957],[-40.89385223388666,-18.11888313293457],[-40.89305114746094,-18.107873916625863],[-40.89894104003906,-18.112506866455078],[-40.9041748046875,-18.110176086425724],[-40.90448760986328,-18.11592483520502],[-40.90922546386719,-18.114826202392578],[-40.91724395751953,-18.12073516845703],[-40.932151794433594,-18.136478424072266],[-40.94045639038086,-18.136449813842717],[-40.9448623657226,-18.12965202331543],[-40.949947357177734,-18.129283905029183],[-40.95149612426758,-18.1424503326416],[-40.94879913330067,-18.145694732666016],[-40.9544792175293,-18.154489517211857],[-40.962112426757756,-18.154167175292912],[-40.96746063232416,-18.145206451415902],[-40.97803878784174,-18.142028808593693],[-40.986976623535156,-18.146770477294922],[-40.98942184448231,-18.170646667480412],[-40.993160247802734,-18.166229248046875],[-41.010536193847656,-18.167394638061523],[-41.01453399658203,-18.157575607299805],[-41.02804946899403,-18.157669067382756],[-41.03375625610346,-18.17210578918457],[-41.038082122802734,-18.171085357666016],[-41.03527832031244,-18.162790298461857],[-41.052158355712834,-18.165214538574162],[-41.055988311767464,-18.166601181030217],[-41.053386688232365,-18.172668457031193],[-41.056396484375,-18.17883682250971],[-41.06682586669916,-18.18109130859375],[-41.092525482177734,-18.195461273193303],[-41.094058990478516,-18.208681106567383],[-41.104393005371094,-18.213274002075195],[-41.10213851928705,-18.21919822692871],[-41.091670989990234,-18.22804069519043],[-41.09194183349598,-18.231298446655273],[-41.09918212890619,-18.23236656188965],[-41.1026878356933,-18.236957550048828],[-41.098999023437386,-18.23910140991211],[-41.100746154785156,-18.24373817443842],[-41.096416473388615,-18.255573272705078],[-41.12744140625,-18.27691650390625],[-41.14637374877924,-18.29945564270014],[-41.15878295898432,-18.308750152587834],[-41.15460968017578,-18.334697723388615],[-41.15010452270502,-18.336351394653263],[-41.1489524841308,-18.36079978942871],[-41.1458282470702,-18.373857498168945],[-41.148048400878906,-18.37914657592762],[-41.15954208374018,-18.381452560424748],[-41.16248703002924,-18.39075851440424],[-41.16039276123041,-18.40279388427723],[-41.144680023193246,-18.406244277954045],[-41.142051696777344,-18.401828765869084],[-41.133766174316406,-18.402786254882756],[-41.12275314331055,-18.40871810913086],[-41.11587524414057,-18.40826225280756],[-41.1109619140625,-18.40167808532709],[-41.100948333740234,-18.402616500854435],[-41.09561538696289,-18.389936447143498],[-41.087120056152344,-18.38469696044922],[-41.08678817749018,-18.374679565429688],[-41.07801818847645,-18.373653411865234],[-41.068336486816406,-18.364959716796875],[-41.068000793456974,-18.356443405151367],[-41.0625114440918,-18.35273551940918],[-41.0563850402832,-18.353593826293945],[-41.05726623535156,-18.348602294921818],[-41.052494049072266,-18.343742370605412],[-41.041255950927734,-18.361715316772404],[-41.03297042846674,-18.36590576171875],[-41.03927612304682,-18.373321533203068],[-41.036102294921875,-18.380287170410043],[-41.040515899658146,-18.383750915527344],[-41.0341682434082,-18.38880157470703],[-41.0268936157226,-18.38671875],[-41.02357482910156,-18.391801834106445],[-41.00936508178711,-18.380161285400334],[-41.00590515136713,-18.395671844482422],[-40.998462677001896,-18.392398834228402],[-40.985038757324105,-18.411359786987305],[-40.976612091064396,-18.398086547851506],[-40.98313140869129,-18.392393112182617],[-40.966621398925724,-18.391445159911996],[-40.95999526977539,-18.383861541748047],[-40.95166778564453,-18.385498046874943],[-40.944290161132756,-18.389236450195256],[-40.94376754760742,-18.392923355102425],[-40.951019287109375,-18.395132064819336],[-40.95035934448242,-18.40121078491211],[-40.9427375793457,-18.40538787841797],[-40.93363189697254,-18.396459579467773],[-40.92748260498047,-18.4065647125243],[-40.92436218261713,-18.416120529174805],[-40.93475341796869,-18.41961479187006],[-40.93566131591797,-18.422998428344727],[-40.92693328857416,-18.429168701171875],[-40.929874420166016,-18.43257331848139],[-40.924953460693246,-18.43914031982422],[-40.904502868652344,-18.42603683471674],[-40.89731979370117,-18.433149337768498],[-40.877132415771484,-18.432107925414982],[-40.872901916503906,-18.42816925048828],[-40.862449645996094,-18.43330764770502],[-40.84898376464844,-18.43442535400385],[-40.85311889648432,-18.447420120239258],[-40.84881973266596,-18.45003700256342],[-40.84868240356445,-18.455570220947266],[-40.854839324951115,-18.458951950073242],[-40.84652709960932,-18.482845306396484],[-40.84795379638672,-18.493974685668945],[-40.842979431152344,-18.493110656738168],[-40.8425178527832,-18.49770736694336],[-40.83088302612305,-18.500240325927678],[-40.819915771484375,-18.498502731323242],[-40.813152313232365,-18.49714851379389],[-40.804466247558594,-18.49403953552246],[-40.78837585449213,-18.492670059204045],[-40.79171371459955,-18.48254203796381],[-40.789451599121094,-18.48012161254877],[-40.76943588256836,-18.485292434692383],[-40.75745773315424,-18.493619918823185],[-40.75130081176758,-18.46844291687006],[-40.73040390014637,-18.465101242065373],[-40.72329330444336,-18.46825981140131],[-40.721050262451115,-18.477426528930664],[-40.714382171630746,-18.48142814636219],[-40.710716247558594,-18.491743087768555],[-40.6990127563476,-18.506664276123047],[-40.69255447387695,-18.503963470458928],[-40.6788711547851,-18.51220703125],[-40.67321014404297,-18.508865356445312],[-40.66804885864258,-18.512266159057617],[-40.65869903564453,-18.510303497314453],[-40.65230941772461,-18.513084411621094],[-40.65078353881836,-18.516355514526367],[-40.63817596435541,-18.51629447937006],[-40.6335830688476,-18.509090423583984],[-40.62088394165039,-18.505077362060547],[-40.61909866333002,-18.498485565185547],[-40.5934219360351,-18.490831375122013],[-40.5629768371582,-18.486778259277287],[-40.550594329833984,-18.49331283569336],[-40.53475570678711,-18.49046897888178],[-40.528831481933594,-18.48581314086914],[-40.5172119140625,-18.486837387084904],[-40.51491165161133,-18.481346130371037],[-40.52325439453119,-18.480606079101506],[-40.52325820922846,-18.473001480102482],[-40.5268821716308,-18.468601226806527],[-40.53545379638666,-18.466308593749886],[-40.536197662353516,-18.46263885498047],[-40.54290390014643,-18.459692001342773],[-40.543697357177734,-18.454101562499886],[-40.54829025268555,-18.455442428588867],[-40.55674362182606,-18.45170783996582],[-40.570804595947266,-18.43648910522461],[-40.57445907592768,-18.435653686523438],[-40.579959869384766,-18.440317153930607],[-40.59353637695307,-18.434749603271484],[-40.59770965576172,-18.424762725830078],[-40.60767364501953,-18.41653823852539],[-40.58302688598627,-18.36737060546875]]]},"properties":{"id_cidade":3202108,"cidade":"Ecoporanga","id_microrregiao":320101,"id_mesorregiao":3201,"id_estado":32,"id_regiao":3},"id":76}]}