{"type":"FeatureCollection","features":[{"type":"Feature","geometry":{"type":"MultiPolygon","coordinates":[[[[-44.152637481689396,-23.214305877685547],[-44.153751373291016,-23.214305877685547],[-44.15569305419916,-23.215694427490178],[-44.15569305419916,-23.217081069946232],[-44.155139923095646,-23.217361450195312],[-44.15402603149414,-23.219028472900334],[-44.15402603149414,-23.22041511535639],[-44.15597152709955,-23.22208595275879],[-44.158195495605355,-23.22208595275879],[-44.1584739685058,-23.221525192260742],[-44.16041564941406,-23.221525192260742],[-44.16125106811512,-23.2218074798584],[-44.162361145019474,-23.222915649414006],[-44.16291809082031,-23.22458267211914],[-44.16291809082031,-23.22569465637207],[-44.16180419921869,-23.2270832061767],[-44.16069412231445,-23.227638244628906],[-44.15930557250971,-23.227638244628906],[-44.158195495605355,-23.22652816772461],[-44.15763854980469,-23.22541618347168],[-44.15625,-23.22541618347168],[-44.15597152709955,-23.22458267211914],[-44.15458297729492,-23.22458267211914],[-44.15402603149414,-23.225139617919865],[-44.15180587768543,-23.225139617919865],[-44.15013885498047,-23.224306106567326],[-44.148750305175724,-23.223194122314453],[-44.148750305175724,-23.22208595275879],[-44.15069580078125,-23.22097206115717],[-44.15069580078125,-23.219028472900334],[-44.14986038208008,-23.21875],[-44.149028778076115,-23.217638015747013],[-44.149028778076115,-23.216806411743164],[-44.151527404785156,-23.215694427490178],[-44.15180587768543,-23.214862823486328],[-44.152637481689396,-23.214305877685547]]],[[[-44.17986297607422,-23.182636260986328],[-44.18125152587885,-23.182918548583984],[-44.183471679687386,-23.182918548583984],[-44.184028625488224,-23.183471679687386],[-44.183471679687386,-23.18430519104004],[-44.18125152587885,-23.18430519104004],[-44.17930603027344,-23.18458366394043],[-44.17930603027344,-23.183195114135685],[-44.17986297607422,-23.182636260986328]]],[[[-44.35652923583979,-23.21236038208002],[-44.35958480834955,-23.21236038208002],[-44.3609733581543,-23.214027404785156],[-44.360694885253906,-23.21541595458973],[-44.35902786254877,-23.21541595458973],[-44.35736083984375,-23.214862823486328],[-44.356250762939396,-23.213750839233285],[-44.35652923583979,-23.21236038208002]]],[[[-44.10430526733393,-23.138471603393498],[-44.10402679443348,-23.137638092041016],[-44.10597229003906,-23.137638092041016],[-44.106529235839844,-23.138193130493107],[-44.10874938964844,-23.138471603393498],[-44.10958480834961,-23.13930320739746],[-44.110137939453125,-23.14069366455078],[-44.109859466552734,-23.142360687255803],[-44.10847091674805,-23.142637252807617],[-44.108196258544865,-23.14069366455078],[-44.10736083984369,-23.139862060546818],[-44.106529235839844,-23.139862060546818],[-44.10569381713867,-23.139028549194336],[-44.10430526733393,-23.138471603393498]]],[[[-44.118473052978516,-23.09819221496582],[-44.11986160278309,-23.09819221496582],[-44.12125015258789,-23.09958267211914],[-44.12097167968744,-23.10097312927246],[-44.11930465698242,-23.09958267211914],[-44.118194580078125,-23.09930419921875],[-44.118473052978516,-23.09819221496582]]],[[[-44.25097274780268,-23.06958389282221],[-44.25236129760742,-23.070138931274414],[-44.25541687011719,-23.070417404174805],[-44.2551383972168,-23.07180404663086],[-44.253471374511605,-23.072082519531136],[-44.25180435180664,-23.072082519531136],[-44.25125122070307,-23.070972442626953],[-44.25041580200184,-23.070692062377873],[-44.25097274780268,-23.06958389282221]]],[[[-44.3470840454101,-23.217081069946232],[-44.34569549560547,-23.218471527099496],[-44.34402847290039,-23.218471527099496],[-44.34263992309559,-23.21819305419922],[-44.34236145019531,-23.217638015747013],[-44.34069442749018,-23.217638015747013],[-44.34041595458979,-23.219028472900334],[-44.34152603149414,-23.21986198425293],[-44.34291839599604,-23.220138549804688],[-44.34430694580078,-23.22208595275879],[-44.34430694580078,-23.222915649414006],[-44.3470840454101,-23.224861145019418],[-44.34819412231445,-23.22597312927246],[-44.34763717651367,-23.22680473327631],[-44.345973968505746,-23.22680473327631],[-44.34513854980469,-23.22569465637207],[-44.34375,-23.22569465637207],[-44.34319305419916,-23.225139617919865],[-44.34069442749018,-23.224861145019418],[-44.33986282348627,-23.224029541015625],[-44.33708190917963,-23.224029541015625],[-44.336528778076115,-23.22458267211914],[-44.3345832824707,-23.22458267211914],[-44.3331947326659,-23.22374725341797],[-44.332916259765625,-23.222637176513615],[-44.332916259765625,-23.21930313110346],[-44.33347320556635,-23.219028472900334],[-44.33375167846674,-23.217916488647404],[-44.33375167846674,-23.215139389038086],[-44.3331947326659,-23.214027404785156],[-44.33152770996094,-23.21208381652832],[-44.33152770996094,-23.21069526672352],[-44.330417633056584,-23.209861755371037],[-44.32875061035156,-23.207914352416935],[-44.32875061035156,-23.207082748413086],[-44.32736206054682,-23.206804275512695],[-44.32624816894531,-23.2056941986084],[-44.325416564941406,-23.2056941986084],[-44.32430648803705,-23.20458221435547],[-44.323471069335824,-23.20458221435547],[-44.32236099243164,-23.203193664550724],[-44.32236099243164,-23.201805114746094],[-44.32152938842768,-23.20097160339344],[-44.32152938842768,-23.199861526489258],[-44.319583892822266,-23.198749542236328],[-44.31847381591791,-23.196807861328068],[-44.31847381591791,-23.195693969726562],[-44.31763839721674,-23.194026947021428],[-44.31680679321289,-23.193471908569336],[-44.3165283203125,-23.192361831664982],[-44.315139770507756,-23.19069480895996],[-44.3170814514159,-23.19041633605957],[-44.31763839721674,-23.189861297607308],[-44.31763839721674,-23.18597221374506],[-44.31624984741211,-23.18430519104004],[-44.315139770507756,-23.183750152587834],[-44.313194274902344,-23.183750152587834],[-44.3118057250976,-23.182361602783203],[-44.31124877929682,-23.182361602783203],[-44.31124877929682,-23.17986106872553],[-44.30986022949219,-23.17986106872553],[-44.308750152587834,-23.179304122924748],[-44.305973052978516,-23.179027557373047],[-44.30486297607416,-23.1784725189209],[-44.30125045776356,-23.177917480468693],[-44.29875183105463,-23.177917480468693],[-44.29652786254883,-23.177360534667912],[-44.29208374023432,-23.177360534667912],[-44.29208374023432,-23.177082061767464],[-44.28763961791992,-23.177082061767464],[-44.28763961791992,-23.1784725189209],[-44.28680419921875,-23.17958259582514],[-44.284305572509766,-23.179304122924748],[-44.283748626708984,-23.178192138671818],[-44.28263854980463,-23.177639007568303],[-44.28069305419922,-23.177917480468693],[-44.27513885498047,-23.179027557373047],[-44.273750305175724,-23.179027557373047],[-44.2720832824707,-23.17958259582514],[-44.27152633666992,-23.180139541625977],[-44.26985931396479,-23.1804141998291],[-44.27041625976557,-23.181804656982422],[-44.27041625976557,-23.184028625488224],[-44.26902770996094,-23.185140609741097],[-44.26625061035145,-23.186527252197266],[-44.26625061035145,-23.190971374511662],[-44.26708221435541,-23.192361831664982],[-44.27041625976557,-23.195693969726562],[-44.27013778686518,-23.196807861328068],[-44.26874923706055,-23.196807861328068],[-44.26763916015625,-23.195415496826172],[-44.26569366455078,-23.193471908569336],[-44.26430511474604,-23.192638397216797],[-44.262359619140625,-23.192638397216797],[-44.26069259643549,-23.1915283203125],[-44.25958251953125,-23.1915283203125],[-44.258750915527344,-23.19041633605957],[-44.25819396972656,-23.19041633605957],[-44.25680541992176,-23.189027786254826],[-44.25569534301758,-23.189027786254826],[-44.2551383972168,-23.18958282470703],[-44.25374984741205,-23.18958282470703],[-44.25319290161133,-23.19041633605957],[-44.25236129760742,-23.19069480895996],[-44.25069427490229,-23.194305419921818],[-44.25069427490229,-23.196525573730412],[-44.25208282470703,-23.19763946533203],[-44.25319290161133,-23.198194503784123],[-44.25374984741205,-23.199304580688477],[-44.257637023925724,-23.19930648803711],[-44.25819396972656,-23.20069503784174],[-44.25819396972656,-23.202917098999023],[-44.25680541992176,-23.20458221435547],[-44.254585266113224,-23.20541763305664],[-44.25402832031244,-23.20597267150879],[-44.25208282470703,-23.20597267150879],[-44.25125122070307,-23.20541763305664],[-44.249027252197266,-23.20513916015625],[-44.24791717529291,-23.20458221435547],[-44.24736022949213,-23.203750610351506],[-44.24736022949213,-23.202638626098633],[-44.24625015258789,-23.20125007629389],[-44.245418548583984,-23.20069503784174],[-44.242916107177734,-23.20069503784174],[-44.242637634277344,-23.20125007629389],[-44.24097061157221,-23.20097160339344],[-44.238750457763615,-23.20097160339344],[-44.2368049621582,-23.20069503784174],[-44.23625183105469,-23.20013809204096],[-44.23374938964844,-23.20013809204096],[-44.23152923583979,-23.20041656494135],[-44.23097229003906,-23.20013809204096],[-44.23041534423828,-23.198749542236328],[-44.22847366333002,-23.196807861328068],[-44.227638244628906,-23.19625091552723],[-44.22569274902338,-23.19625091552723],[-44.22458267211914,-23.197360992431584],[-44.222915649414006,-23.197360992431584],[-44.221248626708984,-23.195972442626953],[-44.219306945800724,-23.195138931274357],[-44.21486282348633,-23.195138931274357],[-44.214027404785156,-23.1945858001709],[-44.21097183227539,-23.1945858001709],[-44.21014022827143,-23.194305419921818],[-44.209304809570256,-23.193193435668945],[-44.207637786865234,-23.192916870117188],[-44.20652770996088,-23.193471908569336],[-44.20458221435547,-23.195415496826172],[-44.203193664550724,-23.19625091552723],[-44.20041656494135,-23.19625091552723],[-44.19930648803711,-23.196807861328068],[-44.19791793823242,-23.196807861328068],[-44.197360992431584,-23.197917938232422],[-44.197360992431584,-23.199029922485295],[-44.19791793823242,-23.20013809204096],[-44.197360992431584,-23.20069503784174],[-44.19708251953119,-23.203193664550724],[-44.19652938842768,-23.203750610351506],[-44.19513702392578,-23.203750610351506],[-44.1926383972168,-23.202083587646484],[-44.193195343017464,-23.19930648803711],[-44.19180679321289,-23.198472976684513],[-44.19069290161127,-23.198194503784123],[-44.187915802001896,-23.198194503784123],[-44.186527252197266,-23.197360992431584],[-44.18458175659174,-23.197082519531193],[-44.183471679687386,-23.195972442626953],[-44.183471679687386,-23.195415496826172],[-44.18208312988281,-23.194305419921818],[-44.18208312988281,-23.1915283203125],[-44.182640075683594,-23.190971374511662],[-44.18458175659174,-23.19069480895996],[-44.18680572509754,-23.19069480895996],[-44.18958282470703,-23.18958282470703],[-44.190139770507756,-23.189027786254826],[-44.18986129760731,-23.187360763549805],[-44.18986129760731,-23.184858322143555],[-44.188751220703125,-23.183750152587834],[-44.188751220703125,-23.182918548583984],[-44.187915802001896,-23.182361602783203],[-44.18736267089838,-23.180694580078068],[-44.186248779296875,-23.17986106872553],[-44.18486022949219,-23.180139541625977],[-44.18041610717762,-23.180139541625977],[-44.1776390075683,-23.1804141998291],[-44.17625045776367,-23.18097305297846],[-44.17569351196289,-23.181804656982422],[-44.17208480834955,-23.181804656982422],[-44.17152786254877,-23.182636260986328],[-44.17180633544916,-23.18430519104004],[-44.17124938964838,-23.184858322143555],[-44.17013931274414,-23.184858322143555],[-44.16986083984375,-23.18430519104004],[-44.168750762939396,-23.18430519104004],[-44.16764068603504,-23.183195114135685],[-44.16764068603504,-23.182361602783203],[-44.168750762939396,-23.181804656982422],[-44.168750762939396,-23.180694580078068],[-44.167362213134766,-23.179027557373047],[-44.16541671752924,-23.178749084472656],[-44.16458511352528,-23.178192138671818],[-44.164306640625,-23.175973892211857],[-44.16347122192383,-23.175138473510742],[-44.16125106811512,-23.175138473510742],[-44.15930557250971,-23.173751831054688],[-44.158195495605355,-23.172361373901254],[-44.157081604003906,-23.172361373901254],[-44.15625,-23.17152976989746],[-44.1548614501952,-23.171247482299805],[-44.151527404785156,-23.171247482299805],[-44.15013885498047,-23.17069435119629],[-44.149307250976506,-23.16986083984375],[-44.14847183227528,-23.16986083984375],[-44.14791488647461,-23.169025421142578],[-44.1470832824707,-23.168750762939396],[-44.14374923706055,-23.168750762939396],[-44.1423606872558,-23.168193817138615],[-44.14014053344721,-23.168193817138615],[-44.13902664184559,-23.167915344238224],[-44.13874816894531,-23.167360305786133],[-44.13624954223627,-23.167360305786133],[-44.13513946533203,-23.167638778686523],[-44.13486099243164,-23.168193817138615],[-44.13069534301752,-23.169584274291935],[-44.13041687011713,-23.17013931274414],[-44.12763977050781,-23.17152976989746],[-44.127082824706974,-23.1726398468017],[-44.125972747802734,-23.173194885253906],[-44.12541580200195,-23.174304962158146],[-44.1243057250976,-23.175138473510742],[-44.12402725219721,-23.176250457763672],[-44.123195648193246,-23.177082061767464],[-44.123195648193246,-23.178749084472656],[-44.12458419799805,-23.1804141998291],[-44.125694274902344,-23.18097305297846],[-44.12652969360346,-23.182083129882812],[-44.12985992431635,-23.183471679687386],[-44.13041687011713,-23.185140609741097],[-44.131805419921875,-23.18625068664545],[-44.131805419921875,-23.18708419799799],[-44.13097381591797,-23.187915802001896],[-44.12958145141596,-23.187915802001896],[-44.12874984741211,-23.18708419799799],[-44.1279182434082,-23.18708419799799],[-44.12652587890619,-23.18625068664545],[-44.12513732910156,-23.18625068664545],[-44.1243057250976,-23.185140609741097],[-44.12291717529297,-23.185140609741097],[-44.1220817565918,-23.18597221374506],[-44.11930465698242,-23.18597221374506],[-44.116806030273324,-23.18625068664545],[-44.11569595336914,-23.18569374084467],[-44.113750457763615,-23.184028625488224],[-44.113750457763615,-23.183471679687386],[-44.112640380859375,-23.182636260986328],[-44.112640380859375,-23.182083129882812],[-44.11097335815424,-23.181249618530273],[-44.10874938964844,-23.178749084472656],[-44.107082366943246,-23.178749084472656],[-44.10597229003906,-23.177917480468693],[-44.10486221313471,-23.177639007568303],[-44.10152816772455,-23.177639007568303],[-44.10013961791992,-23.176805496215763],[-44.09930419921875,-23.17569541931141],[-44.09486007690424,-23.17569351196289],[-44.09347152709961,-23.174028396606445],[-44.090972900390625,-23.174304962158146],[-44.090694427490234,-23.173471450805607],[-44.091804504394474,-23.1726398468017],[-44.09375,-23.1726398468017],[-44.09430694580078,-23.171247482299805],[-44.0926399230957,-23.16986083984375],[-44.091804504394474,-23.16986083984375],[-44.091526031494084,-23.168750762939396],[-44.090694427490234,-23.168193817138615],[-44.090415954589844,-23.167360305786133],[-44.090694427490234,-23.165693283081055],[-44.092918395996094,-23.165693283081055],[-44.09486007690424,-23.16541671752924],[-44.09597396850586,-23.16486167907715],[-44.096805572509766,-23.163471221923828],[-44.09847259521479,-23.163471221923828],[-44.099029541015625,-23.16402816772461],[-44.100692749023324,-23.164304733276367],[-44.106529235839844,-23.164304733276367],[-44.10736083984369,-23.16374969482422],[-44.10736083984369,-23.161806106567383],[-44.10847091674805,-23.161527633666992],[-44.10874938964844,-23.160694122314453],[-44.11069488525385,-23.16041755676264],[-44.11097335815424,-23.159860610961857],[-44.112361907958984,-23.15930557250971],[-44.113750457763615,-23.158193588256836],[-44.114028930664006,-23.155696868896428],[-44.11569595336914,-23.15513610839838],[-44.116806030273324,-23.15430450439453],[-44.116806030273324,-23.153194427490234],[-44.11513900756836,-23.152082443237305],[-44.114028930664006,-23.15041732788086],[-44.114028930664006,-23.148471832275277],[-44.11486053466797,-23.147638320922795],[-44.115970611572266,-23.147638320922795],[-44.116806030273324,-23.148195266723576],[-44.11791610717768,-23.14958381652832],[-44.118473052978516,-23.15097236633295],[-44.12069320678705,-23.152360916137695],[-44.12097167968744,-23.15291404724121],[-44.12347412109369,-23.15291404724121],[-44.12458419799805,-23.15430450439453],[-44.125694274902344,-23.15430450439453],[-44.125972747802734,-23.1548614501952],[-44.127082824706974,-23.1548614501952],[-44.12819290161133,-23.154027938842717],[-44.13097381591797,-23.155418395996037],[-44.13097381591797,-23.155971527099553],[-44.132362365722656,-23.157361984252873],[-44.13541793823242,-23.157361984252873],[-44.13624954223627,-23.15791893005371],[-44.137359619140625,-23.15930557250971],[-44.13847351074219,-23.15930557250971],[-44.13958358764643,-23.15791893005371],[-44.14097213745117,-23.157083511352482],[-44.14097213745117,-23.155971527099553],[-44.14014053344721,-23.15513610839838],[-44.13902664184559,-23.1548614501952],[-44.13847351074219,-23.154027938842717],[-44.137638092041016,-23.15097236633295],[-44.13597106933588,-23.14930534362793],[-44.13541793823242,-23.148195266723576],[-44.13458251953125,-23.147916793823185],[-44.134029388427734,-23.146804809570312],[-44.133193969726506,-23.145971298217773],[-44.132915496826115,-23.14486122131342],[-44.13430404663086,-23.14458274841303],[-44.13513946533203,-23.14486122131342],[-44.13652801513666,-23.14625167846674],[-44.13847351074219,-23.14625167846674],[-44.13958358764643,-23.145139694213867],[-44.14014053344721,-23.1437473297118],[-44.14014053344721,-23.1420841217041],[-44.13958358764643,-23.141525268554688],[-44.13958358764643,-23.139862060546818],[-44.13874816894531,-23.138193130493107],[-44.13708496093744,-23.137638092041016],[-44.13652801513666,-23.136528015136662],[-44.13569259643543,-23.13624954223627],[-44.134029388427734,-23.132917404174805],[-44.131805419921875,-23.130971908569222],[-44.13069534301752,-23.12930679321289],[-44.13041687011713,-23.128196716308594],[-44.12874984741211,-23.126527786254883],[-44.12763977050781,-23.125694274902344],[-44.12458419799805,-23.125694274902344],[-44.12402725219721,-23.124860763549748],[-44.12402725219721,-23.123472213745117],[-44.125972747802734,-23.122360229492188],[-44.125694274902344,-23.12041664123535],[-44.126804351806584,-23.119583129882812],[-44.12847137451172,-23.119583129882812],[-44.12930679321289,-23.12013816833496],[-44.13097381591797,-23.12013816833496],[-44.131526947021484,-23.120695114135742],[-44.13263702392567,-23.120695114135742],[-44.13430404663086,-23.12152862548828],[-44.14097213745117,-23.12152862548828],[-44.14263916015619,-23.122638702392578],[-44.14374923706055,-23.122638702392578],[-44.14569473266596,-23.12402725219721],[-44.147361755371094,-23.1243057250976],[-44.14791488647461,-23.124860763549748],[-44.14791488647461,-23.126527786254883],[-44.147361755371094,-23.126804351806584],[-44.147361755371094,-23.12902641296381],[-44.148750305175724,-23.12958335876465],[-44.151248931884766,-23.13125038146967],[-44.15180587768543,-23.132640838622933],[-44.15180587768543,-23.13430595397938],[-44.153194427490234,-23.134862899780217],[-44.15430450439453,-23.13430595397938],[-44.155139923095646,-23.133193969726506],[-44.15625,-23.133472442626896],[-44.15763854980469,-23.13430595397938],[-44.15791702270508,-23.135416030883732],[-44.15625,-23.137361526489144],[-44.15625,-23.139028549194336],[-44.15763854980469,-23.140138626098633],[-44.15902709960932,-23.140138626098633],[-44.16013717651367,-23.14069366455078],[-44.16180419921869,-23.14069366455078],[-44.162361145019474,-23.141525268554688],[-44.16513824462885,-23.141525268554688],[-44.16569519042963,-23.140972137451172],[-44.16569519042963,-23.139028549194336],[-44.166805267333984,-23.138193130493107],[-44.166805267333984,-23.136806488037053],[-44.16597366333008,-23.13624954223627],[-44.1662483215332,-23.135416030883732],[-44.167362213134766,-23.135416030883732],[-44.16764068603504,-23.136528015136662],[-44.169029235839844,-23.137081146240234],[-44.169029235839844,-23.132640838622933],[-44.16930389404297,-23.132083892822266],[-44.17208480834955,-23.12930679321289],[-44.17208480834955,-23.125694274902344],[-44.17097091674799,-23.1243057250976],[-44.17041778564453,-23.1243057250976],[-44.16930389404297,-23.122360229492188],[-44.168750762939396,-23.120971679687443],[-44.168750762939396,-23.119583129882812],[-44.16958236694336,-23.118194580078125],[-44.17069625854492,-23.117916107177678],[-44.172359466552734,-23.117082595825195],[-44.177082061767464,-23.117082595825195],[-44.17791748046869,-23.117639541625977],[-44.18041610717762,-23.118194580078125],[-44.18180465698242,-23.118194580078125],[-44.1823616027832,-23.118749618530217],[-44.18486022949219,-23.118749618530217],[-44.18569564819336,-23.120695114135742],[-44.188194274902344,-23.120695114135742],[-44.188751220703125,-23.12125015258789],[-44.192081451416016,-23.12125015258789],[-44.19347381591791,-23.12013816833496],[-44.19374847412104,-23.119028091430607],[-44.194862365722656,-23.119304656982422],[-44.19513702392578,-23.11986160278309],[-44.1968040466308,-23.12125015258789],[-44.19930648803711,-23.120971679687443],[-44.20069503784174,-23.119583129882812],[-44.201805114746094,-23.119028091430607],[-44.202083587646484,-23.117916107177678],[-44.203193664550724,-23.117082595825195],[-44.203193664550724,-23.11569595336914],[-44.20430374145508,-23.113471984863168],[-44.20541763305664,-23.112638473510685],[-44.20569610595703,-23.111249923706055],[-44.20569610595703,-23.108749389648438],[-44.20708465576166,-23.107639312744084],[-44.208473205566406,-23.107639312744084],[-44.20902633666981,-23.10847282409668],[-44.209304809570256,-23.110416412353402],[-44.210693359375,-23.111249923706055],[-44.21263885498041,-23.111249923706055],[-44.213470458984375,-23.110971450805664],[-44.214027404785156,-23.110137939453125],[-44.21625137329096,-23.10958290100092],[-44.21680450439453,-23.10847282409668],[-44.2176399230957,-23.1079158782959],[-44.2176399230957,-23.105972290039062],[-44.21569442749018,-23.104860305786133],[-44.213748931884766,-23.104860305786133],[-44.21236038208002,-23.104583740234318],[-44.21180725097656,-23.104028701782227],[-44.21041488647461,-23.104305267333928],[-44.208194732666016,-23.104305267333928],[-44.207637786865234,-23.103750228881836],[-44.20652770996088,-23.103750228881836],[-44.2059707641601,-23.104305267333928],[-44.20486068725586,-23.104305267333928],[-44.20402908325195,-23.104860305786133],[-44.202083587646484,-23.104860305786133],[-44.20097351074219,-23.105417251586914],[-44.20069503784174,-23.106805801391545],[-44.201805114746094,-23.107360839843693],[-44.2015266418457,-23.108749389648438],[-44.19930648803711,-23.108749389648438],[-44.19819259643555,-23.107639312744084],[-44.19652938842768,-23.107639312744084],[-44.194862365722656,-23.106250762939453],[-44.194862365722656,-23.105693817138672],[-44.19347381591791,-23.104583740234318],[-44.192359924316406,-23.104583740234318],[-44.190139770507756,-23.104028701782227],[-44.18930435180664,-23.101804733276367],[-44.190418243408146,-23.101249694824162],[-44.1915283203125,-23.101526260375977],[-44.19291687011719,-23.102918624877873],[-44.19430541992182,-23.102918624877873],[-44.19513702392578,-23.102083206176758],[-44.19513702392578,-23.10097312927246],[-44.19402694702143,-23.099027633666992],[-44.194583892822266,-23.09819221496582],[-44.197360992431584,-23.09819221496582],[-44.19874954223633,-23.097917556762695],[-44.19930648803711,-23.097360610961914],[-44.2015266418457,-23.097360610961914],[-44.202083587646484,-23.096805572509766],[-44.203193664550724,-23.096805572509766],[-44.20430374145508,-23.097639083862305],[-44.207637786865234,-23.097639083862305],[-44.2087516784668,-23.098472595214787],[-44.21014022827143,-23.098472595214787],[-44.21041488647461,-23.097360610961914],[-44.209583282470646,-23.096527099609375],[-44.209583282470646,-23.093194961547795],[-44.209304809570256,-23.092361450195256],[-44.21097183227539,-23.091806411743164],[-44.21125030517578,-23.091249465942383],[-44.2129173278808,-23.091806411743164],[-44.214027404785156,-23.091806411743164],[-44.21430587768555,-23.090694427490234],[-44.21513748168945,-23.08958244323719],[-44.21736145019531,-23.089025497436523],[-44.219028472900334,-23.089025497436523],[-44.219306945800724,-23.08958244323719],[-44.22180557250965,-23.08958244323719],[-44.222915649414006,-23.0887508392334],[-44.224029541015625,-23.089025497436523],[-44.22652816772461,-23.089025497436523],[-44.22847366333002,-23.08986091613764],[-44.23097229003906,-23.08986091613764],[-44.23347091674805,-23.09013938903803],[-44.23430633544922,-23.08986091613764],[-44.23485946655268,-23.088193893432617],[-44.23319625854492,-23.087085723876953],[-44.23319625854492,-23.085693359374943],[-44.234584808349496,-23.08486175537098],[-44.234584808349496,-23.083749771118107],[-44.23291778564453,-23.082916259765568],[-44.23291778564453,-23.08069419860834],[-44.23041534423828,-23.07902717590332],[-44.229583740234375,-23.077917098998967],[-44.227359771728516,-23.07819366455078],[-44.227359771728516,-23.077362060546875],[-44.22902679443354,-23.07735824584961],[-44.230140686035156,-23.075971603393555],[-44.23041534423828,-23.0748615264892],[-44.23152923583979,-23.0748615264892],[-44.23347091674805,-23.075971603393555],[-44.23374938964844,-23.076528549194336],[-44.2368049621582,-23.076528549194336],[-44.237083435058594,-23.07819366455078],[-44.23764038085926,-23.078472137451058],[-44.23764038085926,-23.0795841217041],[-44.238750457763615,-23.08041572570795],[-44.24069595336914,-23.08069419860834],[-44.24041748046875,-23.082082748413086],[-44.23625183105469,-23.082639694213867],[-44.23569488525385,-23.083749771118107],[-44.237361907958984,-23.08486175537098],[-44.238750457763615,-23.08625030517578],[-44.23764038085926,-23.08763885498047],[-44.23764038085926,-23.088472366333008],[-44.238750457763615,-23.08958244323719],[-44.23791503906244,-23.090694427490234],[-44.23791503906244,-23.092082977294865],[-44.23902893066406,-23.092916488647347],[-44.23986053466797,-23.092916488647347],[-44.24069595336914,-23.093751907348576],[-44.242916107177734,-23.09458351135254],[-44.243751525878906,-23.09541702270502],[-44.24569320678711,-23.09541702270502],[-44.24680709838867,-23.09513854980463],[-44.24847412109369,-23.095693588256836],[-44.24986267089844,-23.096805572509766],[-44.25180435180664,-23.096805572509766],[-44.254585266113224,-23.09819221496582],[-44.25569534301758,-23.098472595214787],[-44.25930404663086,-23.098472595214787],[-44.25930404663086,-23.100139617919922],[-44.258750915527344,-23.100696563720703],[-44.256248474121094,-23.100414276123047],[-44.25541687011719,-23.10097312927246],[-44.25374984741205,-23.10097312927246],[-44.25236129760742,-23.100139617919922],[-44.25125122070307,-23.100139617919922],[-44.24847412109369,-23.102918624877873],[-44.24847412109369,-23.103750228881836],[-44.249305725097656,-23.104860305786133],[-44.24958419799805,-23.107084274291992],[-44.24958419799805,-23.10986137390131],[-44.25041580200184,-23.110416412353402],[-44.25208282470703,-23.110416412353402],[-44.25263977050781,-23.110971450805664],[-44.254306793212834,-23.110971450805664],[-44.25569534301758,-23.111528396606445],[-44.257915496826115,-23.111528396606445],[-44.25819396972656,-23.112638473510685],[-44.257637023925724,-23.11319351196289],[-44.257637023925724,-23.115137100219613],[-44.25847244262695,-23.11569595336914],[-44.25986099243153,-23.11569595336914],[-44.260139465331974,-23.11486053466797],[-44.26097106933588,-23.114307403564396],[-44.26347351074213,-23.114307403564396],[-44.26597213745117,-23.114585876464787],[-44.26708221435541,-23.115137100219613],[-44.26874923706055,-23.115137100219613],[-44.27152633666992,-23.11652946472168],[-44.27513885498047,-23.11652946472168],[-44.27569580078125,-23.117916107177678],[-44.27430725097656,-23.118749618530217],[-44.27319335937494,-23.120971679687443],[-44.27291488647455,-23.122638702392578],[-44.27569580078125,-23.125415802001953],[-44.27569580078125,-23.125694274902344],[-44.279861450195256,-23.125694274902344],[-44.280418395996094,-23.127082824706974],[-44.280418395996094,-23.12874984741211],[-44.28097152709961,-23.12958335876465],[-44.28236007690424,-23.12986183166504],[-44.284027099609375,-23.131805419921875],[-44.2834739685058,-23.132917404174805],[-44.28236007690424,-23.13430595397938],[-44.28236007690424,-23.13569450378418],[-44.28291702270502,-23.13624954223627],[-44.284584045410156,-23.13597106933588],[-44.28708267211914,-23.13597106933588],[-44.28819274902344,-23.137361526489144],[-44.28930664062494,-23.137361526489144],[-44.29097366333008,-23.136528015136662],[-44.2912483215332,-23.135416030883732],[-44.29097366333008,-23.1340274810791],[-44.29097366333008,-23.131805419921875],[-44.29208374023432,-23.13152885437006],[-44.29347229003906,-23.132640838622933],[-44.295417785644474,-23.132640838622933],[-44.29680633544922,-23.131805419921875],[-44.29680633544922,-23.12874984741211],[-44.29652786254883,-23.127361297607365],[-44.29597091674799,-23.126527786254883],[-44.29597091674799,-23.125415802001953],[-44.295417785644474,-23.1243057250976],[-44.29458236694336,-23.12402725219721],[-44.29375076293945,-23.122360229492188],[-44.29375076293945,-23.12041664123535],[-44.29430389404297,-23.119028091430607],[-44.29430389404297,-23.11652946472168],[-44.294029235839844,-23.11541557312006],[-44.294860839843636,-23.114307403564396],[-44.295696258544865,-23.114307403564396],[-44.29708480834961,-23.11569595336914],[-44.29708480834961,-23.11652946472168],[-44.299304962158146,-23.118473052978516],[-44.3004150390625,-23.118473052978516],[-44.30069351196289,-23.119028091430607],[-44.30263900756836,-23.12013816833496],[-44.304584503173714,-23.12013816833496],[-44.30680465698242,-23.12152862548828],[-44.30708312988281,-23.12291717529297],[-44.31041717529297,-23.125694274902344],[-44.310974121093636,-23.127361297607365],[-44.31208419799799,-23.12847137451172],[-44.31236267089844,-23.13069534301752],[-44.313751220703125,-23.132083892822266],[-44.313751220703125,-23.133193969726506],[-44.313194274902344,-23.1340274810791],[-44.3118057250976,-23.13458251953125],[-44.31152725219721,-23.13597106933588],[-44.310974121093636,-23.13624954223627],[-44.310974121093636,-23.137638092041016],[-44.31236267089844,-23.137638092041016],[-44.31263732910156,-23.136806488037053],[-44.314304351806584,-23.13597106933588],[-44.315139770507756,-23.134862899780217],[-44.3170814514159,-23.13513946533203],[-44.31819534301752,-23.13624954223627],[-44.32013702392578,-23.13624954223627],[-44.320693969726506,-23.136806488037053],[-44.320693969726506,-23.137916564941406],[-44.32152938842768,-23.139028549194336],[-44.32291793823242,-23.139028549194336],[-44.32402801513666,-23.137361526489144],[-44.32624816894531,-23.137361526489144],[-44.32764053344721,-23.137916564941406],[-44.32764053344721,-23.139028549194336],[-44.32680511474598,-23.139583587646428],[-44.325416564941406,-23.139862060546818],[-44.324859619140625,-23.141250610351562],[-44.32402801513666,-23.141807556152344],[-44.32180404663086,-23.141807556152344],[-44.32041549682606,-23.1431941986084],[-44.32041549682606,-23.14486122131342],[-44.32152938842768,-23.14625167846674],[-44.32152938842768,-23.147916793823185],[-44.32319259643555,-23.15013885498047],[-44.32402801513666,-23.15097236633295],[-44.32402801513666,-23.152360916137695],[-44.32458496093744,-23.153472900390625],[-44.3256950378418,-23.154582977294922],[-44.33124923706055,-23.154582977294922],[-44.33208465576172,-23.15513610839838],[-44.33347320556635,-23.155418395996037],[-44.335140228271484,-23.155418395996037],[-44.33597183227539,-23.154582977294922],[-44.33736038208002,-23.154582977294922],[-44.33930587768555,-23.154027938842717],[-44.33986282348627,-23.153472900390625],[-44.340972900390625,-23.153472900390625],[-44.34180450439453,-23.154582977294922],[-44.34236145019531,-23.154582977294922],[-44.34402847290039,-23.155696868896428],[-44.34652709960932,-23.15791893005371],[-44.34680557250971,-23.15930557250971],[-44.34763717651367,-23.15930557250971],[-44.348751068115234,-23.160972595214844],[-44.349861145019474,-23.160972595214844],[-44.35041809082031,-23.159584045410156],[-44.3537483215332,-23.159584045410156],[-44.354862213134766,-23.15930557250971],[-44.355972290039006,-23.159860610961857],[-44.35708236694336,-23.1612491607666],[-44.35708236694336,-23.162361145019474],[-44.35763931274414,-23.163194656372013],[-44.35930633544916,-23.164583206176758],[-44.36125183105469,-23.16541671752924],[-44.36291503906244,-23.165693283081055],[-44.36597061157221,-23.165693283081055],[-44.36680603027344,-23.164583206176758],[-44.367916107177734,-23.164583206176758],[-44.36875152587885,-23.16541671752924],[-44.36958312988281,-23.166803359985295],[-44.37125015258778,-23.166803359985295],[-44.37236022949213,-23.167638778686523],[-44.374027252197266,-23.169307708740234],[-44.37458419799793,-23.169307708740234],[-44.375972747802734,-23.17069435119629],[-44.3776397705077,-23.171806335449162],[-44.3776397705077,-23.173194885253906],[-44.37847137451166,-23.173751831054688],[-44.37847137451166,-23.176527023315373],[-44.37819290161127,-23.177360534667912],[-44.37736129760742,-23.177917480468693],[-44.37736129760742,-23.17958259582514],[-44.37486267089838,-23.179304122924748],[-44.37486267089838,-23.181804656982422],[-44.373748779296875,-23.183471679687386],[-44.37125015258778,-23.184028625488224],[-44.370418548583984,-23.183195114135685],[-44.37069320678711,-23.181804656982422],[-44.36847305297846,-23.181804656982422],[-44.367637634277344,-23.182083129882812],[-44.36680603027344,-23.1804141998291],[-44.36458206176758,-23.180139541625977],[-44.36402893066406,-23.17958259582514],[-44.36264038085932,-23.17958259582514],[-44.36264038085932,-23.181526184081974],[-44.36291503906244,-23.182361602783203],[-44.36208343505854,-23.183471679687386],[-44.35958480834955,-23.183750152587834],[-44.35930633544916,-23.185140609741097],[-44.35819625854492,-23.188194274902344],[-44.35819625854492,-23.19124984741211],[-44.35763931274414,-23.1918048858642],[-44.355693817138615,-23.1918048858642],[-44.354583740234375,-23.19069480895996],[-44.3537483215332,-23.189306259155217],[-44.3537483215332,-23.188472747802734],[-44.35291671752924,-23.187639236450195],[-44.35291671752924,-23.186805725097543],[-44.351806640625,-23.18597221374506],[-44.350139617919865,-23.18625068664545],[-44.34819412231445,-23.18625068664545],[-44.34736251831055,-23.18541717529297],[-44.3470840454101,-23.184028625488224],[-44.345973968505746,-23.183195114135685],[-44.345973968505746,-23.181526184081974],[-44.34541702270508,-23.18097305297846],[-44.34291839599604,-23.18097305297846],[-44.34180450439453,-23.181249618530273],[-44.34069442749018,-23.182083129882812],[-44.34069442749018,-23.183471679687386],[-44.34236145019531,-23.186527252197266],[-44.34180450439453,-23.18708419799799],[-44.33986282348627,-23.187915802001896],[-44.33986282348627,-23.19124984741211],[-44.34152603149414,-23.193193435668945],[-44.34236145019531,-23.193750381469727],[-44.34236145019531,-23.195693969726562],[-44.34319305419916,-23.197360992431584],[-44.34430694580078,-23.198472976684513],[-44.3448600769043,-23.198472976684513],[-44.34652709960932,-23.20041656494135],[-44.34736251831055,-23.201805114746094],[-44.34736251831055,-23.202638626098633],[-44.34819412231445,-23.202917098999023],[-44.348751068115234,-23.203750610351506],[-44.348751068115234,-23.20486068725586],[-44.349861145019474,-23.20597267150879],[-44.349861145019474,-23.206804275512695],[-44.35069274902344,-23.20763969421381],[-44.35124969482422,-23.209304809570256],[-44.35124969482422,-23.212917327880803],[-44.35152816772461,-23.214582443237248],[-44.350139617919865,-23.21541595458973],[-44.35097122192383,-23.216527938842773],[-44.35069274902344,-23.217361450195312],[-44.34930419921869,-23.217361450195312],[-44.348751068115234,-23.216806411743164],[-44.3470840454101,-23.217081069946232]]],[[[-44.31069564819336,-23.08486175537098],[-44.3118057250976,-23.08486175537098],[-44.31291580200195,-23.085416793823242],[-44.313472747802734,-23.086526870727425],[-44.31208419799799,-23.087360382080078],[-44.31124877929682,-23.08625030517578],[-44.31041717529297,-23.085971832275334],[-44.31069564819336,-23.08486175537098]]],[[[-44.32930374145508,-23.083194732666016],[-44.33124923706055,-23.083194732666016],[-44.332359313964844,-23.084304809570312],[-44.332637786865234,-23.086526870727425],[-44.33152770996094,-23.087360382080078],[-44.32958221435547,-23.087360382080078],[-44.32930374145508,-23.087085723876953],[-44.32930374145508,-23.083194732666016]]],[[[-44.24236297607422,-23.083749771118107],[-44.243751525878906,-23.083749771118107],[-44.243751525878906,-23.084583282470703],[-44.24097061157221,-23.08513832092285],[-44.24097061157221,-23.086805343627873],[-44.24013900756836,-23.086526870727425],[-44.24069595336914,-23.084028244018498],[-44.24236297607422,-23.083749771118107]]],[[[-44.39236068725586,-23.067916870117188],[-44.39347076416004,-23.067916870117188],[-44.39374923706049,-23.06847190856928],[-44.395137786865234,-23.06847190856928],[-44.3962516784668,-23.070138931274414],[-44.3962516784668,-23.07180404663086],[-44.39430618286127,-23.072639465331974],[-44.39347076416004,-23.07180404663086],[-44.39347076416004,-23.070417404174805],[-44.39208221435547,-23.069305419921818],[-44.39236068725586,-23.067916870117188]]],[[[-44.410694122314396,-23.061807632446232],[-44.41208267211914,-23.062917709350586],[-44.41180419921875,-23.064029693603516],[-44.40986251831049,-23.064029693603516],[-44.40958404541004,-23.062639236450195],[-44.410694122314396,-23.061807632446232]]],[[[-44.40263748168945,-22.990139007568303],[-44.40375137329096,-22.990417480468693],[-44.404304504394474,-22.991249084472656],[-44.40375137329096,-22.992639541625977],[-44.401527404785156,-22.992639541625977],[-44.4004173278808,-22.9929141998291],[-44.40013885498041,-22.991527557373047],[-44.401248931884766,-22.990417480468693],[-44.40263748168945,-22.990139007568303]]],[[[-44.33152770996094,-23.025417327880803],[-44.33347320556635,-23.025417327880803],[-44.334304809570256,-23.02625083923334],[-44.334304809570256,-23.027915954589787],[-44.33375167846674,-23.028472900390568],[-44.330696105956974,-23.028749465942383],[-44.32930374145508,-23.027639389038086],[-44.32930374145508,-23.026805877685547],[-44.33124923706055,-23.025972366332894],[-44.33152770996094,-23.025417327880803]]],[[[-44.28708267211914,-23.025417327880803],[-44.28819274902344,-23.02625083923334],[-44.28819274902344,-23.027360916137695],[-44.28763961791992,-23.027915954589787],[-44.28652954101557,-23.027915954589787],[-44.285694122314396,-23.026527404785156],[-44.28708267211914,-23.025417327880803]]],[[[-44.30930709838867,-23.02486038208002],[-44.31041717529297,-23.025417327880803],[-44.31041717529297,-23.027082443237248],[-44.30930709838867,-23.027360916137695],[-44.308750152587834,-23.026527404785156],[-44.308750152587834,-23.025417327880803],[-44.30930709838867,-23.02486038208002]]],[[[-44.414859771728516,-22.985416412353516],[-44.41680526733393,-22.985416412353516],[-44.41680526733393,-22.98819351196289],[-44.41569519042969,-22.98930549621582],[-44.41402816772461,-22.98958206176752],[-44.41374969482416,-22.990972518920785],[-44.41374969482416,-22.993749618530273],[-44.41236114501953,-22.994304656982422],[-44.410694122314396,-22.994304656982422],[-44.40958404541004,-22.995136260986328],[-44.40819549560547,-22.995695114135742],[-44.40819549560547,-22.996528625488224],[-44.406249999999886,-22.997638702392578],[-44.406249999999886,-22.995695114135742],[-44.40597152709961,-22.99402618408203],[-44.40791702270508,-22.994304656982422],[-44.408748626708984,-22.993749618530273],[-44.408748626708984,-22.9929141998291],[-44.40986251831049,-22.992361068725586],[-44.410415649414006,-22.990139007568303],[-44.41236114501953,-22.990139007568303],[-44.41319274902338,-22.989027023315373],[-44.41347122192377,-22.98791694641102],[-44.41347122192377,-22.986251831054574],[-44.414859771728516,-22.985416412353516]]],[[[-44.40236282348633,-22.97652816772461],[-44.40375137329096,-22.976804733276367],[-44.40486145019531,-22.97763824462885],[-44.40486145019531,-22.97819328308094],[-44.406806945800724,-22.97958564758295],[-44.406806945800724,-22.981250762939453],[-44.40736007690424,-22.98236083984375],[-44.40597152709961,-22.98319435119629],[-44.405418395996094,-22.9851398468017],[-44.404304504394474,-22.98486137390131],[-44.40347290039057,-22.98402976989746],[-44.40263748168945,-22.98236083984375],[-44.40097045898432,-22.98236083984375],[-44.40069580078119,-22.984582901000863],[-44.39958190917969,-22.9851398468017],[-44.39875030517578,-22.984582901000863],[-44.39875030517578,-22.981807708740234],[-44.397083282470646,-22.981250762939453],[-44.397083282470646,-22.97958564758295],[-44.398193359375,-22.979303359985295],[-44.39847183227539,-22.97819328308094],[-44.401248931884766,-22.97819328308094],[-44.40236282348633,-22.97652816772461]]],[[[-44.32930374145508,-22.97819328308094],[-44.330417633056584,-22.97847175598139],[-44.330696105956974,-22.97902870178217],[-44.330696105956974,-22.980972290039006],[-44.32902908325195,-22.980972290039006],[-44.32902908325195,-22.97875022888178],[-44.32930374145508,-22.97819328308094]]],[[[-44.35958480834955,-22.984582901000863],[-44.360137939453125,-22.9851398468017],[-44.36152648925781,-22.985416412353516],[-44.36291503906244,-22.986804962158146],[-44.36264038085932,-22.987638473510742],[-44.3609733581543,-22.987083435058537],[-44.35930633544916,-22.985416412353516],[-44.35958480834955,-22.984582901000863]]],[[[-44.35041809082031,-22.980972290039006],[-44.35235977172846,-22.981525421142578],[-44.35319519042963,-22.98263931274414],[-44.35541534423817,-22.98374938964838],[-44.355693817138615,-22.985694885253906],[-44.35791778564453,-22.986251831054574],[-44.35791778564453,-22.987361907958928],[-44.356250762939396,-22.987361907958928],[-44.354583740234375,-22.985416412353516],[-44.35208511352539,-22.9851398468017],[-44.35097122192383,-22.98347282409668],[-44.35097122192383,-22.98263931274414],[-44.350139617919865,-22.981807708740234],[-44.35041809082031,-22.980972290039006]]],[[[-44.34069442749018,-22.975694656372013],[-44.34208297729492,-22.97736167907715],[-44.34152603149414,-22.97847175598139],[-44.34152603149414,-22.97958564758295],[-44.34069442749018,-22.979860305786133],[-44.339584350585824,-22.97875022888178],[-44.339584350585824,-22.97736167907715],[-44.34041595458979,-22.976804733276367],[-44.34069442749018,-22.975694656372013]]],[[[-44.33930587768555,-22.934860229492188],[-44.340137481689396,-22.935138702392578],[-44.34069442749018,-22.936250686645508],[-44.34180450439453,-22.936250686645508],[-44.34263992309559,-22.937082290649357],[-44.34291839599604,-22.93847274780262],[-44.34513854980469,-22.938749313354492],[-44.34513854980469,-22.939582824706974],[-44.34402847290039,-22.939861297607422],[-44.34402847290039,-22.941806793212777],[-44.34347152709955,-22.94208335876465],[-44.34319305419916,-22.943195343017578],[-44.34069442749018,-22.943195343017578],[-44.34041595458979,-22.942636489868164],[-44.33930587768555,-22.942636489868164],[-44.339027404785156,-22.941806793212777],[-44.33736038208002,-22.94097137451172],[-44.33625030517567,-22.938749313354492],[-44.33597183227539,-22.937082290649357],[-44.336807250976506,-22.935972213745117],[-44.338470458984375,-22.935693740844727],[-44.33930587768555,-22.934860229492188]]],[[[-44.35208511352539,-22.95291519165039],[-44.35263824462885,-22.95319366455078],[-44.35263824462885,-22.954307556152344],[-44.35152816772461,-22.954307556152344],[-44.35208511352539,-22.95291519165039]]],[[[-44.3170814514159,-22.966249465942326],[-44.31819534301752,-22.966249465942326],[-44.319583892822266,-22.96680450439453],[-44.319583892822266,-22.96791458129877],[-44.31819534301752,-22.96791458129877],[-44.3170814514159,-22.966249465942326]]],[[[-44.40791702270508,-22.96208381652832],[-44.40847396850586,-22.962360382080078],[-44.408748626708984,-22.96347236633295],[-44.406528472900334,-22.96347236633295],[-44.406249999999886,-22.96263885498047],[-44.40791702270508,-22.96208381652832]]],[[[-44.345973968505746,-22.960971832275334],[-44.34902954101551,-22.960971832275334],[-44.350139617919865,-22.96180534362793],[-44.35124969482422,-22.96180534362793],[-44.35208511352539,-22.96263885498047],[-44.35208511352539,-22.96430587768549],[-44.35124969482422,-22.964860916137695],[-44.349861145019474,-22.964860916137695],[-44.34930419921869,-22.9637508392334],[-44.34652709960932,-22.9637508392334],[-44.34541702270508,-22.96291732788086],[-44.345973968505746,-22.960971832275334]]],[[[-44.34180450439453,-22.960416793823185],[-44.34263992309559,-22.960695266723633],[-44.34347152709955,-22.96180534362793],[-44.34430694580078,-22.96208381652832],[-44.34430694580078,-22.96291732788086],[-44.34263992309559,-22.96291732788086],[-44.34152603149414,-22.96180534362793],[-44.34180450439453,-22.960416793823185]]],[[[-44.34541702270508,-22.975416183471623],[-44.34652709960932,-22.975416183471623],[-44.34819412231445,-22.977083206176758],[-44.348472595214844,-22.97847175598139],[-44.34652709960932,-22.97791671752924],[-44.34541702270508,-22.977083206176758],[-44.34541702270508,-22.975416183471623]]],[[[-44.415973663329964,-22.967082977294808],[-44.41791534423828,-22.967361450195256],[-44.41819381713867,-22.96875],[-44.41902923583973,-22.969583511352482],[-44.42041778564453,-22.969583511352482],[-44.42097091674805,-22.96902847290039],[-44.42347335815424,-22.96902847290039],[-44.425140380859375,-22.97041893005371],[-44.425140380859375,-22.972084045410156],[-44.42402648925781,-22.974306106567383],[-44.42208480834961,-22.974306106567383],[-44.42041778564453,-22.974027633666992],[-44.41986083984369,-22.972639083862248],[-44.41847229003906,-22.972084045410156],[-44.41819381713867,-22.971527099609318],[-44.41652679443354,-22.970972061157227],[-44.414859771728516,-22.970972061157227],[-44.414859771728516,-22.96930694580078],[-44.414306640625,-22.96847152709961],[-44.4154167175293,-22.968196868896428],[-44.415973663329964,-22.967082977294808]]],[[[-44.36847305297846,-22.96680450439453],[-44.370418548583984,-22.967361450195256],[-44.37069320678711,-22.96847152709961],[-44.371528625488224,-22.96875],[-44.37208175659174,-22.969583511352482],[-44.37208175659174,-22.970693588256836],[-44.37069320678711,-22.970693588256836],[-44.367916107177734,-22.96902847290039],[-44.367916107177734,-22.967361450195256],[-44.36847305297846,-22.96680450439453]]],[[[-44.38847351074213,-22.971527099609318],[-44.389862060546875,-22.971527099609318],[-44.390693664550724,-22.972639083862248],[-44.390693664550724,-22.97347259521473],[-44.3890266418457,-22.974027633666992],[-44.38791656494135,-22.973194122314453],[-44.38791656494135,-22.972084045410156],[-44.38847351074213,-22.971527099609318]]],[[[-44.313194274902344,-23.0534725189209],[-44.314304351806584,-23.0534725189209],[-44.315139770507756,-23.05430603027338],[-44.31624984741211,-23.05430603027338],[-44.3165283203125,-23.0537490844726],[-44.31763839721674,-23.0537490844726],[-44.31791687011713,-23.05486106872553],[-44.3170814514159,-23.055971145629883],[-44.314861297607365,-23.055971145629883],[-44.313194274902344,-23.05458259582508],[-44.313194274902344,-23.0534725189209]]],[[[-44.41402816772461,-23.057083129882756],[-44.41652679443354,-23.057083129882756],[-44.41875076293945,-23.057361602783146],[-44.41986083984369,-23.05819320678711],[-44.41986083984369,-23.05986022949213],[-44.41875076293945,-23.06125068664545],[-44.417640686035156,-23.06125068664545],[-44.41680526733393,-23.060693740844727],[-44.41402816772461,-23.060415267944336],[-44.412918090820256,-23.059303283691293],[-44.41319274902338,-23.057916641235238],[-44.41402816772461,-23.057083129882756]]],[[[-44.40263748168945,-23.05430603027338],[-44.40375137329096,-23.05430603027338],[-44.40458297729492,-23.05513954162592],[-44.40458297729492,-23.056528091430664],[-44.404026031494084,-23.05819320678711],[-44.40208435058594,-23.05819320678711],[-44.401527404785156,-23.05763816833496],[-44.401527404785156,-23.055416107177734],[-44.40263748168945,-23.05430603027338]]],[[[-44.332637786865234,-23.052640914916935],[-44.334304809570256,-23.053194046020508],[-44.334861755371094,-23.0537490844726],[-44.33347320556635,-23.055971145629883],[-44.332359313964844,-23.055694580078125],[-44.332359313964844,-23.05291748046875],[-44.332637786865234,-23.052640914916935]]],[[[-44.51625061035156,-23.035137176513615],[-44.51736068725586,-23.035137176513615],[-44.51958465576172,-23.036529541015625],[-44.52097320556629,-23.03791618347168],[-44.520694732666016,-23.03902816772461],[-44.51902770996094,-23.03902816772461],[-44.51708221435547,-23.037361145019474],[-44.515693664550724,-23.036806106567326],[-44.515415191650334,-23.035694122314453],[-44.51625061035156,-23.035137176513615]]],[[[-44.48236083984375,-23.040138244628906],[-44.48402786254883,-23.040138244628906],[-44.485416412353516,-23.04069519042963],[-44.48625183105463,-23.041805267333984],[-44.487640380859375,-23.042360305786076],[-44.489307403564396,-23.043750762939396],[-44.49041748046875,-23.04513931274414],[-44.49208450317383,-23.04541587829584],[-44.49347305297846,-23.045972824096623],[-44.493751525878906,-23.046804428100586],[-44.4948616027832,-23.046804428100586],[-44.495140075683594,-23.046249389648438],[-44.49680709838867,-23.046249389648438],[-44.49763870239258,-23.047637939453068],[-44.49874877929682,-23.048471450805607],[-44.49986267089838,-23.048471450805607],[-44.50041580200195,-23.047914505004883],[-44.502082824706974,-23.04819679260254],[-44.502082824706974,-23.04902839660639],[-44.50041580200195,-23.049583435058594],[-44.50041580200195,-23.050136566162053],[-44.502361297607365,-23.051528930664062],[-44.50374984741211,-23.05291748046875],[-44.50374984741211,-23.05486106872553],[-44.502639770507756,-23.055971145629883],[-44.49986267089838,-23.055971145629883],[-44.49847030639637,-23.05486106872553],[-44.496250152587834,-23.05402755737299],[-44.4948616027832,-23.0537490844726],[-44.49458312988281,-23.053194046020508],[-44.49263763427729,-23.05236053466797],[-44.49180603027344,-23.051528930664062],[-44.49180603027344,-23.050695419311523],[-44.490970611572266,-23.050136566162053],[-44.49041748046875,-23.04902839660639],[-44.48902893066395,-23.047637939453068],[-44.4879150390625,-23.045972824096623],[-44.486526489257756,-23.04486083984375],[-44.48458480834961,-23.044582366943303],[-44.48347091674799,-23.04347229003895],[-44.48347091674799,-23.042917251586857],[-44.48180389404297,-23.041528701782227],[-44.48236083984375,-23.040138244628906]]],[[[-44.39263916015625,-23.03930473327631],[-44.395416259765625,-23.03930473327631],[-44.3962516784668,-23.040138244628906],[-44.3962516784668,-23.042083740234375],[-44.395694732666016,-23.042638778686467],[-44.39458465576166,-23.042638778686467],[-44.39402770996088,-23.041805267333984],[-44.39208221435547,-23.041805267333984],[-44.391250610351506,-23.040971755981445],[-44.391250610351506,-23.040138244628906],[-44.39263916015625,-23.03930473327631]]],[[[-44.340972900390625,-23.037361145019474],[-44.34236145019531,-23.037361145019474],[-44.34402847290039,-23.03874969482422],[-44.34319305419916,-23.040138244628906],[-44.34152603149414,-23.040138244628906],[-44.34041595458979,-23.03902816772461],[-44.340972900390625,-23.037361145019474]]],[[[-44.398193359375,-23.03458595275879],[-44.4004173278808,-23.03458595275879],[-44.40097045898432,-23.035417556762695],[-44.40097045898432,-23.036529541015625],[-44.4004173278808,-23.037082672119027],[-44.398193359375,-23.037082672119027],[-44.39736175537104,-23.03624725341797],[-44.39736175537104,-23.035137176513615],[-44.398193359375,-23.03458595275879]]],[[[-44.41208267211914,-23.03319358825678],[-44.41319274902338,-23.033750534057617],[-44.41319274902338,-23.035137176513615],[-44.41263961791981,-23.035694122314453],[-44.411529541015625,-23.035417556762695],[-44.411529541015625,-23.034025192260742],[-44.41208267211914,-23.03319358825678]]],[[[-44.480693817138615,-23.029861450195312],[-44.48180389404297,-23.029861450195312],[-44.483196258544865,-23.03125],[-44.483196258544865,-23.03208351135254],[-44.48208236694336,-23.032361984252816],[-44.48097229003906,-23.030971527099553],[-44.480693817138615,-23.029861450195312]]],[[[-44.31152725219721,-23.057083129882756],[-44.314025878906136,-23.057083129882756],[-44.314861297607365,-23.05819320678711],[-44.3165283203125,-23.05875015258789],[-44.31763839721674,-23.05875015258789],[-44.319026947021484,-23.05986022949213],[-44.319583892822266,-23.060693740844727],[-44.319583892822266,-23.061807632446232],[-44.319026947021484,-23.062360763549805],[-44.31763839721674,-23.062360763549805],[-44.3170814514159,-23.062917709350586],[-44.31597137451172,-23.062917709350586],[-44.314025878906136,-23.06125068664545],[-44.31263732910156,-23.060693740844727],[-44.3095817565918,-23.060693740844727],[-44.30902862548828,-23.06013870239252],[-44.30902862548828,-23.0584716796875],[-44.31041717529297,-23.057916641235238],[-44.31152725219721,-23.057083129882756]]],[[[-44.356250762939396,-23.06569480895996],[-44.35791778564453,-23.065416336059513],[-44.35902786254877,-23.066528320312443],[-44.36152648925781,-23.067361831664925],[-44.36264038085932,-23.06847190856928],[-44.36264038085932,-23.06958389282221],[-44.36208343505854,-23.070972442626953],[-44.3609733581543,-23.071250915527344],[-44.360416412353516,-23.06958389282221],[-44.35902786254877,-23.06847190856928],[-44.35763931274414,-23.06847190856928],[-44.355972290039006,-23.067916870117188],[-44.355693817138615,-23.067361831664925],[-44.354583740234375,-23.067361831664925],[-44.35319519042963,-23.066251754760742],[-44.35319519042963,-23.06569480895996],[-44.351806640625,-23.06430625915516],[-44.34763717651367,-23.064861297607422],[-44.3470840454101,-23.06569480895996],[-44.3470840454101,-23.067361831664925],[-44.34736251831055,-23.06902694702137],[-44.345973968505746,-23.069305419921818],[-44.34513854980469,-23.068195343017578],[-44.3448600769043,-23.06569480895996],[-44.34430694580078,-23.065416336059513],[-44.34430694580078,-23.064029693603516],[-44.34541702270508,-23.063472747802678],[-44.34541702270508,-23.062639236450195],[-44.34652709960932,-23.06125068664545],[-44.34736251831055,-23.060972213745004],[-44.34930419921869,-23.060972213745004],[-44.35097122192383,-23.060415267944336],[-44.35124969482422,-23.05958366394043],[-44.35124969482422,-23.056249618530273],[-44.35097122192383,-23.05458259582508],[-44.35124969482422,-23.053194046020508],[-44.35069274902344,-23.051805496215763],[-44.349582672119084,-23.050695419311523],[-44.348472595214844,-23.050971984863224],[-44.34819412231445,-23.051528930664062],[-44.34680557250971,-23.051528930664062],[-44.34624862670893,-23.05041885375971],[-44.3448600769043,-23.04930686950678],[-44.3448600769043,-23.048471450805607],[-44.34569549560547,-23.047914505004883],[-44.34791564941406,-23.04819679260254],[-44.34930419921869,-23.04902839660639],[-44.35041809082031,-23.048749923705998],[-44.35041809082031,-23.047361373901367],[-44.34902954101551,-23.046804428100586],[-44.34819412231445,-23.045694351196232],[-44.34763717651367,-23.04402732849121],[-44.34791564941406,-23.042638778686467],[-44.349582672119084,-23.042638778686467],[-44.349861145019474,-23.040971755981445],[-44.349582672119084,-23.040138244628906],[-44.34736251831055,-23.040416717529183],[-44.34652709960932,-23.03986167907709],[-44.34763717651367,-23.03847312927246],[-44.348751068115234,-23.03847312927246],[-44.349861145019474,-23.03791618347168],[-44.35124969482422,-23.03791618347168],[-44.351806640625,-23.037082672119027],[-44.35291671752924,-23.037082672119027],[-44.3537483215332,-23.037639617919865],[-44.355140686035156,-23.037639617919865],[-44.35541534423817,-23.036806106567326],[-44.35680389404297,-23.035417556762695],[-44.35819625854492,-23.035972595214844],[-44.35819625854492,-23.03874969482422],[-44.35874938964838,-23.03930473327631],[-44.360416412353516,-23.03902816772461],[-44.36236190795893,-23.03902816772461],[-44.36319351196289,-23.040416717529183],[-44.364860534667855,-23.040416717529183],[-44.36597061157221,-23.03986167907709],[-44.3698616027832,-23.03986167907709],[-44.371528625488224,-23.037082672119027],[-44.37319564819336,-23.035972595214844],[-44.373748779296875,-23.033750534057617],[-44.373748779296875,-23.03208351135254],[-44.37458419799793,-23.030971527099553],[-44.376251220703125,-23.030971527099553],[-44.3790283203125,-23.03180313110346],[-44.38041687011719,-23.03291511535639],[-44.38069534301758,-23.034860610961914],[-44.38124847412104,-23.035694122314453],[-44.38458251953119,-23.03791618347168],[-44.38624954223633,-23.03819465637207],[-44.38791656494135,-23.040138244628906],[-44.389305114746094,-23.041250228881836],[-44.391529083251896,-23.042360305786076],[-44.39180374145508,-23.04513931274414],[-44.39041519165028,-23.04513931274414],[-44.389305114746094,-23.046249389648438],[-44.38541793823242,-23.046804428100586],[-44.385139465331974,-23.04541587829584],[-44.38458251953119,-23.044582366943303],[-44.38291549682617,-23.04513931274414],[-44.38291549682617,-23.046249389648438],[-44.379859924316406,-23.046527862548828],[-44.37874984741205,-23.04541587829584],[-44.376251220703125,-23.04541587829584],[-44.37486267089838,-23.043750762939396],[-44.37347412109375,-23.043750762939396],[-44.37236022949213,-23.0443058013916],[-44.37069320678711,-23.0443058013916],[-44.369304656982365,-23.046249389648438],[-44.36708450317383,-23.046527862548828],[-44.36652755737305,-23.045972824096623],[-44.36402893066406,-23.045694351196232],[-44.36402893066406,-23.046249389648438],[-44.36264038085932,-23.046527862548828],[-44.3609733581543,-23.047361373901367],[-44.360416412353516,-23.04930686950678],[-44.35930633544916,-23.04930686950678],[-44.35958480834955,-23.052083969116154],[-44.35847091674793,-23.052640914916935],[-44.35847091674793,-23.0534725189209],[-44.35736083984375,-23.05458259582508],[-44.356250762939396,-23.05458259582508],[-44.355693817138615,-23.05513954162592],[-44.355972290039006,-23.057083129882756],[-44.35819625854492,-23.05875015258789],[-44.35763931274414,-23.06013870239252],[-44.356250762939396,-23.060415267944336],[-44.354026794433594,-23.062639236450195],[-44.3537483215332,-23.06430625915516],[-44.35541534423817,-23.065971374511662],[-44.356250762939396,-23.06569480895996]]],[[[-44.4004173278808,-23.025693893432617],[-44.40236282348633,-23.025693893432617],[-44.40319442749012,-23.026527404785156],[-44.40347290039057,-23.029027938842773],[-44.404026031494084,-23.030693054199105],[-44.4051399230957,-23.03180313110346],[-44.404304504394474,-23.03319358825678],[-44.40236282348633,-23.03291511535639],[-44.40097045898432,-23.03180313110346],[-44.40013885498041,-23.030138015747013],[-44.40013885498041,-23.029027938842773],[-44.39930725097656,-23.027915954589787],[-44.39930725097656,-23.026805877685547],[-44.4004173278808,-23.025693893432617]]],[[[-44.53180694580078,-23.027360916137695],[-44.52986145019531,-23.027360916137695],[-44.52847290039057,-23.027082443237248],[-44.527637481689396,-23.026527404785156],[-44.52097320556629,-23.026527404785156],[-44.520694732666016,-23.027082443237248],[-44.5184707641601,-23.027082443237248],[-44.51625061035156,-23.02625083923334],[-44.51152801513666,-23.02625083923334],[-44.51013946533203,-23.025972366332894],[-44.50902938842768,-23.026805877685547],[-44.506805419921875,-23.029027938842773],[-44.50597381591791,-23.030693054199105],[-44.50485992431629,-23.030693054199105],[-44.504581451416016,-23.030138015747013],[-44.50347137451172,-23.030138015747013],[-44.501251220703125,-23.026527404785156],[-44.500694274902344,-23.026527404785156],[-44.49986267089838,-23.025417327880803],[-44.49791717529297,-23.02430534362793],[-44.4948616027832,-23.02430534362793],[-44.49430465698242,-23.023195266723576],[-44.49319458007807,-23.022361755371037],[-44.49319458007807,-23.021526336669865],[-44.49208450317383,-23.020414352416935],[-44.48986053466791,-23.02069664001459],[-44.487640380859375,-23.01847267150879],[-44.487640380859375,-23.01763916015625],[-44.48625183105463,-23.016250610351562],[-44.48625183105463,-23.014305114746094],[-44.485137939453125,-23.013471603393498],[-44.484859466552734,-23.012083053588867],[-44.48402786254883,-23.01152992248535],[-44.48374938964838,-23.00986099243164],[-44.482917785644474,-23.008750915527287],[-44.48180389404297,-23.00819587707514],[-44.48180389404297,-23.007638931274357],[-44.47958374023426,-23.006250381469727],[-44.477638244628906,-23.006250381469727],[-44.47652816772455,-23.005971908569336],[-44.47513961791992,-23.007638931274357],[-44.47347259521479,-23.00819587707514],[-44.471248626708984,-23.00986099243164],[-44.471248626708984,-23.010417938232422],[-44.47013854980463,-23.01152992248535],[-44.47013854980463,-23.012083053588867],[-44.46875,-23.012361526489258],[-44.46847152709961,-23.011806488036996],[-44.467361450195256,-23.011804580688477],[-44.465415954589844,-23.010694503784123],[-44.4640274047851,-23.01013946533203],[-44.461528778076115,-23.01013946533203],[-44.460971832275334,-23.010972976684513],[-44.459861755371094,-23.010972976684513],[-44.460414886474496,-23.00986099243164],[-44.46180725097656,-23.009307861328068],[-44.461528778076115,-23.00819587707514],[-44.460140228271484,-23.00819587707514],[-44.45902633666992,-23.008750915527287],[-44.45819473266596,-23.00986099243164],[-44.45819473266596,-23.012083053588867],[-44.45930480957031,-23.01291656494135],[-44.45930480957031,-23.01708221435547],[-44.4595832824707,-23.017915725708008],[-44.45902633666992,-23.01847267150879],[-44.45791625976557,-23.01847267150879],[-44.45652770996094,-23.017915725708008],[-44.45458221435541,-23.016250610351562],[-44.45208358764643,-23.016250610351562],[-44.4506950378418,-23.01736068725586],[-44.4506950378418,-23.01902770996088],[-44.449859619140625,-23.02013969421381],[-44.44902801513672,-23.02263641357422],[-44.44902801513672,-23.02486038208002],[-44.447917938232365,-23.025693893432617],[-44.44680404663086,-23.025693893432617],[-44.445693969726506,-23.027360916137695],[-44.445693969726506,-23.028194427490178],[-44.44708251953125,-23.02930641174305],[-44.44736099243164,-23.03125],[-44.447917938232365,-23.03125],[-44.450138092041016,-23.032638549804688],[-44.450138092041016,-23.034025192260742],[-44.4495849609375,-23.034860610961914],[-44.44847106933588,-23.034860610961914],[-44.44708251953125,-23.03291511535639],[-44.445693969726506,-23.031528472900334],[-44.44458389282215,-23.030971527099553],[-44.44458389282215,-23.028749465942383],[-44.442085266113224,-23.027639389038086],[-44.4404182434082,-23.026527404785156],[-44.43958282470703,-23.02486038208002],[-44.43819427490223,-23.02347183227539],[-44.43597412109369,-23.021806716918945],[-44.432083129882756,-23.021806716918945],[-44.430694580078125,-23.02069664001459],[-44.431251525878906,-23.019304275512695],[-44.43402862548828,-23.01902770996088],[-44.43430709838867,-23.01791763305664],[-44.43541717529291,-23.01819229125971],[-44.436527252197266,-23.019582748412972],[-44.43708419799805,-23.02069664001459],[-44.43819427490223,-23.02069664001459],[-44.44013977050781,-23.02013969421381],[-44.44069290161133,-23.019304275512695],[-44.44069290161133,-23.016527175903207],[-44.44097137451172,-23.015417098999023],[-44.44291687011719,-23.014583587646484],[-44.443748474121094,-23.013471603393498],[-44.4448623657226,-23.01263809204096],[-44.4448623657226,-23.009582519531193],[-44.44319534301758,-23.00819587707514],[-44.44291687011719,-23.005693435668945],[-44.44208145141596,-23.004861831664982],[-44.44097137451172,-23.00458335876459],[-44.43958282470703,-23.00291633605957],[-44.43819427490223,-23.002361297607365],[-44.43736267089844,-23.001527786254826],[-44.43430709838867,-23.001527786254826],[-44.43319320678711,-23.002639770507756],[-44.432361602783146,-23.0040283203125],[-44.43152618408203,-23.0040283203125],[-44.430694580078125,-23.00291633605957],[-44.430694580078125,-23.001806259155217],[-44.432083129882756,-23.000972747802734],[-44.43263626098627,-23.00007247924799],[-44.432361602783146,-22.9993057250976],[-44.430973052978516,-22.998750686645508],[-44.42986297607416,-22.998750686645508],[-44.4287490844726,-22.9993057250976],[-44.428455352783146,-23.000139236450195],[-44.42708206176758,-23.000415802001953],[-44.42680740356445,-22.99958419799799],[-44.424861907958984,-22.99819374084467],[-44.424861907958984,-22.997360229492188],[-44.425971984863224,-22.996528625488224],[-44.42736053466797,-22.996528625488224],[-44.42763900756836,-22.995136260986328],[-44.42902755737299,-22.994861602783203],[-44.42986297607416,-22.993749618530273],[-44.43375015258789,-22.993749618530273],[-44.43513870239252,-22.994583129882812],[-44.43597030639643,-22.994583129882812],[-44.436805725097656,-22.995418548583984],[-44.439304351806584,-22.995971679687443],[-44.44069290161133,-22.994304656982422],[-44.44069290161133,-22.991527557373047],[-44.44013977050781,-22.990692138671875],[-44.43847274780268,-22.990139007568303],[-44.43819427490223,-22.988750457763672],[-44.43597412109369,-22.988750457763672],[-44.434860229492074,-22.98791694641102],[-44.43430709838867,-22.986804962158146],[-44.43430709838867,-22.985416412353516],[-44.436805725097656,-22.984582901000863],[-44.43763732910156,-22.98374938964838],[-44.43597412109369,-22.98291778564453],[-44.4356956481933,-22.982084274291935],[-44.434860229492074,-22.981807708740234],[-44.43513870239252,-22.979860305786133],[-44.43375015258789,-22.97958564758295],[-44.43180465698231,-22.97958564758295],[-44.430973052978516,-22.97847175598139],[-44.430973052978516,-22.976804733276367],[-44.43152618408203,-22.975971221923828],[-44.430973052978516,-22.975416183471623],[-44.430973052978516,-22.974306106567383],[-44.43264007568354,-22.974582672119084],[-44.43291854858393,-22.975139617919922],[-44.43402862548828,-22.975416183471623],[-44.43541717529291,-22.974306106567383],[-44.43513870239252,-22.972360610961857],[-44.43708419799805,-22.972084045410156],[-44.43763732910156,-22.971527099609318],[-44.43763732910156,-22.97041893005371],[-44.436248779296875,-22.969861984252873],[-44.43597412109369,-22.96847152709961],[-44.43541717529291,-22.96791458129877],[-44.43541717529291,-22.96680450439453],[-44.43597412109369,-22.965139389038086],[-44.43430709838867,-22.9637508392334],[-44.43180465698231,-22.96291732788086],[-44.430973052978516,-22.962360382080078],[-44.42847061157215,-22.962360382080078],[-44.42736053466797,-22.96319389343256],[-44.425693511962834,-22.96263885498047],[-44.424861907958984,-22.96152687072754],[-44.425971984863224,-22.960971832275334],[-44.42736053466797,-22.959304809570312],[-44.42736053466797,-22.957639694213867],[-44.426528930664006,-22.956529617309513],[-44.425140380859375,-22.956529617309513],[-44.424861907958984,-22.955972671508675],[-44.42375183105469,-22.9556941986084],[-44.42208480834961,-22.9556941986084],[-44.42180633544922,-22.954860687255803],[-44.42347335815424,-22.953750610351562],[-44.42375183105469,-22.952083587646428],[-44.42291641235346,-22.951528549194336],[-44.42152786254883,-22.9498615264892],[-44.41986083984369,-22.9498615264892],[-44.4195823669433,-22.94874954223627],[-44.41875076293945,-22.94847106933588],[-44.417362213134766,-22.946805953979435],[-44.417362213134766,-22.945972442626896],[-44.41569519042969,-22.945417404174805],[-44.41402816772461,-22.944305419921875],[-44.41402816772461,-22.94347190856928],[-44.41319274902338,-22.943195343017578],[-44.41208267211914,-22.941806793212777],[-44.411251068115234,-22.941806793212777],[-44.410137176513615,-22.94291877746582],[-44.410415649414006,-22.94402885437006],[-44.411251068115234,-22.94402885437006],[-44.410972595214844,-22.94514083862299],[-44.410972595214844,-22.946805953979435],[-44.40958404541004,-22.94791603088379],[-44.409305572509766,-22.949581146240234],[-44.411529541015625,-22.94763946533203],[-44.412918090820256,-22.94763946533203],[-44.414306640625,-22.949581146240234],[-44.414859771728516,-22.949581146240234],[-44.41569519042969,-22.951528549194336],[-44.41569519042969,-22.952638626098633],[-44.414859771728516,-22.95291519165039],[-44.41402816772461,-22.954025268554688],[-44.409027099609375,-22.954025268554688],[-44.40763854980469,-22.953472137451172],[-44.405418395996094,-22.953472137451172],[-44.4051399230957,-22.952638626098633],[-44.40319442749012,-22.95180320739746],[-44.40263748168945,-22.95291519165039],[-44.4004173278808,-22.95291519165039],[-44.4004173278808,-22.955139160156193],[-44.39930725097656,-22.955417633056584],[-44.39736175537104,-22.955417633056584],[-44.39736175537104,-22.953472137451172],[-44.3968048095702,-22.95291519165039],[-44.395973205566406,-22.95319366455078],[-44.395973205566406,-22.954025268554688],[-44.39402770996088,-22.953750610351562],[-44.39291763305664,-22.954307556152344],[-44.391529083251896,-22.953472137451172],[-44.391529083251896,-22.952083587646428],[-44.390972137451115,-22.951528549194336],[-44.38874816894531,-22.952360153198242],[-44.3870849609375,-22.952362060546818],[-44.384860992431584,-22.954307556152344],[-44.3843040466308,-22.954307556152344],[-44.38347244262695,-22.955417633056584],[-44.38208389282221,-22.9556941986084],[-44.38180541992182,-22.956529617309513],[-44.3801383972168,-22.956806182861328],[-44.379581451416016,-22.957361221313477],[-44.37847137451166,-22.957361221313477],[-44.37847137451166,-22.958471298217773],[-44.377918243408146,-22.959583282470703],[-44.37874984741205,-22.959861755371094],[-44.37874984741205,-22.960971832275334],[-44.38041687011719,-22.96263885498047],[-44.38041687011719,-22.96319389343256],[-44.38152694702143,-22.964860916137695],[-44.38402938842762,-22.965414047241097],[-44.38541793823242,-22.966527938842717],[-44.38541793823242,-22.967082977294808],[-44.3870849609375,-22.96847152709961],[-44.3870849609375,-22.969583511352482],[-44.38541793823242,-22.969861984252873],[-44.38541793823242,-22.972360610961857],[-44.38319396972656,-22.972639083862248],[-44.38263702392578,-22.971527099609318],[-44.38152694702143,-22.97041893005371],[-44.380973815917855,-22.96847152709961],[-44.37930679321289,-22.96763610839838],[-44.37847137451166,-22.96875],[-44.37847137451166,-22.969583511352482],[-44.3776397705077,-22.97041893005371],[-44.37680435180664,-22.970138549804688],[-44.37680435180664,-22.96902847290039],[-44.375137329101506,-22.96763610839838],[-44.374027252197266,-22.96763610839838],[-44.37347412109375,-22.967082977294808],[-44.37347412109375,-22.965414047241097],[-44.374305725097656,-22.964582443237305],[-44.374305725097656,-22.96208381652832],[-44.374027252197266,-22.960416793823185],[-44.37208175659174,-22.958749771118164],[-44.370418548583984,-22.958749771118164],[-44.3698616027832,-22.959304809570312],[-44.3698616027832,-22.960416793823185],[-44.36875152587885,-22.960695266723633],[-44.36708450317383,-22.960695266723633],[-44.365695953369084,-22.959028244018555],[-44.36430740356445,-22.958471298217773],[-44.36430740356445,-22.957916259765568],[-44.36319351196289,-22.95708274841303],[-44.36347198486328,-22.9556941986084],[-44.36291503906244,-22.955139160156193],[-44.36152648925781,-22.954860687255803],[-44.360694885253906,-22.955972671508675],[-44.360694885253906,-22.957361221313477],[-44.35902786254877,-22.957361221313477],[-44.35874938964838,-22.9556941986084],[-44.355693817138615,-22.953750610351562],[-44.354583740234375,-22.953750610351562],[-44.35319519042963,-22.952083587646428],[-44.35235977172846,-22.95180320739746],[-44.35235977172846,-22.950138092041016],[-44.35291671752924,-22.9498615264892],[-44.35319519042963,-22.94847106933588],[-44.35263824462885,-22.94763946533203],[-44.349861145019474,-22.946805953979435],[-44.349582672119084,-22.944305419921875],[-44.35041809082031,-22.94347190856928],[-44.3537483215332,-22.94347190856928],[-44.355140686035156,-22.94402885437006],[-44.35708236694336,-22.94347190856928],[-44.35819625854492,-22.94347190856928],[-44.35902786254877,-22.94208335876465],[-44.360137939453125,-22.94124984741211],[-44.36236190795893,-22.94124984741211],[-44.36402893066406,-22.940414428710938],[-44.3651390075683,-22.940696716308594],[-44.3651390075683,-22.941806793212777],[-44.36458206176758,-22.94208335876465],[-44.36458206176758,-22.944305419921875],[-44.366249084472656,-22.945417404174805],[-44.36708450317383,-22.945417404174805],[-44.36736297607422,-22.946250915527344],[-44.366249084472656,-22.946527481078988],[-44.36680603027344,-22.947362899780217],[-44.367916107177734,-22.947362899780217],[-44.36847305297846,-22.946805953979435],[-44.36819458007801,-22.945417404174805],[-44.36875152587885,-22.94514083862299],[-44.36875152587885,-22.94402885437006],[-44.367916107177734,-22.94375038146967],[-44.367916107177734,-22.94236183166504],[-44.36847305297846,-22.940696716308594],[-44.3709716796875,-22.940696716308594],[-44.371528625488224,-22.940139770507812],[-44.371528625488224,-22.93819236755371],[-44.3698616027832,-22.93763923645014],[-44.367916107177734,-22.936250686645508],[-44.36680603027344,-22.934860229492188],[-44.36652755737305,-22.93375015258789],[-44.36347198486328,-22.93375015258789],[-44.36208343505854,-22.933195114135742],[-44.36180496215809,-22.93263816833496],[-44.360694885253906,-22.93263816833496],[-44.360137939453125,-22.931249618530217],[-44.36208343505854,-22.930694580078125],[-44.36236190795893,-22.931249618530217],[-44.36402893066406,-22.931528091430607],[-44.36541748046869,-22.931249618530217],[-44.366249084472656,-22.930694580078125],[-44.366249084472656,-22.92930793762207],[-44.365695953369084,-22.928747177124023],[-44.36236190795893,-22.92847251892084],[-44.36180496215809,-22.926807403564396],[-44.3609733581543,-22.92652511596674],[-44.3609733581543,-22.924303054809513],[-44.360416412353516,-22.923749923706055],[-44.35902786254877,-22.923471450805664],[-44.35847091674793,-22.924303054809513],[-44.35819625854492,-22.925693511962777],[-44.35819625854492,-22.92763710021967],[-44.354305267333984,-22.930416107177734],[-44.354026794433594,-22.931249618530217],[-44.35208511352539,-22.930973052978516],[-44.35208511352539,-22.928747177124023],[-44.35235977172846,-22.92763710021967],[-44.35152816772461,-22.927085876464787],[-44.35041809082031,-22.927085876464787],[-44.349582672119084,-22.92763710021967],[-44.348472595214844,-22.92763710021967],[-44.34791564941406,-22.927085876464787],[-44.34791564941406,-22.925693511962777],[-44.3470840454101,-22.923749923706055],[-44.345973968505746,-22.92319488525385],[-44.344581604003906,-22.92319488525385],[-44.34375,-22.923749923706055],[-44.34375,-22.924583435058594],[-44.34236145019531,-22.924583435058594],[-44.33986282348627,-22.923749923706055],[-44.33819580078125,-22.924583435058594],[-44.33819580078125,-22.926250457763615],[-44.336528778076115,-22.92791748046875],[-44.334861755371094,-22.92847251892084],[-44.332916259765625,-22.92847251892084],[-44.33208465576172,-22.92930793762207],[-44.33124923706055,-22.92847251892084],[-44.33013916015619,-22.92847251892084],[-44.330696105956974,-22.929582595825195],[-44.330696105956974,-22.930973052978516],[-44.329860687255746,-22.932361602783146],[-44.32819366455078,-22.932361602783146],[-44.32680511474598,-22.9320831298827],[-44.325138092041016,-22.93375015258789],[-44.32458496093744,-22.934583663940373],[-44.32597351074219,-22.936250686645508],[-44.3256950378418,-22.937360763549748],[-44.32402801513666,-22.937360763549748],[-44.32374954223627,-22.936805725097656],[-44.32236099243164,-22.936250686645508],[-44.320693969726506,-22.936250686645508],[-44.32041549682606,-22.937360763549748],[-44.32180404663086,-22.93819236755371],[-44.32236099243164,-22.939582824706974],[-44.32236099243164,-22.94097137451172],[-44.32319259643555,-22.9415283203125],[-44.32374954223627,-22.942636489868164],[-44.32458496093744,-22.942636489868164],[-44.32624816894531,-22.94347190856928],[-44.32847213745117,-22.94347190856928],[-44.32930374145508,-22.94375038146967],[-44.33013916015619,-22.944860458374023],[-44.33124923706055,-22.945417404174805],[-44.332637786865234,-22.945417404174805],[-44.33347320556635,-22.945972442626896],[-44.33347320556635,-22.946805953979435],[-44.3345832824707,-22.947362899780217],[-44.33597183227539,-22.947362899780217],[-44.336807250976506,-22.94819450378418],[-44.336528778076115,-22.949028015136662],[-44.336807250976506,-22.950138092041016],[-44.336807250976506,-22.95180320739746],[-44.33819580078125,-22.95319366455078],[-44.33819580078125,-22.9545841217041],[-44.33597183227539,-22.9545841217041],[-44.335140228271484,-22.954307556152344],[-44.3345832824707,-22.953472137451172],[-44.3345832824707,-22.950971603393555],[-44.33347320556635,-22.950416564941406],[-44.33347320556635,-22.952083587646428],[-44.332359313964844,-22.952362060546818],[-44.332637786865234,-22.953472137451172],[-44.32902908325195,-22.953472137451172],[-44.32847213745117,-22.954025268554688],[-44.32847213745117,-22.955139160156193],[-44.32958221435547,-22.955972671508675],[-44.3345832824707,-22.955972671508675],[-44.335140228271484,-22.956247329711857],[-44.335140228271484,-22.957639694213867],[-44.336528778076115,-22.957361221313477],[-44.33819580078125,-22.957361221313477],[-44.336807250976506,-22.958749771118164],[-44.33597183227539,-22.96152687072754],[-44.33625030517567,-22.962360382080078],[-44.33625030517567,-22.964860916137695],[-44.33541488647461,-22.964860916137695],[-44.3345832824707,-22.965694427490234],[-44.3331947326659,-22.9659748077392],[-44.3331947326659,-22.96763610839838],[-44.33152770996094,-22.96763610839838],[-44.329860687255746,-22.965694427490234],[-44.329860687255746,-22.9637508392334],[-44.32902908325195,-22.96263885498047],[-44.32902908325195,-22.960695266723633],[-44.32764053344721,-22.960971832275334],[-44.3256950378418,-22.960971832275334],[-44.325138092041016,-22.960416793823185],[-44.323471069335824,-22.960416793823185],[-44.32319259643555,-22.959861755371094],[-44.32180404663086,-22.960138320922795],[-44.32180404663086,-22.96208381652832],[-44.32013702392578,-22.96208381652832],[-44.320693969726506,-22.960971832275334],[-44.320693969726506,-22.959861755371094],[-44.32125091552729,-22.959304809570312],[-44.32125091552729,-22.95819473266596],[-44.319583892822266,-22.956806182861328],[-44.31735992431635,-22.956806182861328],[-44.313751220703125,-22.957361221313477],[-44.313194274902344,-22.957916259765568],[-44.313194274902344,-22.959861755371094],[-44.31208419799799,-22.959861755371094],[-44.3095817565918,-22.957639694213867],[-44.30847167968744,-22.957639694213867],[-44.3073616027832,-22.958471298217773],[-44.30847167968744,-22.960416793823185],[-44.3073616027832,-22.960971832275334],[-44.30569458007807,-22.959028244018555],[-44.30569458007807,-22.95819473266596],[-44.30430603027344,-22.957361221313477],[-44.303749084472656,-22.957916259765568],[-44.303749084472656,-22.960138320922795],[-44.30430603027344,-22.961250305175724],[-44.30513763427729,-22.961250305175724],[-44.30541610717768,-22.96208381652832],[-44.3073616027832,-22.964027404785043],[-44.30847167968744,-22.965414047241097],[-44.30791854858393,-22.966527938842717],[-44.30791854858393,-22.96763610839838],[-44.30902862548828,-22.96875],[-44.30902862548828,-22.96930694580078],[-44.31124877929682,-22.970138549804688],[-44.3118057250976,-22.974027633666992],[-44.31236267089844,-22.974582672119084],[-44.31208419799799,-22.97652816772461],[-44.31208419799799,-22.979303359985295],[-44.31236267089844,-22.980138778686523],[-44.314304351806584,-22.980138778686523],[-44.314304351806584,-22.981525421142578],[-44.314861297607365,-22.982084274291935],[-44.314861297607365,-22.98319435119629],[-44.31569290161133,-22.984306335449162],[-44.31735992431635,-22.984306335449162],[-44.31819534301752,-22.985416412353516],[-44.32125091552729,-22.985971450805664],[-44.32236099243164,-22.984306335449162],[-44.32291793823242,-22.98402976989746],[-44.32291793823242,-22.98236083984375],[-44.32597351074219,-22.98236083984375],[-44.32624816894531,-22.98291778564453],[-44.32958221435547,-22.98291778564453],[-44.32958221435547,-22.98819351196289],[-44.32847213745117,-22.98819351196289],[-44.327915191650334,-22.988750457763672],[-44.327915191650334,-22.990692138671875],[-44.3265266418457,-22.990972518920785],[-44.32597351074219,-22.991527557373047],[-44.32597351074219,-22.993196487426758],[-44.3265266418457,-22.994583129882812],[-44.32736206054682,-22.995136260986328],[-44.32930374145508,-22.995418548583984],[-44.332916259765625,-22.995418548583984],[-44.334026336669865,-22.994861602783203],[-44.334304809570256,-22.99402618408203],[-44.33541488647461,-22.993196487426758],[-44.33541488647461,-22.992639541625977],[-44.33708190917963,-22.990692138671875],[-44.34180450439453,-22.990692138671875],[-44.34402847290039,-22.990972518920785],[-44.34541702270508,-22.990417480468693],[-44.34541702270508,-22.992639541625977],[-44.34680557250971,-22.993749618530273],[-44.348472595214844,-22.994304656982422],[-44.349861145019474,-22.994304656982422],[-44.35124969482422,-22.994861602783203],[-44.35319519042963,-22.996528625488224],[-44.355140686035156,-22.998750686645508],[-44.35541534423817,-23.000415802001953],[-44.355972290039006,-23.000972747802734],[-44.356250762939396,-23.00319480895996],[-44.35736083984375,-23.00374984741211],[-44.35819625854492,-23.005138397216797],[-44.35791778564453,-23.006250381469727],[-44.35708236694336,-23.007085800170785],[-44.35708236694336,-23.00819587707514],[-44.35847091674793,-23.009307861328068],[-44.35958480834955,-23.00847244262684],[-44.36125183105469,-23.008750915527287],[-44.36208343505854,-23.00986099243164],[-44.36347198486328,-23.00986099243164],[-44.36375045776367,-23.010694503784123],[-44.36319351196289,-23.011249542236328],[-44.36208343505854,-23.011249542236328],[-44.360694885253906,-23.010694503784123],[-44.360137939453125,-23.011249542236328],[-44.360137939453125,-23.01291656494135],[-44.36180496215809,-23.01402854919428],[-44.36319351196289,-23.015693664550724],[-44.36319351196289,-23.01763916015625],[-44.36208343505854,-23.01986122131342],[-44.359859466552734,-23.01986122131342],[-44.35958480834955,-23.02013969421381],[-44.35958480834955,-23.022918701171875],[-44.35902786254877,-23.02375030517578],[-44.35736083984375,-23.02375030517578],[-44.355693817138615,-23.02347183227539],[-44.354583740234375,-23.022361755371037],[-44.35235977172846,-23.022361755371037],[-44.35097122192383,-23.023195266723576],[-44.34902954101551,-23.025693893432617],[-44.34902954101551,-23.027360916137695],[-44.350139617919865,-23.028472900390568],[-44.35152816772461,-23.028749465942383],[-44.35208511352539,-23.02930641174305],[-44.35152816772461,-23.030693054199105],[-44.350139617919865,-23.030693054199105],[-44.348472595214844,-23.03125],[-44.3470840454101,-23.030416488647404],[-44.34624862670893,-23.028749465942383],[-44.34624862670893,-23.027915954589787],[-44.34541702270508,-23.026805877685547],[-44.34430694580078,-23.026805877685547],[-44.34069442749018,-23.02375030517578],[-44.339027404785156,-23.02375030517578],[-44.33763885498047,-23.02458381652832],[-44.336528778076115,-23.025693893432617],[-44.335693359375,-23.025693893432617],[-44.334861755371094,-23.02486038208002],[-44.3345832824707,-23.02375030517578],[-44.332637786865234,-23.02347183227539],[-44.33152770996094,-23.02263641357422],[-44.330696105956974,-23.021526336669865],[-44.32958221435547,-23.021806716918945],[-44.32819366455078,-23.021526336669865],[-44.32624816894531,-23.021526336669865],[-44.3256950378418,-23.02069664001459],[-44.3256950378418,-23.019304275512695],[-44.32708358764643,-23.01736068725586],[-44.32680511474598,-23.015138626098633],[-44.32624816894531,-23.014583587646484],[-44.325138092041016,-23.014583587646484],[-44.32374954223627,-23.016250610351562],[-44.32208251953125,-23.016250610351562],[-44.32180404663086,-23.015138626098633],[-44.320693969726506,-23.01402854919428],[-44.320693969726506,-23.012361526489258],[-44.319583892822266,-23.01152992248535],[-44.31791687011713,-23.011806488036996],[-44.31763839721674,-23.013195037841797],[-44.31597137451172,-23.015138626098633],[-44.314304351806584,-23.015138626098633],[-44.313194274902344,-23.014305114746094],[-44.313472747802734,-23.01291656494135],[-44.314025878906136,-23.01263809204096],[-44.314025878906136,-23.010694503784123],[-44.313751220703125,-23.009582519531193],[-44.31263732910156,-23.009582519531193],[-44.31263732910156,-23.008750915527287],[-44.3118057250976,-23.006807327270508],[-44.31124877929682,-23.006250381469727],[-44.30930709838867,-23.006250381469727],[-44.30902862548828,-23.006526947021428],[-44.30902862548828,-23.01013946533203],[-44.30652618408203,-23.007915496826172],[-44.30652618408203,-23.007085800170785],[-44.30541610717768,-23.006250381469727],[-44.30430603027344,-23.006250381469727],[-44.303749084472656,-23.0043048858642],[-44.301528930664006,-23.0043048858642],[-44.30069351196289,-23.005693435668945],[-44.299583435058594,-23.006250381469727],[-44.29875183105463,-23.007360458373967],[-44.29847335815424,-23.008750915527287],[-44.29847335815424,-23.010972976684513],[-44.30125045776356,-23.013471603393498],[-44.301807403564396,-23.013471603393498],[-44.304584503173714,-23.015972137451115],[-44.304584503173714,-23.01763916015625],[-44.30402755737305,-23.01763916015625],[-44.30402755737305,-23.02013969421381],[-44.30430603027344,-23.020971298217773],[-44.30569458007807,-23.022083282470646],[-44.30652618408203,-23.022361755371037],[-44.30652618408203,-23.02430534362793],[-44.30486297607416,-23.02458381652832],[-44.30430603027344,-23.0251407623291],[-44.30319595336914,-23.02486038208002],[-44.30125045776356,-23.0251407623291],[-44.29819488525379,-23.026527404785156],[-44.29680633544922,-23.026527404785156],[-44.29624938964844,-23.025693893432617],[-44.29347229003906,-23.025693893432617],[-44.292915344238224,-23.02458381652832],[-44.2904167175293,-23.02458381652832],[-44.289585113525334,-23.024028778076172],[-44.28902816772455,-23.022361755371037],[-44.28902816772455,-23.021249771118164],[-44.289585113525334,-23.020971298217773],[-44.289585113525334,-23.01874923706049],[-44.28874969482416,-23.01847267150879],[-44.28819274902344,-23.01763916015625],[-44.28625106811518,-23.017915725708008],[-44.28513717651367,-23.015693664550724],[-44.28263854980463,-23.015693664550724],[-44.28263854980463,-23.016250610351562],[-44.28125,-23.01736068725586],[-44.278194427490234,-23.01736068725586],[-44.27763748168945,-23.016805648803654],[-44.27763748168945,-23.015693664550724],[-44.278194427490234,-23.014860153198242],[-44.278472900390625,-23.01291656494135],[-44.277915954589844,-23.011806488036996],[-44.27708435058588,-23.01152992248535],[-44.27680587768549,-23.010694503784123],[-44.27513885498047,-23.010694503784123],[-44.273471832275334,-23.00847244262684],[-44.273471832275334,-23.005416870117074],[-44.27264022827137,-23.00374984741211],[-44.27180480957031,-23.00347137451172],[-44.266529083251896,-23.00347137451172],[-44.26597213745117,-23.0040283203125],[-44.26347351074213,-23.00374984741211],[-44.262916564941406,-23.004861831664982],[-44.262916564941406,-23.006807327270508],[-44.262638092041016,-23.007360458373967],[-44.26097106933588,-23.007638931274357],[-44.260139465331974,-23.006807327270508],[-44.25930404663086,-23.006807327270508],[-44.257915496826115,-23.005693435668945],[-44.25708389282221,-23.00374984741211],[-44.256526947021484,-23.00347137451172],[-44.256248474121094,-23.002361297607365],[-44.25541687011719,-23.001527786254826],[-44.25374984741205,-23.001527786254826],[-44.25319290161133,-23.000972747802734],[-44.2529182434082,-22.9993057250976],[-44.25236129760742,-22.99847221374506],[-44.24986267089844,-22.99819374084467],[-44.249027252197266,-22.9993057250976],[-44.249305725097656,-23.001249313354435],[-44.248470306396484,-23.001806259155217],[-44.24680709838867,-23.001806259155217],[-44.2459716796875,-23.000415802001953],[-44.244583129882756,-23.000415802001953],[-44.244583129882756,-23.001249313354435],[-44.24541473388672,-23.001806259155217],[-44.24569320678711,-23.00319480895996],[-44.24402618408192,-23.002082824706918],[-44.243751525878906,-23.001249313354435],[-44.242637634277344,-23.001249313354435],[-44.2412490844726,-23.002639770507756],[-44.23986053466797,-23.002639770507756],[-44.238471984863224,-23.0043048858642],[-44.238193511962834,-23.005138397216797],[-44.238193511962834,-23.007638931274357],[-44.23764038085926,-23.00819587707514],[-44.2359733581543,-23.00819587707514],[-44.23513793945307,-23.008750915527287],[-44.234584808349496,-23.00986099243164],[-44.23263931274414,-23.011804580688477],[-44.23097229003906,-23.013195037841797],[-44.23041534423828,-23.014305114746094],[-44.22930526733393,-23.014305114746094],[-44.227359771728516,-23.012083053588867],[-44.22569274902338,-23.011249542236328],[-44.22319412231445,-23.011249542236328],[-44.221527099609375,-23.01291656494135],[-44.221527099609375,-23.016250610351562],[-44.22236251831049,-23.01736068725586],[-44.223751068115234,-23.01736068725586],[-44.22458267211914,-23.01819229125971],[-44.22458267211914,-23.01986122131342],[-44.225139617919865,-23.021249771118164],[-44.23069381713867,-23.021249771118164],[-44.23125076293934,-23.022083282470646],[-44.23236083984369,-23.02263641357422],[-44.23319625854492,-23.02375030517578],[-44.23374938964844,-23.025417327880803],[-44.23625183105469,-23.025417327880803],[-44.2368049621582,-23.025972366332894],[-44.2368049621582,-23.027639389038086],[-44.23764038085926,-23.028194427490178],[-44.2359733581543,-23.029861450195312],[-44.2359733581543,-23.03125],[-44.237083435058594,-23.03208351135254],[-44.23930740356445,-23.03208351135254],[-44.23986053466797,-23.03291511535639],[-44.24069595336914,-23.03319358825678],[-44.24097061157221,-23.034025192260742],[-44.24097061157221,-23.035972595214844],[-44.24152755737299,-23.036806106567326],[-44.24152755737299,-23.03819465637207],[-44.243194580078125,-23.03986167907709],[-44.243751525878906,-23.041250228881836],[-44.24402618408192,-23.043750762939396],[-44.24514007568354,-23.04486083984375],[-44.24652862548828,-23.04513931274414],[-44.24763870239252,-23.04486083984375],[-44.249305725097656,-23.046527862548828],[-44.24986267089844,-23.04819679260254],[-44.25041580200184,-23.048471450805607],[-44.25069427490229,-23.04986190795887],[-44.25013732910156,-23.05041885375971],[-44.2481956481933,-23.04930686950678],[-44.24708175659168,-23.04930686950678],[-44.24569320678711,-23.05041885375971],[-44.24514007568354,-23.051805496215763],[-44.244304656982365,-23.05236053466797],[-44.244583129882756,-23.05486106872553],[-44.24402618408192,-23.055416107177734],[-44.24180603027338,-23.05513954162592],[-44.24041748046875,-23.055971145629883],[-44.23958206176758,-23.055971145629883],[-44.238193511962834,-23.057361602783146],[-44.2368049621582,-23.057361602783146],[-44.23485946655268,-23.055694580078125],[-44.23374938964844,-23.055694580078125],[-44.23263931274414,-23.05458259582508],[-44.23236083984369,-23.0534725189209],[-44.23041534423828,-23.0537490844726],[-44.22930526733393,-23.052083969116154],[-44.2279167175293,-23.051528930664062],[-44.227359771728516,-23.050693511962834],[-44.22569274902338,-23.050693511962834],[-44.22430419921875,-23.04930686950678],[-44.22069549560547,-23.04930686950678],[-44.22013854980469,-23.050136566162053],[-44.219306945800724,-23.050136566162053],[-44.21875,-23.04930686950678],[-44.217918395996094,-23.04930686950678],[-44.21597290039057,-23.047361373901367],[-44.214027404785156,-23.047082901000977],[-44.21263885498041,-23.045972824096623],[-44.21152877807617,-23.045972824096623],[-44.21041488647461,-23.04486083984375],[-44.209304809570256,-23.04486083984375],[-44.20902633666981,-23.04402732849121],[-44.207637786865234,-23.04347229003895],[-44.20624923706049,-23.04347229003895],[-44.20486068725586,-23.042917251586857],[-44.20430374145508,-23.041805267333984],[-44.202915191650334,-23.040416717529183],[-44.202915191650334,-23.0395832061767],[-44.202083587646484,-23.03902816772461],[-44.201805114746094,-23.03819465637207],[-44.20069503784174,-23.03819465637207],[-44.199584960937386,-23.03874969482422],[-44.19930648803711,-23.0395832061767],[-44.19819259643555,-23.0395832061767],[-44.19791793823242,-23.040138244628906],[-44.19597244262695,-23.040416717529183],[-44.19430541992182,-23.041528701782227],[-44.19374847412104,-23.042917251586857],[-44.19513702392578,-23.04486083984375],[-44.19513702392578,-23.046249389648438],[-44.19597244262695,-23.047082901000977],[-44.19597244262695,-23.051528930664062],[-44.19513702392578,-23.052640914916935],[-44.19513702392578,-23.05430603027338],[-44.194583892822266,-23.05486106872553],[-44.192359924316406,-23.05486106872553],[-44.19097137451166,-23.05430603027338],[-44.18986129760731,-23.052640914916935],[-44.18708419799799,-23.052640914916935],[-44.186527252197266,-23.0534725189209],[-44.18458175659174,-23.053194046020508],[-44.183750152587834,-23.05236053466797],[-44.183750152587834,-23.051250457763672],[-44.18486022949219,-23.050971984863224],[-44.18486022949219,-23.04902839660639],[-44.184307098388615,-23.047637939453068],[-44.182918548583984,-23.045972824096623],[-44.181526184081974,-23.045972824096623],[-44.18041610717762,-23.047637939453068],[-44.18041610717762,-23.04986190795887],[-44.17986297607422,-23.050971984863224],[-44.178195953369084,-23.050971984863224],[-44.17736053466791,-23.050136566162053],[-44.17625045776367,-23.050136566162053],[-44.17486190795893,-23.04930686950678],[-44.17375183105469,-23.04902839660639],[-44.17097091674799,-23.046527862548828],[-44.17097091674799,-23.044582366943303],[-44.17208480834955,-23.042638778686467],[-44.17458343505854,-23.042638778686467],[-44.1754150390625,-23.042917251586857],[-44.17597198486328,-23.041805267333984],[-44.17569351196289,-23.04069519042963],[-44.17597198486328,-23.03874969482422],[-44.17597198486328,-23.035972595214844],[-44.172359466552734,-23.034025192260742],[-44.17124938964838,-23.03319358825678],[-44.16958236694336,-23.03319358825678],[-44.168750762939396,-23.033750534057617],[-44.166675567626896,-23.033750534057617],[-44.16649246215809,-23.03262710571289],[-44.16525650024403,-23.019014358520508],[-44.16584014892578,-23.01481437683094],[-44.163204193115234,-23.008985519409123],[-44.172359466552734,-22.989801406860295],[-44.17442321777344,-22.98670578002924],[-44.18894958496094,-22.951541900634766],[-44.18758773803711,-22.93965339660639],[-44.193511962890625,-22.928340911865178],[-44.207252502441406,-22.930141448974553],[-44.21492385864252,-22.93186378479004],[-44.223388671875,-22.9288654327392],[-44.239509582519474,-22.91620635986328],[-44.241531372070256,-22.912967681884766],[-44.23706436157215,-22.905178070068303],[-44.24164581298817,-22.902326583862305],[-44.2368049621582,-22.897222518920785],[-44.2376976013183,-22.88621711730957],[-44.231475830078125,-22.87140464782715],[-44.2386474609375,-22.871723175048828],[-44.244583129882756,-22.868070602416992],[-44.246177673339844,-22.862388610839844],[-44.24795150756836,-22.857162475585938],[-44.26083755493164,-22.847587585449105],[-44.279392242431584,-22.845771789550668],[-44.28198623657215,-22.842002868652344],[-44.29645156860346,-22.84489631652832],[-44.30200195312494,-22.854101181030217],[-44.31148147583008,-22.84376335144043],[-44.320381164550724,-22.845111846923828],[-44.32185363769531,-22.845333099365234],[-44.32042694091797,-22.840465545654297],[-44.32657241821289,-22.83825492858881],[-44.3741836547851,-22.858076095581055],[-44.38730239868164,-22.857736587524357],[-44.39203643798817,-22.852634429931584],[-44.40162658691406,-22.854566574096623],[-44.40309906005848,-22.84852981567377],[-44.41334533691406,-22.848237991333008],[-44.421951293945256,-22.85149574279785],[-44.42667007446289,-22.855693817138558],[-44.43708801269531,-22.87119102478016],[-44.44404602050781,-22.87549209594721],[-44.45085906982416,-22.878499984741154],[-44.46694564819336,-22.885053634643555],[-44.471652984619084,-22.876062393188477],[-44.476844787597656,-22.8742733001709],[-44.47605133056635,-22.867973327636662],[-44.480903625488224,-22.866308212280217],[-44.47636795043945,-22.85633659362793],[-44.479732513427734,-22.851360321044922],[-44.48433303833002,-22.84645271301264],[-44.49467468261719,-22.846483230590763],[-44.50582504272461,-22.851858139038086],[-44.51945495605469,-22.865304946899414],[-44.53297042846674,-22.86922264099121],[-44.545623779296875,-22.88124656677246],[-44.54417037963867,-22.884925842285156],[-44.55517578124994,-22.889081954955998],[-44.575901031494084,-22.878604888916016],[-44.60056686401367,-22.8887882232666],[-44.60701370239258,-22.88568115234375],[-44.62907028198242,-22.904611587524414],[-44.63502883911127,-22.90713882446289],[-44.63896560668945,-22.9141845703125],[-44.629905700683594,-22.91758918762207],[-44.62145614624018,-22.93930816650385],[-44.61030960083002,-22.939476013183594],[-44.605625152587834,-22.943611145019474],[-44.59457015991205,-22.947715759277287],[-44.57667541503906,-22.94739913940424],[-44.56179046630848,-22.954851150512695],[-44.557483673095646,-22.963024139404297],[-44.559898376464844,-22.97197723388672],[-44.55506896972656,-22.974466323852482],[-44.550209045410156,-22.972740173339844],[-44.54290390014643,-22.986440658569336],[-44.5450439453125,-22.992023468017578],[-44.54140090942383,-22.9986515045166],[-44.545623779296875,-23.006395339965763],[-44.54948425292963,-23.006402969360295],[-44.54892349243164,-23.009519577026367],[-44.54415130615223,-23.008743286132756],[-44.546787261962834,-23.020566940307617],[-44.53932571411133,-23.023939132690373],[-44.539241790771484,-23.02386474609375],[-44.53180694580078,-23.027360916137695]]]]},"properties":{"id_cidade":3300100,"cidade":"Angra dos Reis","id_microrregiao":330513,"id_mesorregiao":3305,"id_estado":33,"id_regiao":3}},{"type":"Feature","geometry":{"type":"Polygon","coordinates":[[[-42.17756271362305,-21.689973831176758],[-42.158935546875,-21.692686080932617],[-42.157501220703125,-21.69316291809082],[-42.14974975585932,-21.692911148071232],[-42.13373184204096,-21.704252243041935],[-42.1183967590332,-21.697002410888672],[-42.11359024047846,-21.686990737914982],[-42.11161041259754,-21.684194564819336],[-42.08884048461914,-21.666301727294922],[-42.08456039428711,-21.66358757019043],[-42.07219696044916,-21.65636253356928],[-42.042240142822266,-21.63438606262207],[-42.04122543334955,-21.6334228515625],[-42.059688568115234,-21.636362075805607],[-42.07411575317377,-21.63307952880848],[-42.078010559081974,-21.626676559448242],[-42.092681884765625,-21.62774658203125],[-42.09549331665028,-21.624813079833984],[-42.110561370849496,-21.61418342590332],[-42.11328125,-21.612651824951115],[-42.11620330810547,-21.61071014404297],[-42.11553192138672,-21.604465484619084],[-42.11828994750965,-21.603313446044865],[-42.12115097045887,-21.607145309448242],[-42.122482299804574,-21.602767944335938],[-42.13342666625971,-21.60250282287592],[-42.13597869873047,-21.606443405151367],[-42.13953781127924,-21.605205535888615],[-42.140674591064396,-21.611022949218693],[-42.157920837402344,-21.619524002075195],[-42.16742706298828,-21.633016586303654],[-42.16651535034174,-21.63904571533203],[-42.17027282714844,-21.64417266845703],[-42.19253158569336,-21.658542633056527],[-42.1965599060058,-21.667221069335824],[-42.18540191650385,-21.676124572753906],[-42.18650817871094,-21.679161071777344],[-42.17756271362305,-21.689973831176758]]]},"properties":{"id_cidade":3300159,"cidade":"Aperibé","id_microrregiao":330102,"id_mesorregiao":3301,"id_estado":33,"id_regiao":3}},{"type":"Feature","geometry":{"type":"Polygon","coordinates":[[[-42.367351531982365,-22.934583663940373],[-42.36652755737293,-22.934860229492188],[-42.36541748046875,-22.934583663940373],[-42.36319351196278,-22.934583663940373],[-42.3618049621582,-22.934305191039982],[-42.35930633544922,-22.934305191039982],[-42.357639312744084,-22.934860229492188],[-42.347084045410156,-22.934860229492188],[-42.34569549560547,-22.935693740844727],[-42.33180618286127,-22.935693740844727],[-42.33124923706055,-22.936250686645508],[-42.328472137451115,-22.935972213745117],[-42.321529388427734,-22.935972213745117],[-42.3198623657226,-22.93652725219721],[-42.31930541992182,-22.936250686645508],[-42.317359924316406,-22.93652725219721],[-42.312915802001896,-22.93652725219721],[-42.311248779296875,-22.937082290649357],[-42.3059730529784,-22.937082290649357],[-42.30430603027344,-22.93763923645014],[-42.303195953369084,-22.937360763549748],[-42.29986190795893,-22.937360763549748],[-42.29763793945307,-22.93763923645014],[-42.29680633544916,-22.93819236755371],[-42.29569625854492,-22.93763923645014],[-42.29430389404291,-22.93819236755371],[-42.29148864746094,-22.93819236755371],[-42.291362762451115,-22.934663772583008],[-42.29131317138672,-22.92855072021473],[-42.278995513916016,-22.92293739318842],[-42.27556228637695,-22.914516448974553],[-42.27761840820307,-22.906932830810547],[-42.28414535522461,-22.90059280395502],[-42.23802947998047,-22.864160537719727],[-42.24947738647455,-22.848884582519474],[-42.24011993408203,-22.840417861938477],[-42.25456237792963,-22.79180908203125],[-42.22900390624994,-22.77635955810547],[-42.21914291381836,-22.770517349243164],[-42.167366027831974,-22.679824829101506],[-42.13261795043945,-22.652851104736328],[-42.18255233764643,-22.552656173705998],[-42.186424255371094,-22.55097007751465],[-42.187862396240234,-22.555080413818303],[-42.193332672119084,-22.5584716796875],[-42.192787170410156,-22.56707000732422],[-42.19664764404291,-22.57358551025385],[-42.19928741455078,-22.57689094543457],[-42.20302963256836,-22.575292587280273],[-42.20439910888666,-22.581157684326172],[-42.21517562866205,-22.586517333984375],[-42.21556472778309,-22.591779708862305],[-42.21912384033203,-22.5937881469726],[-42.219837188720646,-22.590591430664062],[-42.22740936279297,-22.592998504638672],[-42.22663879394531,-22.59630584716797],[-42.23825073242182,-22.59980392456049],[-42.23308563232416,-22.604503631591797],[-42.23749542236317,-22.609426498413086],[-42.2410049438476,-22.60824966430664],[-42.24869918823242,-22.613182067871094],[-42.26320266723633,-22.608140945434513],[-42.28367614746094,-22.623735427856445],[-42.29737472534174,-22.624559402465763],[-42.31283950805653,-22.6416339874267],[-42.32416152954096,-22.68378257751459],[-42.33181762695301,-22.69615936279297],[-42.3328971862793,-22.704645156860295],[-42.34570312499994,-22.710823059081974],[-42.361362457275334,-22.713148117065373],[-42.3635635375976,-22.71967124938965],[-42.37001037597656,-22.724201202392578],[-42.3801155090332,-22.71874618530262],[-42.39573287963867,-22.72162628173828],[-42.40122985839838,-22.730815887451172],[-42.40486907958973,-22.732303619384766],[-42.410926818847656,-22.72920036315918],[-42.42008972167963,-22.73632621765131],[-42.44139480590809,-22.731506347656193],[-42.44873428344715,-22.823509216308594],[-42.370567321777344,-22.835714340209847],[-42.37503433227539,-22.852272033691406],[-42.38345718383789,-22.884170532226506],[-42.38761520385742,-22.896022796630803],[-42.37837219238281,-22.908632278442326],[-42.368778228759766,-22.932144165039006],[-42.367351531982365,-22.934583663940373]]]},"properties":{"id_cidade":3300209,"cidade":"Araruama","id_microrregiao":330410,"id_mesorregiao":3304,"id_estado":33,"id_regiao":3}},{"type":"Feature","geometry":{"type":"Polygon","coordinates":[[[-43.04746627807617,-22.208782196044865],[-43.048679351806584,-22.20680618286127],[-43.05909729003906,-22.189855575561467],[-43.0514564514159,-22.182281494140568],[-43.0427360534668,-22.179780960083008],[-43.03996658325195,-22.169147491455078],[-43.03479766845703,-22.16692543029785],[-43.03807830810541,-22.16349792480463],[-43.05535507202143,-22.164800643920785],[-43.08129882812494,-22.18122482299799],[-43.093601226806584,-22.183553695678654],[-43.09524917602539,-22.191314697265625],[-43.09809875488281,-22.192859649658146],[-43.10432052612305,-22.1923885345459],[-43.10885620117182,-22.19995689392084],[-43.119419097900334,-22.199634552001896],[-43.13115692138666,-22.19135093688965],[-43.14229202270508,-22.194570541381836],[-43.164348602294865,-22.185550689697266],[-43.166458129882756,-22.186470031738224],[-43.167938232421875,-22.18735694885254],[-43.163803100585824,-22.192916870117188],[-43.1596565246582,-22.193195343017578],[-43.16050720214844,-22.203378677368164],[-43.1630744934082,-22.212385177612248],[-43.16724395751953,-22.214609146118164],[-43.16391372680664,-22.22422218322754],[-43.17296600341797,-22.243255615234375],[-43.17732620239252,-22.26478195190424],[-43.175106048583984,-22.26991653442377],[-43.18299102783203,-22.296455383300668],[-43.17779541015619,-22.29932403564453],[-43.181495666503906,-22.301073074340763],[-43.174751281738224,-22.312570571899414],[-43.17329788208008,-22.309747695922795],[-43.161468505859375,-22.311328887939396],[-43.155857086181584,-22.306785583496094],[-43.151374816894474,-22.30796241760254],[-43.14630126953125,-22.304540634155273],[-43.145545959472656,-22.297527313232422],[-43.13755035400385,-22.294782638549748],[-43.12936019897455,-22.27904319763178],[-43.12704086303711,-22.275291442871094],[-43.11054611206055,-22.28382110595703],[-43.1090469360351,-22.282114028930664],[-43.101325988769474,-22.264514923095703],[-43.09507369995117,-22.26635551452631],[-43.09048843383789,-22.26156997680664],[-43.09101486206049,-22.250776290893555],[-43.09393310546875,-22.2421817779541],[-43.08935546875,-22.237215042114258],[-43.08118820190424,-22.227886199951058],[-43.0645637512207,-22.218301773071175],[-43.04746627807617,-22.208782196044865]]]},"properties":{"id_cidade":3300225,"cidade":"Areal","id_microrregiao":330305,"id_mesorregiao":3303,"id_estado":33,"id_regiao":3}},{"type":"Feature","geometry":{"type":"MultiPolygon","coordinates":[[[[-41.922637939453125,-22.81208419799799],[-41.92375183105469,-22.81208419799799],[-41.9240264892577,-22.813194274902344],[-41.92013931274414,-22.81597137451172],[-41.91986083984375,-22.81708335876459],[-41.918750762939396,-22.817638397216683],[-41.917362213134766,-22.81708335876459],[-41.917640686035156,-22.815139770507756],[-41.91930389404297,-22.814861297607365],[-41.92041778564453,-22.813749313354435],[-41.92152786254877,-22.813194274902344],[-41.922637939453125,-22.81208419799799]]],[[[-41.789306640625,-22.7670841217041],[-41.79041671752918,-22.767360687255803],[-41.79069519042963,-22.767917633056584],[-41.792362213134766,-22.769027709960938],[-41.79402923583979,-22.769861221313477],[-41.79486083984369,-22.77152824401844],[-41.79430389404291,-22.772083282470703],[-41.79347229003906,-22.771804809570312],[-41.787918090820256,-22.771804809570312],[-41.78569412231445,-22.77152824401844],[-41.78430557250971,-22.77069473266596],[-41.78486251831049,-22.768472671508732],[-41.78708267211914,-22.768472671508732],[-41.78902816772461,-22.767639160156193],[-41.789306640625,-22.7670841217041]]],[[[-41.92097091674793,-22.72125053405756],[-41.9234733581543,-22.72125053405756],[-41.9254150390625,-22.722082138061523],[-41.92569351196289,-22.72319221496582],[-41.92708206176758,-22.72319221496582],[-41.92652893066406,-22.72458267211914],[-41.92514038085932,-22.72458267211914],[-41.924304962158146,-22.725139617919922],[-41.922916412353516,-22.72541427612299],[-41.92069625854492,-22.72541427612299],[-41.91986083984375,-22.72486114501953],[-41.92013931274414,-22.722917556762695],[-41.91958236694336,-22.721805572509766],[-41.92097091674793,-22.72125053405756]]],[[[-41.82319259643549,-22.771249771118164],[-41.82597351074213,-22.771249771118164],[-41.827362060546875,-22.77152824401844],[-41.827083587646484,-22.772916793823242],[-41.826526641845646,-22.773471832275334],[-41.826526641845646,-22.77541732788086],[-41.82569503784174,-22.7765274047851],[-41.82430648803711,-22.7765274047851],[-41.82402801513672,-22.77513885498047],[-41.822639465331974,-22.77513885498047],[-41.82097244262695,-22.773750305175724],[-41.82097244262695,-22.772638320922795],[-41.8198623657226,-22.772361755371094],[-41.82041549682617,-22.77152824401844],[-41.821250915527344,-22.772361755371094],[-41.822639465331974,-22.772361755371094],[-41.82319259643549,-22.771249771118164]]],[[[-41.97002029418945,-22.82263946533203],[-41.9676399230957,-22.82263946533203],[-41.966526031494084,-22.821807861328068],[-41.96597290039057,-22.820138931274357],[-41.964027404785156,-22.81958580017084],[-41.96263885498041,-22.81958580017084],[-41.96041488647461,-22.819026947021484],[-41.96014022827143,-22.81958580017084],[-41.958194732666016,-22.81958580017084],[-41.95486068725586,-22.81624984741211],[-41.95013809204096,-22.814306259155273],[-41.94847106933594,-22.813749313354435],[-41.94791793823242,-22.813194274902344],[-41.94569396972656,-22.813194274902344],[-41.944862365722656,-22.814306259155273],[-41.943195343017464,-22.814306259155273],[-41.94208526611328,-22.813749313354435],[-41.94180679321289,-22.812360763549805],[-41.94124984741205,-22.8118057250976],[-41.94124984741205,-22.81069374084467],[-41.93958282470703,-22.81069374084467],[-41.938472747802734,-22.810138702392578],[-41.934307098388615,-22.810138702392578],[-41.93319320678711,-22.81041717529297],[-41.93291473388672,-22.8118057250976],[-41.93291473388672,-22.813472747802734],[-41.93180465698242,-22.814306259155273],[-41.930137634277344,-22.813749313354435],[-41.928749084472656,-22.81541633605957],[-41.927360534667855,-22.814306259155273],[-41.92680740356445,-22.81208419799799],[-41.92597198486328,-22.81208419799799],[-41.92486190795893,-22.809028625488224],[-41.92486190795893,-22.807083129882812],[-41.92597198486328,-22.807083129882812],[-41.92708206176758,-22.807918548583984],[-41.92847061157221,-22.807918548583984],[-41.92902755737305,-22.80652618408203],[-41.93041610717762,-22.805696487426758],[-41.930137634277344,-22.804027557373047],[-41.930137634277344,-22.80208206176752],[-41.92902755737305,-22.799304962158146],[-41.92847061157221,-22.798749923706055],[-41.927360534667855,-22.79597282409668],[-41.92597198486328,-22.795417785644418],[-41.924304962158146,-22.792085647583008],[-41.922637939453125,-22.790693283080998],[-41.922637939453125,-22.79013824462885],[-41.92152786254877,-22.789581298828068],[-41.92152786254877,-22.78874969482422],[-41.91958236694336,-22.78736114501953],[-41.9162483215332,-22.784027099609375],[-41.91597366333008,-22.783193588256836],[-41.91597366333008,-22.78125],[-41.91485977172846,-22.78097152709961],[-41.91402816772461,-22.779861450195256],[-41.91180419921869,-22.779304504394418],[-41.910972595214844,-22.7784748077392],[-41.90930557250971,-22.778749465942326],[-41.90680694580078,-22.777914047241154],[-41.90486145019531,-22.779304504394418],[-41.903751373291016,-22.779584884643555],[-41.90458297729492,-22.782083511352482],[-41.90402603149414,-22.78236198425293],[-41.903751373291016,-22.783750534057617],[-41.902637481689396,-22.783472061157227],[-41.901248931884766,-22.783750534057617],[-41.89847183227539,-22.783750534057617],[-41.89680480957031,-22.784584045410156],[-41.89680480957031,-22.78569412231434],[-41.89541625976551,-22.785972595214787],[-41.894859313964844,-22.786527633666992],[-41.89374923706055,-22.786527633666992],[-41.89263916015619,-22.785972595214787],[-41.89152908325195,-22.784027099609375],[-41.89152908325195,-22.782638549804574],[-41.88986206054682,-22.78152847290039],[-41.88708496093744,-22.78041458129877],[-41.88708496093744,-22.777914047241154],[-41.88541793823242,-22.779304504394418],[-41.88402938842768,-22.78180694580078],[-41.88402938842768,-22.783750534057617],[-41.88430404663086,-22.784860610961857],[-41.883472442626896,-22.78541755676264],[-41.881805419921875,-22.785139083862248],[-41.88097381591797,-22.784305572509766],[-41.88097381591797,-22.78041458129877],[-41.881805419921875,-22.78013610839838],[-41.881248474121094,-22.778749465942326],[-41.882362365722656,-22.7765274047851],[-41.88375091552729,-22.77541732788086],[-41.88486099243164,-22.77402687072754],[-41.885971069335824,-22.773750305175724],[-41.887916564941406,-22.77402687072754],[-41.8881950378418,-22.772638320922795],[-41.88902664184559,-22.772361755371094],[-41.88874816894531,-22.771249771118164],[-41.887916564941406,-22.770139694213867],[-41.88680648803705,-22.769582748413086],[-41.88680648803705,-22.769027709960938],[-41.88569259643555,-22.768194198608285],[-41.88430404663086,-22.768194198608285],[-41.88375091552729,-22.769306182861328],[-41.88402938842768,-22.771804809570312],[-41.882083892822266,-22.772916793823242],[-41.882083892822266,-22.77402687072754],[-41.881526947021484,-22.77513885498047],[-41.88041687011713,-22.77513885498047],[-41.87985992431635,-22.77569389343256],[-41.87819290161133,-22.775972366333008],[-41.8779182434082,-22.777360916137695],[-41.875972747802734,-22.777360916137695],[-41.875972747802734,-22.7765274047851],[-41.877639770507756,-22.77569389343256],[-41.877082824706974,-22.774583816528207],[-41.877639770507756,-22.773471832275334],[-41.877639770507756,-22.770416259765568],[-41.8765296936034,-22.769582748413086],[-41.877082824706974,-22.7670841217041],[-41.8779182434082,-22.7670841217041],[-41.877639770507756,-22.76569366455078],[-41.876804351806584,-22.76513862609852],[-41.876251220703125,-22.764028549194336],[-41.875972747802734,-22.7623615264892],[-41.87513732910156,-22.7623615264892],[-41.87513732910156,-22.76430320739746],[-41.87541580200195,-22.765972137451172],[-41.87458419799805,-22.7670841217041],[-41.87347412109369,-22.7670841217041],[-41.87236022949219,-22.766250610351562],[-41.87236022949219,-22.763750076293945],[-41.87152862548828,-22.762081146240234],[-41.87097167968744,-22.762081146240234],[-41.86958312988281,-22.763750076293945],[-41.868751525878906,-22.763750076293945],[-41.866249084472656,-22.762638092041016],[-41.86513900756836,-22.761528015136662],[-41.86486053466791,-22.75958251953125],[-41.86347198486328,-22.756805419921875],[-41.86347198486328,-22.754306793212834],[-41.86486053466791,-22.75347137451172],[-41.86569595336914,-22.752361297607422],[-41.86708450317377,-22.752361297607422],[-41.86902618408203,-22.754306793212834],[-41.86930465698242,-22.75513839721674],[-41.87152862548828,-22.75513839721674],[-41.87236022949219,-22.754306793212834],[-41.87291717529297,-22.752914428710938],[-41.87374877929682,-22.752639770507812],[-41.873195648193246,-22.751527786254883],[-41.873195648193246,-22.749860763549748],[-41.87263870239258,-22.749582290649357],[-41.87263870239258,-22.748472213745117],[-41.871250152587834,-22.747638702392464],[-41.87069320678705,-22.74541664123535],[-41.86958312988281,-22.744583129882756],[-41.868194580078125,-22.742916107177734],[-41.868194580078125,-22.741247177124023],[-41.87014007568348,-22.739585876464844],[-41.87041854858393,-22.73902511596674],[-41.87263870239258,-22.73708534240717],[-41.8743057250976,-22.73736381530756],[-41.8743057250976,-22.739585876464844],[-41.87402725219721,-22.74069595336914],[-41.87486267089844,-22.74180793762207],[-41.8779182434082,-22.742082595825195],[-41.87985992431635,-22.739585876464844],[-41.882362365722656,-22.74041748046875],[-41.882362365722656,-22.742916107177734],[-41.883472442626896,-22.743749618530217],[-41.88402938842768,-22.744861602783146],[-41.883472442626896,-22.74513816833496],[-41.882915496826115,-22.747083663940373],[-41.882915496826115,-22.750415802001953],[-41.88402938842768,-22.750415802001953],[-41.88458251953125,-22.750974655151367],[-41.88458251953125,-22.753196716308594],[-41.88569259643555,-22.75347137451172],[-41.887638092041016,-22.75458335876465],[-41.88986206054682,-22.75513839721674],[-41.89125061035156,-22.75486183166504],[-41.893196105956974,-22.75486183166504],[-41.895137786865234,-22.75374984741211],[-41.89541625976551,-22.751804351806584],[-41.89680480957031,-22.751249313354492],[-41.8970832824707,-22.749305725097656],[-41.898193359375,-22.749305725097656],[-41.89958190917963,-22.750415802001953],[-41.90069580078125,-22.75069236755371],[-41.901248931884766,-22.752361297607422],[-41.901248931884766,-22.75374984741211],[-41.90180587768543,-22.755695343017578],[-41.90430450439453,-22.755695343017578],[-41.90430450439453,-22.75652885437006],[-41.90597152709955,-22.75652885437006],[-41.90763854980469,-22.75513839721674],[-41.91041564941406,-22.75513839721674],[-41.91152954101551,-22.75652885437006],[-41.91180419921869,-22.758472442626953],[-41.91013717651367,-22.758472442626953],[-41.90930557250971,-22.759305953979435],[-41.90930557250971,-22.76180648803711],[-41.90986251831055,-22.7623615264892],[-41.909584045410156,-22.76541519165039],[-41.91013717651367,-22.766250610351562],[-41.910972595214844,-22.766525268554574],[-41.911251068115234,-22.768472671508732],[-41.91319274902344,-22.768472671508732],[-41.91347122192383,-22.770139694213867],[-41.91402816772461,-22.770139694213867],[-41.91513824462885,-22.771249771118164],[-41.922637939453125,-22.771249771118164],[-41.924304962158146,-22.77069473266596],[-41.92458343505854,-22.770139694213867],[-41.92652893066406,-22.770139694213867],[-41.927360534667855,-22.769306182861328],[-41.92958450317383,-22.768749237060547],[-41.9323616027832,-22.767360687255803],[-41.932640075683594,-22.766525268554574],[-41.934307098388615,-22.765972137451172],[-41.93513870239258,-22.76513862609852],[-41.93736267089838,-22.763471603393555],[-41.93736267089838,-22.762916564941406],[-41.938751220703125,-22.7623615264892],[-41.93930435180664,-22.76097106933588],[-41.94069290161127,-22.76041603088379],[-41.94069290161127,-22.75958251953125],[-41.94180679321289,-22.759305953979435],[-41.94208526611328,-22.758472442626953],[-41.94291687011719,-22.758193969726506],[-41.94291687011719,-22.757360458374023],[-41.944583892822266,-22.755695343017578],[-41.944862365722656,-22.75486183166504],[-41.94569396972656,-22.75458335876465],[-41.94597244262695,-22.75347137451172],[-41.9468040466308,-22.752639770507812],[-41.9468040466308,-22.751804351806584],[-41.947639465331974,-22.75069236755371],[-41.94819259643555,-22.75069236755371],[-41.94985961914057,-22.747638702392464],[-41.95069503784174,-22.746805191039982],[-41.95069503784174,-22.74513816833496],[-41.95124816894531,-22.744583129882756],[-41.95124816894531,-22.743194580078125],[-41.95430374145508,-22.74069595336914],[-41.95458221435547,-22.739585876464844],[-41.95624923706049,-22.737916946411133],[-41.95708465576166,-22.73736381530756],[-41.957359313964844,-22.735971450805664],[-41.957916259765625,-22.73541641235346],[-41.957916259765625,-22.733749389648438],[-41.95652770996088,-22.733194351196175],[-41.95513916015625,-22.733194351196175],[-41.95458221435547,-22.732639312744084],[-41.95458221435547,-22.73152732849121],[-41.95624923706049,-22.73152732849121],[-41.957359313964844,-22.732639312744084],[-41.958473205566406,-22.732639312744084],[-41.95902633666981,-22.732084274291992],[-41.96541595458973,-22.732084274291992],[-41.96597290039057,-22.73152732849121],[-41.9676399230957,-22.731250762939453],[-41.969306945800724,-22.730693817138672],[-41.969306945800724,-22.729860305786133],[-41.97041702270508,-22.728750228881836],[-41.9720840454101,-22.729028701782227],[-41.972915649414006,-22.73013877868641],[-41.974029541015625,-22.73013877868641],[-41.974388122558594,-22.7305908203125],[-42.00847244262695,-22.776697158813477],[-42.00877380371088,-22.781667709350586],[-42.00223159790039,-22.79574775695795],[-41.97567749023432,-22.816957473754883],[-41.976806640625,-22.818248748779297],[-41.97002029418945,-22.82263946533203]]],[[[-41.946250915527344,-22.73652839660633],[-41.94708251953119,-22.737638473510685],[-41.9468040466308,-22.73986053466797],[-41.94569396972656,-22.74069595336914],[-41.94402694702143,-22.741247177124023],[-41.94291687011719,-22.741247177124023],[-41.94124984741205,-22.74013900756836],[-41.94124984741205,-22.738750457763615],[-41.94180679321289,-22.738471984863224],[-41.944583892822266,-22.738471984863224],[-41.944583892822266,-22.73736381530756],[-41.946250915527344,-22.73652839660633]]]]},"properties":{"id_cidade":3300233,"cidade":"Armação dos Búzios","id_microrregiao":330410,"id_mesorregiao":3304,"id_estado":33,"id_regiao":3}},{"type":"Feature","geometry":{"type":"MultiPolygon","coordinates":[[[[-41.9912490844726,-22.962360382080078],[-41.993194580078125,-22.962360382080078],[-41.993473052978516,-22.964582443237305],[-41.99402618408192,-22.966249465942326],[-41.99402618408192,-22.96902847290039],[-41.993473052978516,-22.969583511352482],[-41.9912490844726,-22.969583511352482],[-41.989028930664006,-22.96930694580078],[-41.987640380859375,-22.968196868896428],[-41.987361907958984,-22.96680450439453],[-41.98513793945307,-22.96430587768549],[-41.984584808349496,-22.96291732788086],[-41.987640380859375,-22.96291732788086],[-41.98791503906244,-22.96347236633295],[-41.9912490844726,-22.962360382080078]]],[[[-41.977638244628906,-22.97763824462885],[-41.979862213134766,-22.97791671752924],[-41.98097229003906,-22.97847175598139],[-41.982639312744084,-22.97847175598139],[-41.98347091674805,-22.97958564758295],[-41.98347091674805,-22.980415344238224],[-41.9859733581543,-22.980693817138615],[-41.987361907958984,-22.981807708740234],[-41.987640380859375,-22.98291778564453],[-41.98986053466797,-22.98402976989746],[-41.98986053466797,-22.984582901000863],[-41.9912490844726,-22.98486137390131],[-41.99208450317377,-22.985416412353516],[-41.99236297607422,-22.986528396606445],[-41.993751525878906,-22.987361907958928],[-41.994861602783146,-22.98847007751459],[-41.99569320678711,-22.988750457763672],[-41.99625015258789,-22.98958206176752],[-41.99625015258789,-22.991249084472656],[-41.997360229492074,-22.991527557373047],[-41.99763870239252,-22.99208259582514],[-41.999305725097656,-22.991527557373047],[-42.00097274780268,-22.990692138671875],[-42.00180435180664,-22.990972518920785],[-42.00319290161133,-22.992639541625977],[-42.00347137451172,-22.99402618408203],[-42.00347137451172,-22.997638702392578],[-42.00319290161133,-22.998750686645508],[-42.00319290161133,-23.000415802001953],[-42.004306793212834,-23.002082824706918],[-42.00569534301758,-23.00291633605957],[-42.0073623657226,-23.002639770507756],[-42.008750915527344,-23.000972747802734],[-42.00958251953125,-23.000972747802734],[-42.01152801513672,-22.9993057250976],[-42.012638092041016,-22.998750686645508],[-42.013748168945256,-22.999860763549805],[-42.013748168945256,-23.001249313354435],[-42.01319503784168,-23.002361297607365],[-42.01069259643549,-23.004861831664982],[-42.01069259643549,-23.005416870117074],[-42.006526947021484,-23.009582519531193],[-42.0073623657226,-23.011249542236328],[-42.00597381591797,-23.013471603393498],[-42.00541687011719,-23.01375007629389],[-42.0051383972168,-23.014860153198242],[-42.00180435180664,-23.014860153198242],[-42.00152587890619,-23.015417098999023],[-42.00152587890619,-23.01736068725586],[-42.00097274780268,-23.017915725708008],[-41.99958419799805,-23.01763916015625],[-41.99986267089844,-23.015693664550724],[-41.999305725097656,-23.015138626098633],[-41.997360229492074,-23.015693664550724],[-41.9970817565918,-23.016527175903207],[-41.99569320678711,-23.01708221435547],[-41.994304656982365,-23.016805648803654],[-41.993194580078125,-23.015138626098633],[-41.992916107177734,-23.01375007629389],[-41.993751525878906,-23.013195037841797],[-41.99652862548828,-23.013195037841797],[-41.99680709838867,-23.010972976684513],[-41.99763870239252,-23.010694503784123],[-41.99680709838867,-23.008750915527287],[-41.99652862548828,-23.006526947021428],[-41.994861602783146,-23.005971908569336],[-41.993473052978516,-23.004861831664982],[-41.992637634277344,-23.004861831664982],[-41.99180603027338,-23.0040283203125],[-41.98930740356445,-23.00374984741211],[-41.988193511962834,-23.004861831664982],[-41.9868049621582,-23.004861831664982],[-41.98652648925781,-23.005416870117074],[-41.984584808349496,-23.005138397216797],[-41.98485946655268,-23.0040283203125],[-41.98374938964844,-23.00347137451172],[-41.98374938964844,-23.001806259155217],[-41.98319625854492,-23.001806259155217],[-41.98152923583973,-22.999860763549805],[-41.979862213134766,-22.99958419799799],[-41.97930526733393,-22.998750686645508],[-41.977638244628906,-22.99819374084467],[-41.977638244628906,-22.995971679687443],[-41.978195190429574,-22.994304656982422],[-41.977638244628906,-22.993749618530273],[-41.97597122192377,-22.99347305297846],[-41.97458267211914,-22.9929141998291],[-41.973751068115234,-22.990972518920785],[-41.973751068115234,-22.98930549621582],[-41.97513961791981,-22.98847007751459],[-41.975418090820256,-22.986251831054574],[-41.97597122192377,-22.985416412353516],[-41.97652816772461,-22.98347282409668],[-41.97652816772461,-22.979303359985295],[-41.977638244628906,-22.97763824462885]]],[[[-42.23802947998047,-22.864160537719727],[-42.28414535522461,-22.90059280395502],[-42.27761840820307,-22.906932830810547],[-42.27556228637695,-22.914516448974553],[-42.278995513916016,-22.92293739318842],[-42.29131317138672,-22.92855072021473],[-42.291362762451115,-22.934663772583008],[-42.29148864746094,-22.93819236755371],[-42.285972595214844,-22.93819236755371],[-42.285972595214844,-22.93847274780262],[-42.28069305419916,-22.93847274780262],[-42.2801399230957,-22.939027786254883],[-42.278751373291016,-22.93847274780262],[-42.2754173278808,-22.939027786254883],[-42.27097320556629,-22.939027786254883],[-42.269859313964844,-22.939582824706974],[-42.2684707641601,-22.939304351806584],[-42.26652908325195,-22.939304351806584],[-42.26514053344721,-22.939861297607422],[-42.25986099243164,-22.939861297607422],[-42.25986099243164,-22.940139770507812],[-42.25319290161133,-22.940139770507812],[-42.25319290161133,-22.940414428710938],[-42.241249084472656,-22.940414428710938],[-42.241249084472656,-22.940696716308594],[-42.236804962158146,-22.940696716308594],[-42.236804962158146,-22.94097137451172],[-42.23236083984375,-22.94097137451172],[-42.23236083984375,-22.94124984741211],[-42.2279167175293,-22.94124984741211],[-42.2279167175293,-22.9415283203125],[-42.22486114501953,-22.9415283203125],[-42.22486114501953,-22.941806793212777],[-42.222084045410156,-22.94208335876465],[-42.21902847290039,-22.94208335876465],[-42.21902847290039,-22.94236183166504],[-42.21486282348627,-22.94236183166504],[-42.21486282348627,-22.942636489868164],[-42.210414886474496,-22.942636489868164],[-42.210414886474496,-22.94291877746582],[-42.20624923706055,-22.94291877746582],[-42.20624923706055,-22.943195343017578],[-42.202640533447266,-22.943195343017578],[-42.202640533447266,-22.94347190856928],[-42.19902801513666,-22.94347190856928],[-42.19902801513666,-22.94375038146967],[-42.19124984741211,-22.94375038146967],[-42.18958282470703,-22.944305419921875],[-42.18402862548828,-22.944305419921875],[-42.18402862548828,-22.944583892822266],[-42.17902755737299,-22.944583892822266],[-42.178470611572266,-22.94514083862299],[-42.176528930664006,-22.945417404174805],[-42.17152786254883,-22.945417404174805],[-42.17152786254883,-22.945693969726506],[-42.16708374023432,-22.945693969726506],[-42.16708374023432,-22.945972442626896],[-42.16347122192377,-22.945972442626896],[-42.16347122192377,-22.946250915527344],[-42.160137176513615,-22.946250915527344],[-42.160137176513615,-22.946527481078988],[-42.15652847290028,-22.946527481078988],[-42.15652847290028,-22.946805953979435],[-42.152915954589844,-22.946805953979435],[-42.152915954589844,-22.94708251953125],[-42.14986038208008,-22.94708251953125],[-42.14986038208008,-22.947362899780217],[-42.145973205566406,-22.947362899780217],[-42.140972137451115,-22.94791603088379],[-42.140972137451115,-22.94819450378418],[-42.13791656494135,-22.94819450378418],[-42.13569259643555,-22.94847106933588],[-42.1343040466308,-22.949028015136662],[-42.13180541992182,-22.949304580688477],[-42.12874984741205,-22.949306488037053],[-42.12874984741205,-22.949581146240234],[-42.125415802001896,-22.949581146240234],[-42.125415802001896,-22.9498615264892],[-42.12208175659174,-22.9498615264892],[-42.12208175659174,-22.950138092041016],[-42.11652755737305,-22.950138092041016],[-42.11486053466797,-22.950693130493107],[-42.11208343505854,-22.950693130493107],[-42.110416412353516,-22.951250076293945],[-42.105972290039006,-22.95180320739746],[-42.10291671752924,-22.95180320739746],[-42.10291671752924,-22.952083587646428],[-42.09930419921869,-22.95291519165039],[-42.09541702270508,-22.953472137451172],[-42.09347152709955,-22.953472137451172],[-42.09236145019531,-22.954025268554688],[-42.08541488647461,-22.954025268554688],[-42.0831947326659,-22.954307556152344],[-42.082359313964844,-22.954860687255803],[-42.07680511474598,-22.954860687255803],[-42.0756950378418,-22.955417633056584],[-42.07180404663086,-22.955972671508675],[-42.069305419921875,-22.955972671508675],[-42.06791687011713,-22.956247329711857],[-42.06680679321289,-22.956806182861328],[-42.06569290161133,-22.956806182861328],[-42.064582824706974,-22.957361221313477],[-42.06291580200195,-22.957639694213867],[-42.05986022949219,-22.957639694213867],[-42.05847167968744,-22.95819473266596],[-42.05541610717768,-22.958471298217773],[-42.05430603027344,-22.959304809570312],[-42.053470611572266,-22.959304809570312],[-42.051807403564396,-22.960416793823185],[-42.05097198486328,-22.960416793823185],[-42.04375076293945,-22.964027404785043],[-42.0426406860351,-22.964027404785043],[-42.04097366333008,-22.964582443237305],[-42.03985977172846,-22.965414047241097],[-42.03763961791992,-22.9659748077392],[-42.03652954101557,-22.967361450195256],[-42.03597259521479,-22.967361450195256],[-42.034305572509766,-22.96902847290039],[-42.0334739685058,-22.970693588256836],[-42.0334739685058,-22.971805572509766],[-42.032081604003906,-22.974306106567383],[-42.032081604003906,-22.97652816772461],[-42.03486251831055,-22.97624969482422],[-42.03513717651367,-22.97958564758295],[-42.0334739685058,-22.97958564758295],[-42.03180694580078,-22.981525421142578],[-42.03069305419922,-22.981525421142578],[-42.030139923095646,-22.98319435119629],[-42.02763748168945,-22.98319435119629],[-42.02708435058588,-22.98263931274414],[-42.02569580078125,-22.98236083984375],[-42.024028778076115,-22.98263931274414],[-42.022361755371094,-22.98263931274414],[-42.0212516784668,-22.98291778564453],[-42.02069473266596,-22.98374938964838],[-42.01985931396479,-22.98402976989746],[-42.01930618286133,-22.98486137390131],[-42.01930618286133,-22.985971450805664],[-42.01791763305664,-22.986251831054574],[-42.0173606872558,-22.987638473510742],[-42.0173606872558,-22.98930549621582],[-42.01791763305664,-22.990139007568303],[-42.01791763305664,-22.991249084472656],[-42.01652908325184,-22.991527557373047],[-42.01569366455078,-22.99208259582514],[-42.01597213745117,-22.993196487426758],[-42.01597213745117,-22.995136260986328],[-42.014026641845646,-22.997360229492188],[-42.012359619140625,-22.997360229492188],[-42.012359619140625,-22.995418548583984],[-42.01347351074213,-22.994304656982422],[-42.01347351074213,-22.993196487426758],[-42.012359619140625,-22.99208259582514],[-42.012359619140625,-22.990972518920785],[-42.012916564941406,-22.990139007568303],[-42.01319503784168,-22.98819351196289],[-42.012359619140625,-22.987083435058537],[-42.01069259643549,-22.986251831054574],[-42.008750915527344,-22.986251831054574],[-42.00847244262695,-22.98486137390131],[-42.007915496826115,-22.984306335449162],[-42.00819396972656,-22.981807708740234],[-42.00986099243164,-22.980415344238224],[-42.01013946533192,-22.97847175598139],[-42.01347351074213,-22.97847175598139],[-42.01430511474604,-22.97875022888178],[-42.01874923706055,-22.97875022888178],[-42.02041625976557,-22.97763824462885],[-42.02041625976557,-22.976804733276367],[-42.0212516784668,-22.975694656372013],[-42.0212516784668,-22.97347259521473],[-42.02041625976557,-22.971805572509766],[-42.01763916015619,-22.971250534057617],[-42.01652908325184,-22.971805572509766],[-42.014583587646484,-22.971805572509766],[-42.01347351074213,-22.970972061157227],[-42.0120849609375,-22.970972061157227],[-42.0120849609375,-22.970138549804688],[-42.01347351074213,-22.969583511352482],[-42.01569366455078,-22.968196868896428],[-42.01597213745117,-22.96680450439453],[-42.01541519165039,-22.965694427490234],[-42.01430511474604,-22.964860916137695],[-42.01430511474604,-22.96430587768549],[-42.012638092041016,-22.96430587768549],[-42.01013946533192,-22.965414047241097],[-42.00986099243164,-22.9659748077392],[-42.007915496826115,-22.9659748077392],[-42.00541687011719,-22.968196868896428],[-42.00541687011719,-22.96902847290039],[-42.00458145141596,-22.969583511352482],[-42.0029182434082,-22.96902847290039],[-42.00236129760742,-22.967361450195256],[-42.00208282470703,-22.965414047241097],[-42.00097274780268,-22.964860916137695],[-41.99847412109369,-22.965414047241097],[-41.997360229492074,-22.964582443237305],[-41.99625015258789,-22.964582443237305],[-41.994583129882756,-22.96291732788086],[-41.994861602783146,-22.961250305175724],[-41.9959716796875,-22.960416793823185],[-41.9959716796875,-22.959861755371094],[-41.99791717529291,-22.959304809570312],[-41.999027252197266,-22.958471298217773],[-41.99986267089844,-22.959583282470703],[-42.00208282470703,-22.959304809570312],[-42.00319290161133,-22.959861755371094],[-42.004306793212834,-22.959583282470703],[-42.00458145141596,-22.96180534362793],[-42.0073623657226,-22.96180534362793],[-42.009029388427734,-22.960695266723633],[-42.009029388427734,-22.959304809570312],[-42.007915496826115,-22.958471298217773],[-42.007915496826115,-22.956247329711857],[-42.007637023925724,-22.954307556152344],[-42.0051383972168,-22.954307556152344],[-42.00402832031244,-22.95319366455078],[-42.00402832031244,-22.952638626098633],[-42.0029182434082,-22.95180320739746],[-42.00180435180664,-22.95180320739746],[-42.00125122070307,-22.950416564941406],[-42.00180435180664,-22.9498615264892],[-42.003749847411996,-22.9498615264892],[-42.0051383972168,-22.950416564941406],[-42.00541687011719,-22.951528549194336],[-42.006526947021484,-22.952083587646428],[-42.01097106933588,-22.952083587646428],[-42.012916564941406,-22.95319366455078],[-42.013748168945256,-22.9545841217041],[-42.014583587646484,-22.9545841217041],[-42.01652908325184,-22.956247329711857],[-42.01652908325184,-22.957361221313477],[-42.01930618286133,-22.960695266723633],[-42.02013778686518,-22.961250305175724],[-42.02152633666992,-22.961250305175724],[-42.022640228271484,-22.960416793823185],[-42.024028778076115,-22.959861755371094],[-42.02597045898426,-22.957639694213867],[-42.02680587768549,-22.957361221313477],[-42.02680587768549,-22.956247329711857],[-42.02541732788086,-22.954860687255803],[-42.02486038208008,-22.954860687255803],[-42.02458190917969,-22.952083587646428],[-42.02291488647455,-22.950693130493107],[-42.02319335937494,-22.949581146240234],[-42.02430725097656,-22.949581146240234],[-42.02430725097656,-22.94819450378418],[-42.02291488647455,-22.94763946533203],[-42.022640228271484,-22.946527481078988],[-42.02319335937494,-22.946250915527344],[-42.02569580078125,-22.946250915527344],[-42.02763748168945,-22.946527481078988],[-42.02763748168945,-22.944860458374023],[-42.028751373291016,-22.94514083862299],[-42.02902603149403,-22.945693969726506],[-42.03041839599604,-22.945693969726506],[-42.03236007690418,-22.94708251953125],[-42.034027099609375,-22.945417404174805],[-42.034305572509766,-22.944583892822266],[-42.034305572509766,-22.94124984741211],[-42.03541564941395,-22.940139770507812],[-42.03541564941395,-22.939304351806584],[-42.03680419921875,-22.93652725219721],[-42.03680419921875,-22.935417175292855],[-42.03736114501953,-22.9341144561767],[-42.090843200683594,-22.93289566040039],[-42.11625671386713,-22.91103553771967],[-42.12352752685541,-22.90750503540039],[-42.150810241699105,-22.893274307250977],[-42.16941452026367,-22.873504638671818],[-42.180252075195256,-22.876014709472656],[-42.18788909912104,-22.874216079711857],[-42.19925689697254,-22.87925148010254],[-42.211029052734375,-22.878246307373047],[-42.220676422119084,-22.868999481201172],[-42.226863861083984,-22.86907768249506],[-42.23439025878906,-22.874340057373047],[-42.23802947998047,-22.864160537719727]]]]},"properties":{"id_cidade":3300258,"cidade":"Arraial do Cabo","id_microrregiao":330410,"id_mesorregiao":3304,"id_estado":33,"id_regiao":3}},{"type":"Feature","geometry":{"type":"Polygon","coordinates":[[[-43.912693023681584,-22.52063369750971],[-43.865474700927734,-22.52911758422846],[-43.865032196044865,-22.524105072021484],[-43.85417556762695,-22.516681671142578],[-43.85477828979492,-22.507114410400334],[-43.84477996826172,-22.503650665283203],[-43.84011077880854,-22.51049613952631],[-43.82447433471674,-22.51710128784174],[-43.81174850463867,-22.512039184570312],[-43.80511474609369,-22.52136039733881],[-43.82029724121088,-22.534099578857365],[-43.81716156005848,-22.536134719848576],[-43.8178596496582,-22.54827880859375],[-43.81244659423828,-22.548341751098576],[-43.80900192260742,-22.553863525390625],[-43.79780960083008,-22.551914215087834],[-43.792068481445256,-22.534877777099496],[-43.77830505371094,-22.531957626342717],[-43.76996994018555,-22.517711639404183],[-43.76605987548828,-22.459075927734375],[-43.754978179931584,-22.459970474243164],[-43.76086425781244,-22.456632614135742],[-43.75936126708979,-22.449716567993164],[-43.76499557495106,-22.44870376586914],[-43.7667236328125,-22.443662643432617],[-43.778423309326115,-22.44092178344721],[-43.77872848510731,-22.438159942626896],[-43.77234649658203,-22.436637878417912],[-43.76232147216791,-22.42392349243164],[-43.7580680847168,-22.416955947875863],[-43.75591659545893,-22.411195755004826],[-43.75466156005854,-22.408050537109375],[-43.748970031738224,-22.403923034667912],[-43.76597595214844,-22.38971519470215],[-43.775054931640625,-22.375520706176758],[-43.77570343017578,-22.368270874023324],[-43.78003311157221,-22.36788940429676],[-43.783863067626896,-22.361524581909123],[-43.796607971191406,-22.363704681396484],[-43.79600143432617,-22.356994628906193],[-43.803241729736214,-22.35683822631836],[-43.80445480346674,-22.35620880126953],[-43.8097190856933,-22.35252571105957],[-43.82731246948242,-22.373239517211857],[-43.83736419677729,-22.3746395111084],[-43.83705902099604,-22.38611412048334],[-43.845062255859375,-22.384082794189396],[-43.847644805908146,-22.36918640136713],[-43.8579216003418,-22.373279571533203],[-43.85025405883778,-22.337223052978516],[-43.84230422973627,-22.328235626220703],[-43.84916687011719,-22.315776824951172],[-43.855533599853516,-22.314874649047795],[-43.86953353881836,-22.32569694519043],[-43.885311126708984,-22.32972526550293],[-43.89375686645508,-22.34535026550293],[-43.91455841064453,-22.350845336914062],[-43.94089126586914,-22.38032722473139],[-43.940559387206974,-22.372425079345703],[-43.9478645324707,-22.367435455322266],[-43.93814468383789,-22.356840133666935],[-43.933113098144474,-22.358713150024414],[-43.930397033691406,-22.35191154479969],[-43.937477111816406,-22.345378875732308],[-43.9409446716308,-22.34936904907221],[-43.950801849365234,-22.35009002685547],[-43.95185852050781,-22.344142913818246],[-43.95917510986328,-22.3394718170166],[-43.9665641784668,-22.34381103515625],[-43.971355438232365,-22.32532882690424],[-43.97497177124018,-22.31208610534668],[-43.98836898803711,-22.308883666992188],[-44.00883483886713,-22.310068130493164],[-44.017173767089844,-22.305555343627873],[-44.02342987060541,-22.295200347900334],[-44.024803161621094,-22.296400070190373],[-44.022727966308594,-22.304302215576172],[-44.06391906738281,-22.335708618164062],[-44.0691184997558,-22.352916717529183],[-44.07649612426758,-22.35707473754877],[-44.08510208129883,-22.375804901122933],[-44.085086822509766,-22.382692337036076],[-44.004753112792855,-22.40708351135254],[-44.003257751464844,-22.409082412719727],[-44.02639007568354,-22.424850463867188],[-44.03692626953125,-22.429615020751953],[-44.04999923706055,-22.44500160217285],[-44.06105041503906,-22.452152252197266],[-44.071392059326115,-22.459724426269418],[-44.06172561645508,-22.462648391723633],[-44.05552673339844,-22.471204757690373],[-44.053611755371094,-22.48014259338379],[-44.03070068359375,-22.497173309326115],[-44.02716827392578,-22.48621749877924],[-44.0210075378418,-22.484294891357365],[-44.01702117919916,-22.486482620239258],[-44.00422286987305,-22.5000381469726],[-44.003284454345646,-22.509225845336914],[-43.9988899230957,-22.51405715942377],[-43.9922256469726,-22.517131805419865],[-43.98064422607422,-22.51557540893549],[-43.952308654785156,-22.519338607788086],[-43.94358825683588,-22.51526451110834],[-43.912693023681584,-22.52063369750971]]]},"properties":{"id_cidade":3300308,"cidade":"Barra do Piraí","id_microrregiao":330512,"id_mesorregiao":3305,"id_estado":33,"id_regiao":3}},{"type":"Feature","geometry":{"type":"Polygon","coordinates":[[[-44.08872985839844,-22.648691177368107],[-44.086143493652344,-22.642288208007812],[-44.09086990356434,-22.60699462890625],[-44.08811569213867,-22.604137420654297],[-44.09661865234375,-22.597190856933594],[-44.09461212158203,-22.588378906249886],[-44.09111404418945,-22.579128265380746],[-44.097835540771484,-22.577125549316293],[-44.09003448486328,-22.564102172851562],[-44.09075546264643,-22.56005477905262],[-44.0859489440918,-22.545490264892578],[-44.08930587768549,-22.54201316833496],[-44.09019470214838,-22.529842376708984],[-44.10423278808594,-22.532297134399414],[-44.127368927001896,-22.535943984985295],[-44.139087677001896,-22.535734176635742],[-44.13890075683588,-22.531827926635742],[-44.14194107055664,-22.52732276916504],[-44.153175354003906,-22.52328872680664],[-44.15569686889643,-22.49486351013178],[-44.15401840209961,-22.486030578613224],[-44.15153503417969,-22.452632904052678],[-44.1413688659668,-22.435188293456974],[-44.137935638427734,-22.431619644164982],[-44.1283340454101,-22.427349090576172],[-44.1060333251952,-22.419389724731445],[-44.09645080566406,-22.407989501953125],[-44.08966827392578,-22.406398773193303],[-44.004753112792855,-22.40708351135254],[-44.085086822509766,-22.382692337036076],[-44.08510208129883,-22.375804901122933],[-44.07649612426758,-22.35707473754877],[-44.0691184997558,-22.352916717529183],[-44.06391906738281,-22.335708618164062],[-44.022727966308594,-22.304302215576172],[-44.024803161621094,-22.296400070190373],[-44.047481536865234,-22.30733299255371],[-44.053390502929574,-22.313598632812443],[-44.067649841308594,-22.315811157226506],[-44.09619522094721,-22.329885482787972],[-44.11728286743153,-22.329879760742188],[-44.1239280700683,-22.338939666748047],[-44.13560104370117,-22.336847305297738],[-44.140918731689396,-22.3375186920166],[-44.147464752197266,-22.3311252593993],[-44.168609619140625,-22.332931518554688],[-44.1552848815918,-22.37289237976063],[-44.15714645385731,-22.375810623168945],[-44.17186737060547,-22.37525177001953],[-44.18703079223633,-22.380899429321232],[-44.20273590087879,-22.383836746215763],[-44.20786285400385,-22.38702964782715],[-44.204700469970646,-22.39344787597645],[-44.21208953857422,-22.403863906860295],[-44.214088439941406,-22.412635803222656],[-44.21142578125,-22.419143676757812],[-44.21652984619135,-22.422674179077035],[-44.21834945678705,-22.433143615722656],[-44.22158813476557,-22.43509864807129],[-44.2198371887207,-22.453380584716797],[-44.22564697265625,-22.4547119140625],[-44.22561645507807,-22.45853233337391],[-44.2220840454101,-22.463970184326172],[-44.21772384643555,-22.46368408203125],[-44.221591949462834,-22.47315788269043],[-44.22523117065424,-22.474422454833984],[-44.22198104858393,-22.4800186157226],[-44.23106384277344,-22.477210998535156],[-44.23417663574213,-22.483842849731445],[-44.24114608764643,-22.487508773803654],[-44.246726989746094,-22.485488891601562],[-44.2572021484375,-22.482826232910156],[-44.259033203125,-22.475343704223633],[-44.287078857421875,-22.4587345123291],[-44.289966583251896,-22.455493927001896],[-44.29769897460932,-22.450679779052734],[-44.30159759521479,-22.447877883911133],[-44.308307647704964,-22.452844619750977],[-44.319534301757756,-22.46894454956049],[-44.33314895629883,-22.467472076416016],[-44.33665084838867,-22.469745635986328],[-44.3300895690918,-22.491662979125977],[-44.33139419555664,-22.49388694763178],[-44.32269668579096,-22.499439239501953],[-44.319622039794865,-22.50783920288086],[-44.32089233398426,-22.512760162353516],[-44.3252067565918,-22.51392173767084],[-44.324729919433594,-22.518747329711914],[-44.328453063964844,-22.51972007751465],[-44.32089614868153,-22.550508499145508],[-44.326255798339844,-22.553705215454045],[-44.3248672485351,-22.5646915435791],[-44.33023071289057,-22.569480895996037],[-44.32864761352539,-22.572622299194336],[-44.3467063903808,-22.573963165283146],[-44.345119476318246,-22.58444976806635],[-44.34358978271473,-22.588428497314453],[-44.34014129638666,-22.591068267822266],[-44.32635498046875,-22.588716506958008],[-44.317962646484375,-22.597183227539062],[-44.31270980834961,-22.595237731933537],[-44.30619812011713,-22.599096298217717],[-44.29573059082031,-22.59823989868164],[-44.29509353637695,-22.602315902709904],[-44.285640716552734,-22.609722137451115],[-44.28303909301758,-22.604211807250977],[-44.271453857421875,-22.600944519042912],[-44.2534065246582,-22.612232208251953],[-44.247962951660156,-22.606630325317326],[-44.232868194579964,-22.60888290405262],[-44.22675704956049,-22.604568481445256],[-44.21906661987305,-22.617658615112305],[-44.210609436035156,-22.614524841308594],[-44.20484924316406,-22.615049362182617],[-44.20413208007807,-22.615411758422738],[-44.203731536865234,-22.626625061035156],[-44.1984405517577,-22.630489349365234],[-44.19078063964838,-22.630218505859318],[-44.18422317504877,-22.63728713989252],[-44.19026184082031,-22.647680282592773],[-44.17387390136719,-22.65788269042963],[-44.16637420654291,-22.67021751403803],[-44.16089630126953,-22.678316116333008],[-44.148452758789006,-22.648963928222656],[-44.11725234985346,-22.644348144531193],[-44.08872985839844,-22.648691177368107]]]},"properties":{"id_cidade":3300407,"cidade":"Barra Mansa","id_microrregiao":330511,"id_mesorregiao":3305,"id_estado":33,"id_regiao":3}},{"type":"Feature","geometry":{"type":"Polygon","coordinates":[[[-43.39655303955078,-22.77740478515625],[-43.39173126220692,-22.772663116455078],[-43.38479995727539,-22.766643524169922],[-43.33079147338856,-22.756446838378906],[-43.3204612731933,-22.709514617919922],[-43.3269157409668,-22.70627212524414],[-43.328609466552734,-22.695758819579964],[-43.350852966308594,-22.698148727416992],[-43.365486145019474,-22.685518264770508],[-43.37030792236328,-22.69369697570795],[-43.38191604614258,-22.688810348510685],[-43.384468078613224,-22.69175148010254],[-43.386802673339844,-22.689844131469727],[-43.407470703125,-22.694328308105355],[-43.41079711914057,-22.699953079223633],[-43.423221588134766,-22.70418930053711],[-43.43077087402344,-22.70361137390131],[-43.428497314453125,-22.716703414916992],[-43.43476867675781,-22.722484588623047],[-43.43048095703125,-22.733013153076115],[-43.422912597656136,-22.75045585632313],[-43.41460800170893,-22.75490951538086],[-43.41632461547846,-22.764825820922795],[-43.39655303955078,-22.77740478515625]]]},"properties":{"id_cidade":3300456,"cidade":"Belford Roxo","id_microrregiao":330618,"id_mesorregiao":3306,"id_estado":33,"id_regiao":3}},{"type":"Feature","geometry":{"type":"Polygon","coordinates":[[[-42.52553939819336,-22.160867691039982],[-42.48609542846674,-22.19396209716797],[-42.48553085327143,-22.200777053833008],[-42.48064041137695,-22.204078674316406],[-42.47237777709955,-22.21250915527338],[-42.475772857666016,-22.22394180297846],[-42.47548294067383,-22.22558975219721],[-42.45362091064453,-22.239931106567326],[-42.40861129760742,-22.26976776123047],[-42.35856246948242,-22.303117752075195],[-42.35182571411127,-22.301248550414982],[-42.346206665039006,-22.306175231933537],[-42.33603286743164,-22.30042648315424],[-42.315818786621094,-22.297985076904183],[-42.287899017333984,-22.293188095092773],[-42.28594970703125,-22.289274215698242],[-42.29331588745117,-22.289192199706974],[-42.294857025146484,-22.28520584106434],[-42.283061981201115,-22.279098510742074],[-42.279174804687386,-22.272014617919865],[-42.263450622558594,-22.26601219177246],[-42.26020050048828,-22.25896644592285],[-42.25225067138666,-22.25630950927723],[-42.25464248657221,-22.251968383789062],[-42.24842071533203,-22.2447834014892],[-42.25144958496094,-22.236688613891545],[-42.23467254638672,-22.232151031494084],[-42.23651123046869,-22.229536056518498],[-42.24400329589844,-22.2218780517577],[-42.25383377075195,-22.22022628784174],[-42.25469970703125,-22.219667434692383],[-42.25511932373041,-22.21420669555664],[-42.26589202880854,-22.216833114624023],[-42.27595138549805,-22.208400726318303],[-42.2815055847168,-22.20804786682129],[-42.285953521728516,-22.20083045959467],[-42.28114700317377,-22.191736221313477],[-42.282562255859375,-22.18092918395996],[-42.29256057739258,-22.169456481933594],[-42.29233551025379,-22.16017723083496],[-42.2975959777832,-22.151134490966797],[-42.29097747802729,-22.14042663574213],[-42.28042984008789,-22.141468048095646],[-42.27748489379883,-22.1301212310791],[-42.28000640869135,-22.123315811157113],[-42.29397964477539,-22.115278244018498],[-42.299175262451115,-22.124277114868164],[-42.314922332763615,-22.10996818542469],[-42.323429107666016,-22.114524841308594],[-42.32809066772455,-22.122337341308594],[-42.342041015625,-22.125158309936523],[-42.3417015075683,-22.115098953247013],[-42.345977783203125,-22.10677146911621],[-42.36467361450195,-22.116567611694336],[-42.37589645385742,-22.117372512817326],[-42.3798942565918,-22.12574386596674],[-42.39023208618164,-22.12978553771967],[-42.39367294311518,-22.128719329833984],[-42.39604187011719,-22.1205997467041],[-42.419883728027344,-22.118217468261605],[-42.42366409301758,-22.119464874267578],[-42.423904418945256,-22.11562156677246],[-42.42853546142578,-22.114822387695312],[-42.43825912475586,-22.122764587402287],[-42.44720077514643,-22.117521286010742],[-42.47017669677729,-22.11256980895996],[-42.47130966186518,-22.118629455566406],[-42.464317321777344,-22.129850387573242],[-42.466934204101506,-22.131305694580078],[-42.499717712402344,-22.147706985473576],[-42.52553939819336,-22.160867691039982]]]},"properties":{"id_cidade":3300506,"cidade":"Bom Jardim","id_microrregiao":330307,"id_mesorregiao":3303,"id_estado":33,"id_regiao":3}},{"type":"Feature","geometry":{"type":"Polygon","coordinates":[[[-41.58867263793945,-21.311649322509766],[-41.57150650024414,-21.303768157958928],[-41.55405044555664,-21.296419143676758],[-41.53738403320307,-21.27960777282715],[-41.536190032958984,-21.28146362304676],[-41.52632522583002,-21.275766372680607],[-41.525794982910156,-21.26805877685547],[-41.51499557495106,-21.261789321899414],[-41.50216293334961,-21.261669158935547],[-41.49839019775385,-21.248882293701172],[-41.486778259277344,-21.23809623718256],[-41.47096633911133,-21.231517791748047],[-41.46717071533203,-21.224536895751953],[-41.46996307373041,-21.20356941223139],[-41.470211029052734,-21.201721191406193],[-41.479827880859375,-21.19392585754389],[-41.479190826416016,-21.182243347167912],[-41.482582092285156,-21.183757781982422],[-41.488304138183594,-21.180356979370117],[-41.4985466003418,-21.185310363769474],[-41.506752014160156,-21.176107406616154],[-41.50927734375,-21.175924301147404],[-41.51287841796869,-21.17679405212391],[-41.51719284057617,-21.186994552612248],[-41.53085708618164,-21.179824829101562],[-41.54838180541992,-21.1828556060791],[-41.557117462158146,-21.173555374145394],[-41.55838012695307,-21.17293548583973],[-41.56566619873047,-21.182729721069336],[-41.56988906860346,-21.179342269897404],[-41.570659637451115,-21.171327590942326],[-41.58177185058594,-21.16680335998535],[-41.587749481201115,-21.148803710937386],[-41.60766220092768,-21.154813766479492],[-41.613479614257756,-21.155548095703068],[-41.62884902954096,-21.144453048705998],[-41.63889694213867,-21.146366119384766],[-41.6540641784668,-21.142967224121037],[-41.653404235839844,-21.137374877929688],[-41.66487503051752,-21.13267517089838],[-41.662612915039006,-21.12506675720215],[-41.6715850830077,-21.1269855499267],[-41.677886962890625,-21.133563995361328],[-41.677864074706974,-21.125698089599553],[-41.68214035034174,-21.121040344238224],[-41.68824386596674,-21.121929168701172],[-41.69264602661127,-21.116254806518555],[-41.694370269775334,-21.11577033996582],[-41.70567321777344,-21.120813369750863],[-41.70451736450195,-21.127136230468693],[-41.71794128417969,-21.123823165893555],[-41.717891693115234,-21.116317749023438],[-41.705108642578125,-21.111175537109375],[-41.707813262939396,-21.107139587402344],[-41.723777770996094,-21.10412788391102],[-41.728977203369084,-21.106821060180664],[-41.73548507690418,-21.102527618408146],[-41.734973907470646,-21.09881973266596],[-41.72165679931629,-21.07360076904297],[-41.723304748535156,-21.06842041015625],[-41.72740936279297,-21.067209243774357],[-41.731895446777344,-21.066810607910156],[-41.73217010498047,-21.065698623657227],[-41.729862213134766,-21.05389976501465],[-41.72893524169922,-21.050634384155273],[-41.72428512573242,-21.05640411376953],[-41.7203483581543,-21.055217742919865],[-41.716587066650334,-21.047119140624943],[-41.72175216674793,-21.04395294189453],[-41.72550582885742,-21.030418395996037],[-41.723663330078125,-21.025188446044865],[-41.71612167358387,-21.022930145263672],[-41.71546173095703,-21.01665306091303],[-41.722785949706974,-21.011121749877873],[-41.72224044799805,-21.00293540954584],[-41.7160758972168,-20.99206733703602],[-41.710723876953125,-20.991443634033146],[-41.711894989013615,-20.981052398681527],[-41.716033935546875,-20.975984573364258],[-41.717903137206974,-20.95490837097168],[-41.733764648437386,-20.943769454956055],[-41.73695373535156,-20.929737091064396],[-41.735771179199105,-20.92721176147461],[-41.7230873107909,-20.922794342041016],[-41.71965408325184,-20.89720344543457],[-41.72529983520508,-20.897247314453125],[-41.7270774841308,-20.892841339111214],[-41.71894454956055,-20.875509262084904],[-41.71235275268555,-20.871564865112305],[-41.72706222534174,-20.864843368530217],[-41.7291641235351,-20.870058059692326],[-41.74180603027344,-20.872812271118164],[-41.749637603759766,-20.871578216552734],[-41.75738906860346,-20.8754367828368],[-41.76136016845703,-20.882915496826115],[-41.7778434753418,-20.897266387939453],[-41.78822326660145,-20.90934181213379],[-41.813648223876896,-20.94534111022938],[-41.808197021484375,-20.957082748413086],[-41.80073165893555,-20.957946777343693],[-41.79758071899414,-20.96302413940424],[-41.79225540161133,-20.96200180053711],[-41.79200363159174,-20.97429466247553],[-41.79570007324219,-20.984556198120117],[-41.8011474609375,-20.986660003662053],[-41.8207893371582,-21.02534675598139],[-41.82464218139643,-21.031093597412053],[-41.83786392211914,-21.05211639404297],[-41.84578323364258,-21.057453155517578],[-41.84815216064453,-21.057220458984318],[-41.84778594970703,-21.07213592529297],[-41.840728759765625,-21.069231033325195],[-41.84257888793934,-21.073085784911996],[-41.83895111083979,-21.075023651123047],[-41.839340209960824,-21.08093070983881],[-41.83641815185547,-21.086864471435547],[-41.83012390136719,-21.089315414428654],[-41.82485580444336,-21.1008243560791],[-41.81666564941406,-21.103450775146484],[-41.816326141357365,-21.106470108032227],[-41.81684494018555,-21.10688018798828],[-41.82349777221674,-21.11036300659174],[-41.82991409301758,-21.121591567993164],[-41.81900024414057,-21.122829437255803],[-41.81097412109375,-21.11945343017578],[-41.79928970336914,-21.115808486938477],[-41.79958724975586,-21.131315231323242],[-41.804531097411996,-21.1373233795166],[-41.804176330566406,-21.1435871124267],[-41.79565811157215,-21.143352508544865],[-41.76519775390625,-21.1520156860351],[-41.765426635742074,-21.16876220703125],[-41.76291656494135,-21.177255630493107],[-41.74292373657215,-21.169149398803654],[-41.72847366333008,-21.168737411499023],[-41.72754287719721,-21.177343368530217],[-41.71928787231445,-21.18113136291504],[-41.72008514404297,-21.19081306457508],[-41.731086730956974,-21.20429039001465],[-41.720550537109375,-21.203859329223576],[-41.72806167602539,-21.220548629760685],[-41.7204704284668,-21.224306106567383],[-41.71450042724598,-21.221565246581974],[-41.70566177368164,-21.218868255615178],[-41.70499801635742,-21.222131729125977],[-41.69989395141596,-21.237592697143555],[-41.68891525268549,-21.243886947631836],[-41.68233489990229,-21.25730133056635],[-41.674060821533146,-21.250028610229435],[-41.657142639160156,-21.245283126831055],[-41.64830780029291,-21.24564933776844],[-41.641223907470646,-21.244524002075195],[-41.63605499267578,-21.24814796447754],[-41.63010787963867,-21.254932403564396],[-41.63861846923828,-21.260347366333008],[-41.62849807739258,-21.263929367065373],[-41.62781524658192,-21.263904571533146],[-41.62080764770508,-21.268211364746094],[-41.62044525146479,-21.274362564086914],[-41.60677719116211,-21.279403686523438],[-41.607490539550724,-21.28632926940918],[-41.60272216796869,-21.29474639892578],[-41.586772918701115,-21.30350112915039],[-41.58867263793945,-21.311649322509766]]]},"properties":{"id_cidade":3300605,"cidade":"Bom Jesus do Itabapoana","id_microrregiao":330101,"id_mesorregiao":3301,"id_estado":33,"id_regiao":3}},{"type":"Feature","geometry":{"type":"MultiPolygon","coordinates":[[[[-41.91958236694336,-22.863193511962834],[-41.924304962158146,-22.863193511962834],[-41.9254150390625,-22.864305496215763],[-41.92375183105469,-22.865140914916992],[-41.922637939453125,-22.865140914916992],[-41.92069625854492,-22.865694046020508],[-41.918472290039006,-22.865694046020508],[-41.917640686035156,-22.865417480468636],[-41.917915344238224,-22.863750457763672],[-41.91958236694336,-22.863193511962834]]],[[[-41.903751373291016,-22.85291671752924],[-41.903472900390625,-22.8520832061767],[-41.90236282348627,-22.85152816772461],[-41.90236282348627,-22.849861145019474],[-41.90402603149414,-22.850139617919865],[-41.90513992309559,-22.85124969482422],[-41.90625,-22.85180473327631],[-41.90652847290039,-22.85319519042963],[-41.90625,-22.853750228881836],[-41.9073600769043,-22.854583740234375],[-41.907081604003906,-22.85652732849121],[-41.90902709960932,-22.85708236694336],[-41.91013717651367,-22.85708236694336],[-41.910972595214844,-22.858474731445312],[-41.912361145019474,-22.860137939453068],[-41.91291809082031,-22.860137939453068],[-41.91347122192383,-22.86208343505848],[-41.912639617919865,-22.86291885375971],[-41.911251068115234,-22.86347198486328],[-41.90986251831055,-22.86347198486328],[-41.90902709960932,-22.86291885375971],[-41.90930557250971,-22.860139846801758],[-41.9073600769043,-22.860139846801758],[-41.90652847290039,-22.860696792602425],[-41.90402603149414,-22.860696792602425],[-41.903472900390625,-22.86041450500477],[-41.903472900390625,-22.859304428100586],[-41.902637481689396,-22.858474731445312],[-41.902637481689396,-22.8568058013916],[-41.903751373291016,-22.855417251586857],[-41.903751373291016,-22.85291671752924]]],[[[-41.89041519165039,-22.843193054199162],[-41.89152908325195,-22.843193054199162],[-41.892360687255746,-22.84375],[-41.89402770996094,-22.843471527099553],[-41.89402770996094,-22.846250534057617],[-41.89208221435547,-22.846525192260742],[-41.89097213745117,-22.845138549804688],[-41.88958358764643,-22.84541511535639],[-41.887359619140625,-22.84541511535639],[-41.8881950378418,-22.844028472900334],[-41.89014053344721,-22.844028472900334],[-41.89041519165039,-22.843193054199162]]],[[[-41.98069381713867,-22.890417098998967],[-41.984584808349496,-22.890417098998967],[-41.98513793945307,-22.89236068725586],[-41.98652648925781,-22.89236068725586],[-41.988750457763615,-22.89180564880371],[-41.98930740356445,-22.89319419860834],[-41.98791503906244,-22.89319419860834],[-41.9868049621582,-22.89430618286127],[-41.98652648925781,-22.895416259765625],[-41.98402786254883,-22.895416259765625],[-41.98430633544922,-22.897361755371037],[-41.982639312744084,-22.897361755371037],[-41.98236083984369,-22.89847183227539],[-41.98291778564453,-22.899303436279297],[-41.98374938964844,-22.899585723876953],[-41.98374938964844,-22.900695800781193],[-41.982639312744084,-22.9012508392334],[-41.982639312744084,-22.902082443237248],[-41.98180389404291,-22.90291786193842],[-41.979583740234375,-22.90263938903803],[-41.979862213134766,-22.9012508392334],[-41.976806640625,-22.9012508392334],[-41.97624969482416,-22.90013885498047],[-41.97597122192377,-22.89875030517578],[-41.9779167175293,-22.89847183227539],[-41.97902679443354,-22.89763832092285],[-41.97930526733393,-22.896528244018498],[-41.97930526733393,-22.894027709960824],[-41.97847366333002,-22.89291572570795],[-41.97847366333002,-22.8920841217041],[-41.97930526733393,-22.891250610351506],[-41.98069381713867,-22.890417098998967]]],[[[-41.96041488647461,-22.885696411132756],[-41.959583282470646,-22.884860992431584],[-41.958473205566406,-22.883192062377873],[-41.960693359375,-22.88291740417469],[-41.96125030517578,-22.883472442626953],[-41.96152877807617,-22.885696411132756],[-41.96041488647461,-22.885696411132756]]],[[[-41.940418243408146,-22.879028320312443],[-41.93958282470703,-22.878471374511662],[-41.93930435180664,-22.876806259155217],[-41.94069290161127,-22.877361297607422],[-41.9426383972168,-22.877361297607422],[-41.943195343017464,-22.877639770507812],[-41.943195343017464,-22.879028320312443],[-41.942359924316406,-22.879861831664982],[-41.9415283203125,-22.879861831664982],[-41.940418243408146,-22.879028320312443]]],[[[-41.93513870239258,-22.862638473510742],[-41.938472747802734,-22.862638473510742],[-41.938472747802734,-22.86291885375971],[-41.94124984741205,-22.86291885375971],[-41.943195343017464,-22.863750457763672],[-41.944862365722656,-22.863750457763672],[-41.94597244262695,-22.86347198486328],[-41.94708251953119,-22.865417480468636],[-41.947360992431584,-22.866806030273438],[-41.949584960937386,-22.869028091430664],[-41.95041656494135,-22.869304656982365],[-41.95069503784174,-22.870416641235295],[-41.952083587646484,-22.87152862548828],[-41.953193664550724,-22.87152862548828],[-41.95430374145508,-22.873193740844613],[-41.95430374145508,-22.874860763549805],[-41.95458221435547,-22.876249313354492],[-41.952915191650334,-22.876249313354492],[-41.95124816894531,-22.87347221374506],[-41.95041656494135,-22.873193740844613],[-41.94930648803711,-22.8709716796875],[-41.947360992431584,-22.870416641235295],[-41.94819259643555,-22.87263870239252],[-41.94819259643555,-22.874025344848576],[-41.94708251953119,-22.875417709350586],[-41.94569396972656,-22.876249313354492],[-41.94430541992182,-22.876249313354492],[-41.943195343017464,-22.875139236450195],[-41.940418243408146,-22.873193740844613],[-41.93902587890625,-22.87069320678711],[-41.937637329101506,-22.87069320678711],[-41.937637329101506,-22.86763954162592],[-41.93736267089838,-22.8662490844726],[-41.935970306396484,-22.865417480468636],[-41.934028625488224,-22.865140914916992],[-41.934307098388615,-22.86347198486328],[-41.93513870239258,-22.862638473510742]]],[[[-42.12352752685541,-22.90750503540039],[-42.11625671386713,-22.91103553771967],[-42.090843200683594,-22.93289566040039],[-42.03736114501953,-22.9341144561767],[-42.03763961791992,-22.9320831298827],[-42.03763961791992,-22.926807403564396],[-42.03736114501953,-22.926807403564396],[-42.03736114501953,-22.9204158782959],[-42.03652954101557,-22.918750762939453],[-42.03652954101557,-22.917083740234318],[-42.03597259521479,-22.914583206176644],[-42.034584045410156,-22.91180419921875],[-42.034305572509766,-22.909582138061523],[-42.03291702270502,-22.90652847290039],[-42.03236007690418,-22.90597152709961],[-42.03236007690418,-22.904861450195312],[-42.03152847290039,-22.903749465942383],[-42.03041839599604,-22.901525497436523],[-42.029582977294865,-22.900695800781193],[-42.029582977294865,-22.899860382080078],[-42.028472900390625,-22.897916793823242],[-42.02763748168945,-22.897916793823242],[-42.02597045898426,-22.895971298217717],[-42.02597045898426,-22.895416259765625],[-42.02486038208008,-22.894582748413086],[-42.022361755371094,-22.89180564880371],[-42.022361755371094,-22.891250610351506],[-42.020973205566406,-22.889305114746094],[-42.01902770996094,-22.88791847229004],[-42.01902770996094,-22.887361526489258],[-42.01708221435541,-22.88652610778803],[-42.01347351074213,-22.88291740417469],[-42.0120849609375,-22.88208389282221],[-42.00986099243164,-22.88208389282221],[-42.008750915527344,-22.882360458374023],[-42.006526947021484,-22.885139465331974],[-42.006248474121094,-22.886249542236328],[-42.00569534301758,-22.88652610778803],[-42.0051383972168,-22.88819694519043],[-42.0029182434082,-22.890417098998967],[-42.00125122070307,-22.889860153198185],[-42.00097274780268,-22.88791847229004],[-42.00041580200184,-22.887636184692383],[-41.99986267089844,-22.886249542236328],[-41.99791717529291,-22.885139465331974],[-41.99569320678711,-22.885139465331974],[-41.99541854858393,-22.884304046630746],[-41.994583129882756,-22.884027481079045],[-41.994304656982365,-22.883192062377873],[-41.993194580078125,-22.883192062377873],[-41.992637634277344,-22.882638931274414],[-41.99097061157215,-22.882638931274414],[-41.98958206176758,-22.88291740417469],[-41.988471984863224,-22.881250381469727],[-41.987640380859375,-22.880971908569336],[-41.9868049621582,-22.879028320312443],[-41.9868049621582,-22.87819480895996],[-41.98541641235346,-22.877639770507812],[-41.98430633544922,-22.875694274902287],[-41.98347091674805,-22.874860763549805],[-41.98291778564453,-22.87347221374506],[-41.98125076293945,-22.87347221374506],[-41.980140686035156,-22.874307632446232],[-41.97902679443354,-22.872085571289006],[-41.978748321533146,-22.87069320678711],[-41.97930526733393,-22.870138168334847],[-41.98041534423828,-22.870138168334847],[-41.98125076293945,-22.87069320678711],[-41.98236083984369,-22.87069320678711],[-41.98319625854492,-22.868194580078125],[-41.982639312744084,-22.86763954162592],[-41.98152923583973,-22.86763954162592],[-41.98069381713867,-22.868471145629883],[-41.978195190429574,-22.868471145629883],[-41.977638244628906,-22.86736106872553],[-41.977638244628906,-22.865140914916992],[-41.97902679443354,-22.865140914916992],[-41.98041534423828,-22.86652755737299],[-41.98236083984369,-22.86652755737299],[-41.98347091674805,-22.865417480468636],[-41.98347091674805,-22.86486053466797],[-41.98485946655268,-22.863750457763672],[-41.9859733581543,-22.86152839660639],[-41.98652648925781,-22.859304428100586],[-41.98652648925781,-22.854028701782227],[-41.98625183105469,-22.85236167907715],[-41.98569488525385,-22.85124969482422],[-41.98541641235346,-22.848472595214844],[-41.98319625854492,-22.844303131103516],[-41.982639312744084,-22.842638015747013],[-41.982639312744084,-22.84152793884266],[-41.97902679443354,-22.834306716918945],[-41.97847366333002,-22.834028244018555],[-41.9779167175293,-22.83236122131342],[-41.976806640625,-22.830415725708008],[-41.97624969482416,-22.83013916015625],[-41.97597122192377,-22.829027175903263],[-41.97486114501953,-22.82708358764637],[-41.97319412231445,-22.82625007629389],[-41.97236251831049,-22.824861526489258],[-41.971248626708984,-22.82402992248535],[-41.971248626708984,-22.823472976684513],[-41.97002029418945,-22.82263946533203],[-41.976806640625,-22.818248748779297],[-41.97567749023432,-22.816957473754883],[-42.00223159790039,-22.79574775695795],[-42.00877380371088,-22.781667709350586],[-42.00847244262695,-22.776697158813477],[-41.974388122558594,-22.7305908203125],[-41.974029541015625,-22.73013877868641],[-41.97624969482416,-22.729583740234318],[-41.97708511352539,-22.728195190429688],[-41.978748321533146,-22.7270832061767],[-41.97902679443354,-22.72597312927246],[-41.98069381713867,-22.72430419921875],[-41.98125076293945,-22.72430419921875],[-41.98152923583973,-22.722639083862305],[-41.9820823669433,-22.722360610961914],[-41.98319625854492,-22.720417022705078],[-41.98319625854492,-22.71958351135254],[-41.98430633544922,-22.718751907348633],[-41.98485946655268,-22.717361450195312],[-41.98541641235346,-22.717082977294922],[-41.98569488525385,-22.715972900390568],[-41.9868049621582,-22.7137508392334],[-41.988471984863224,-22.712917327880803],[-41.988193511962834,-22.710416793823242],[-41.98958206176758,-22.70680618286127],[-41.98986053466797,-22.70486068725586],[-41.99097061157215,-22.70402717590332],[-41.99097061157215,-22.701805114746094],[-41.99180603027338,-22.69930648803711],[-41.992916107177734,-22.694860458374023],[-41.993473052978516,-22.693471908569336],[-41.993473052978516,-22.691804885864144],[-41.993751525878906,-22.690139770507812],[-41.994304656982365,-22.68874931335438],[-41.994304656982365,-22.687084197997933],[-41.994861602783146,-22.68625068664545],[-41.99514007568354,-22.684585571289006],[-41.99514007568354,-22.68208122253418],[-41.99569320678711,-22.6787490844726],[-41.99625015258789,-22.677917480468693],[-41.9959716796875,-22.67541885375971],[-41.99680709838867,-22.673471450805607],[-41.997360229492074,-22.672914505004826],[-41.9970817565918,-22.672084808349553],[-41.9970817565918,-22.66902732849121],[-41.997360229492074,-22.667638778686467],[-41.99791717529291,-22.666528701782113],[-41.99791717529291,-22.663473129272404],[-41.99847412109369,-22.661806106567383],[-41.998748779296875,-22.659860610961914],[-41.998748779296875,-22.65513801574707],[-41.999305725097656,-22.654027938842717],[-41.99958419799805,-22.652360916137695],[-41.99958419799805,-22.629863739013558],[-41.999305725097656,-22.629863739013558],[-41.999305725097656,-22.623472213745117],[-41.998748779296875,-22.621528625488224],[-41.998748779296875,-22.616804122924805],[-41.9981956481933,-22.615692138671875],[-41.9981956481933,-22.610416412353516],[-41.99763870239252,-22.607084274291935],[-41.99680709838867,-22.604860305786133],[-41.99680709838867,-22.602363586425724],[-41.9959716796875,-22.601528167724553],[-41.9959716796875,-22.600139617919922],[-41.994583129882756,-22.5987491607666],[-41.994583129882756,-22.597917556762695],[-41.993473052978516,-22.597917556762695],[-41.993473052978516,-22.597084045410156],[-41.99569320678711,-22.596250534057617],[-41.99680709838867,-22.59486198425293],[-41.9970817565918,-22.59402847290039],[-41.99680709838867,-22.5909748077392],[-41.99652862548828,-22.590139389037972],[-41.99541854858393,-22.588472366333008],[-41.994861602783146,-22.588193893432617],[-41.99402618408192,-22.58652687072754],[-41.99402618408192,-22.585695266723633],[-41.992916107177734,-22.583471298217773],[-41.99180603027338,-22.582082748413086],[-41.9912490844726,-22.58041763305664],[-41.993011474609375,-22.5768985748291],[-41.99488067626942,-22.575664520263615],[-41.994094848632756,-22.57015037536621],[-42.005084991454964,-22.584648132324162],[-42.011726379394474,-22.57104301452631],[-42.01967239379877,-22.578420639038086],[-42.021507263183594,-22.56907653808588],[-42.030113220214844,-22.571260452270394],[-42.0333366394043,-22.56121635437006],[-42.03661346435547,-22.560407638549805],[-42.04244613647455,-22.568899154663086],[-42.048755645751896,-22.56242370605463],[-42.06150436401367,-22.560514450073242],[-42.063144683837834,-22.57346343994135],[-42.066837310791016,-22.56869125366211],[-42.0731086730957,-22.568180084228516],[-42.07969284057617,-22.575321197509766],[-42.08435821533203,-22.570024490356445],[-42.092193603515625,-22.573253631591797],[-42.09222793579096,-22.563428878784123],[-42.0963401794433,-22.561477661132756],[-42.1008415222168,-22.564704895019474],[-42.105560302734375,-22.560644149780217],[-42.11016845703119,-22.567207336425668],[-42.12467575073231,-22.564624786376896],[-42.12178421020502,-22.554798126220646],[-42.12750244140619,-22.557998657226562],[-42.133449554443246,-22.555377960204964],[-42.13108444213867,-22.55259132385254],[-42.134033203125,-22.54331779479969],[-42.1442298889159,-22.541000366210938],[-42.14824676513672,-22.54177474975586],[-42.14162063598627,-22.549079895019474],[-42.15023040771479,-22.55617713928217],[-42.15398025512695,-22.552757263183594],[-42.1520881652832,-22.547914505004883],[-42.16186523437494,-22.545028686523438],[-42.171863555908146,-22.54851150512684],[-42.176788330078125,-22.545717239379883],[-42.18255233764643,-22.552656173705998],[-42.13261795043945,-22.652851104736328],[-42.055110931396484,-22.742994308471623],[-42.04218292236317,-22.758363723754826],[-42.023391723632756,-22.796102523803654],[-42.04114532470703,-22.86572265625],[-42.046199798583984,-22.867572784423828],[-42.053165435791016,-22.862564086914062],[-42.06150436401367,-22.867549896240234],[-42.07619476318354,-22.860591888427734],[-42.08744430541992,-22.86495018005371],[-42.098388671875,-22.861770629882756],[-42.10514450073242,-22.865995407104492],[-42.10902786254877,-22.87136459350586],[-42.104774475097656,-22.884979248046875],[-42.1083869934082,-22.901548385620117],[-42.11449432373047,-22.908754348754826],[-42.12352752685541,-22.90750503540039]]]]},"properties":{"id_cidade":3300704,"cidade":"Cabo Frio","id_microrregiao":330410,"id_mesorregiao":3304,"id_estado":33,"id_regiao":3}},{"type":"Feature","geometry":{"type":"Polygon","coordinates":[[[-42.56451034545887,-22.620115280151367],[-42.602817535400334,-22.54107284545887],[-42.5919456481933,-22.53127670288086],[-42.59292984008778,-22.52562332153309],[-42.587871551513615,-22.524211883544922],[-42.575447082519474,-22.49073982238764],[-42.566596984863224,-22.484825134277344],[-42.56501007080078,-22.467777252197266],[-42.55253982543945,-22.466629028320312],[-42.5522346496582,-22.45524787902832],[-42.550594329833984,-22.452770233154297],[-42.558841705322266,-22.44789886474598],[-42.5723876953125,-22.44818687438965],[-42.572288513183594,-22.443065643310547],[-42.57617950439453,-22.440649032592773],[-42.55888748168934,-22.424633026122933],[-42.55518341064453,-22.41149139404297],[-42.559619903564396,-22.411970138549748],[-42.55815887451172,-22.405963897705078],[-42.55712127685547,-22.396087646484318],[-42.55150985717768,-22.386638641357365],[-42.55821228027338,-22.37725830078125],[-42.55440521240223,-22.373762130737305],[-42.56276321411127,-22.365840911865234],[-42.561954498291016,-22.361261367797738],[-42.585205078124886,-22.355512619018498],[-42.59624481201166,-22.368711471557617],[-42.6102180480957,-22.374490737914982],[-42.61687088012684,-22.38520050048828],[-42.63449096679682,-22.392681121826058],[-42.651878356933594,-22.39554786682129],[-42.65681838989252,-22.392721176147404],[-42.65568161010731,-22.387601852416992],[-42.66278839111328,-22.385812759399414],[-42.684322357177734,-22.393032073974553],[-42.6961555480957,-22.388042449951172],[-42.69754028320307,-22.3797988891601],[-42.71173477172846,-22.37792778015131],[-42.71171951293945,-22.373468399047738],[-42.710819244384766,-22.362195968627873],[-42.71737670898432,-22.35724639892578],[-42.72748184204096,-22.355579376220646],[-42.7402610778808,-22.360267639160156],[-42.747074127197266,-22.373117446899414],[-42.76351547241205,-22.376745223999023],[-42.76918029785156,-22.383708953857365],[-42.790325164794865,-22.378114700317326],[-42.8034553527832,-22.377807617187386],[-42.80354309082031,-22.386983871459904],[-42.815765380859375,-22.391176223754826],[-42.811035156249886,-22.4029598236084],[-42.82720947265625,-22.41243934631342],[-42.84087371826166,-22.411329269409066],[-42.85257339477539,-22.41612434387207],[-42.852352142333984,-22.425735473632812],[-42.85754776000971,-22.42626953125],[-42.870517730712834,-22.431655883789006],[-42.87054061889643,-22.438592910766545],[-42.876907348632756,-22.443969726562443],[-42.875095367431584,-22.448059082031193],[-42.87934494018555,-22.44740676879877],[-42.89168548583979,-22.45721817016596],[-42.90958786010742,-22.45550918579096],[-42.91226577758789,-22.454898834228516],[-42.92082595825195,-22.460735321044922],[-42.92163085937494,-22.475549697875977],[-42.906875610351506,-22.496686935424805],[-42.892147064208984,-22.503082275390568],[-42.88867950439453,-22.512498855590763],[-42.89824295043945,-22.518993377685547],[-42.8927650451659,-22.523916244506836],[-42.891822814941406,-22.537040710449162],[-42.88740921020502,-22.542612075805607],[-42.88251495361328,-22.549833297729492],[-42.869487762451115,-22.56263923645014],[-42.86662292480463,-22.571327209472656],[-42.87518692016596,-22.576509475708008],[-42.883987426757756,-22.58276176452631],[-42.88787841796869,-22.592027664184513],[-42.906715393066406,-22.600751876831055],[-42.91048049926752,-22.61716651916504],[-42.90343856811518,-22.625947952270508],[-42.900596618652344,-22.636547088623047],[-42.90604019165039,-22.65326690673828],[-42.90718460083008,-22.6552734375],[-42.84490966796875,-22.636604309081974],[-42.825679779052734,-22.63876533508295],[-42.805774688720646,-22.635797500610295],[-42.797878265380746,-22.63849639892578],[-42.791351318359375,-22.635498046875],[-42.78628158569336,-22.64008140563959],[-42.777080535888615,-22.650287628173828],[-42.75588226318354,-22.674921035766488],[-42.746372222900334,-22.68648338317871],[-42.70657348632807,-22.667724609374886],[-42.69126510620117,-22.654460906982365],[-42.688953399658146,-22.646337509155273],[-42.69256210327143,-22.64669418334961],[-42.6927375793457,-22.642955780029297],[-42.67504501342762,-22.641351699828988],[-42.66778945922846,-22.637069702148438],[-42.655799865722656,-22.637897491455078],[-42.644649505615234,-22.644309997558594],[-42.63781738281244,-22.643533706664982],[-42.6385383605957,-22.645978927612305],[-42.62757110595703,-22.656217575073185],[-42.62242889404297,-22.65604591369629],[-42.60480499267578,-22.642005920410156],[-42.58456039428711,-22.62509155273426],[-42.57215118408203,-22.625612258911076],[-42.56451034545887,-22.620115280151367]]]},"properties":{"id_cidade":3300803,"cidade":"Cachoeiras de Macacu","id_microrregiao":330616,"id_mesorregiao":3306,"id_estado":33,"id_regiao":3}},{"type":"Feature","geometry":{"type":"Polygon","coordinates":[[[-41.93803405761713,-21.597190856933537],[-41.93458175659174,-21.59489631652832],[-41.930603027343636,-21.591604232788086],[-41.903022766113224,-21.577421188354435],[-41.89733123779297,-21.575607299804688],[-41.88422012329096,-21.579832077026367],[-41.86840057373041,-21.574459075927734],[-41.87236022949219,-21.56049156188965],[-41.867092132568246,-21.55090141296381],[-41.849349975585824,-21.534265518188477],[-41.831947326660156,-21.515892028808594],[-41.823505401611214,-21.512790679931584],[-41.824005126953125,-21.504974365234318],[-41.817142486572266,-21.490053176879826],[-41.823936462402344,-21.482828140258675],[-41.791893005371094,-21.475282669067326],[-41.74293899536133,-21.464275360107365],[-41.711856842041016,-21.4559326171875],[-41.748077392578125,-21.42670059204096],[-41.77819442749018,-21.401708602905273],[-41.78060531616211,-21.399707794189396],[-41.780559539794865,-21.397218704223633],[-41.778141021728516,-21.38772964477539],[-41.815242767333984,-21.32690620422352],[-41.82561111450195,-21.330825805664006],[-41.83109664916992,-21.33907508850092],[-41.83728790283203,-21.338672637939396],[-41.85745239257807,-21.346832275390625],[-41.86739730834961,-21.364837646484375],[-41.90068817138672,-21.384643554687443],[-41.897926330566406,-21.393962860107365],[-41.91741561889643,-21.41170310974121],[-41.94126129150385,-21.42658805847168],[-41.95289230346674,-21.43512535095209],[-41.95205688476557,-21.44365119934082],[-41.958225250244084,-21.444488525390625],[-41.96230697631836,-21.456607818603516],[-41.9710578918457,-21.465427398681527],[-41.970115661621094,-21.470684051513672],[-41.99288558959961,-21.486026763915902],[-41.997703552246094,-21.488052368164062],[-42.002788543701115,-21.495925903320256],[-42.04003143310547,-21.51400184631342],[-42.04415130615229,-21.521669387817383],[-42.05456161499018,-21.526721954345646],[-42.055564880371094,-21.54693031311035],[-42.07819747924799,-21.575336456298828],[-42.087337493896484,-21.57936668395996],[-42.0879287719726,-21.585214614868164],[-42.10445022583002,-21.602033615112248],[-42.11553192138672,-21.604465484619084],[-42.11620330810547,-21.61071014404297],[-42.11328125,-21.612651824951115],[-42.110561370849496,-21.61418342590332],[-42.09549331665028,-21.624813079833984],[-42.092681884765625,-21.62774658203125],[-42.078010559081974,-21.626676559448242],[-42.07411575317377,-21.63307952880848],[-42.059688568115234,-21.636362075805607],[-42.04122543334955,-21.6334228515625],[-42.026695251464844,-21.63015365600586],[-42.018421173095646,-21.632495880126896],[-42.010227203369084,-21.639984130859375],[-41.99461364746094,-21.634246826171875],[-41.99285125732416,-21.63311004638672],[-41.983413696289006,-21.627895355224553],[-41.97867965698242,-21.625436782836914],[-41.93803405761713,-21.597190856933537]]]},"properties":{"id_cidade":3300902,"cidade":"Cambuci","id_microrregiao":330102,"id_mesorregiao":3301,"id_estado":33,"id_regiao":3}},{"type":"Feature","geometry":{"type":"Polygon","coordinates":[[[-41.13180541992176,-22.090644836425724],[-41.13041687011719,-22.089582443237305],[-41.12819290161133,-22.089860916137695],[-41.12819290161133,-22.0890274047851],[-41.12569427490229,-22.0890274047851],[-41.12541580200184,-22.08708381652832],[-41.124305725097656,-22.08652687072754],[-41.123748779296875,-22.085695266723633],[-41.12263870239252,-22.085138320922795],[-41.1209716796875,-22.085138320922795],[-41.119861602783146,-22.083471298217773],[-41.11708450317377,-22.082639694213867],[-41.11486053466797,-22.079582214355412],[-41.113193511962834,-22.07875251770014],[-41.11291503906244,-22.07819366455078],[-41.1118049621582,-22.077917098998967],[-41.11013793945307,-22.076528549194336],[-41.10402679443354,-22.07374954223627],[-41.102638244628906,-22.07208251953125],[-41.101806640625,-22.07208251953125],[-41.097637176513615,-22.070138931274414],[-41.094028472900334,-22.068195343017578],[-41.09375,-22.06763839721674],[-41.09125137329096,-22.06597137451172],[-41.09069442749018,-22.06597137451172],[-41.089027404785156,-22.064582824706974],[-41.08680725097656,-22.064306259155273],[-41.08625030517578,-22.062915802001953],[-41.08514022827143,-22.062084197998047],[-41.08402633666981,-22.061805725097656],[-41.082359313964844,-22.060693740844727],[-41.07958221435547,-22.059860229492188],[-41.078750610351506,-22.05875015258789],[-41.0765266418457,-22.05791664123535],[-41.07347106933594,-22.056249618530217],[-41.07263946533203,-22.05458450317377],[-41.068195343017464,-22.053749084472543],[-41.06791687011719,-22.05180549621582],[-41.06624984741211,-22.05180549621582],[-41.065418243408146,-22.05097007751465],[-41.063472747802734,-22.05097007751465],[-41.058471679687386,-22.048471450805664],[-41.058471679687386,-22.047637939453068],[-41.057640075683594,-22.04680633544922],[-41.05569458007807,-22.04708290100092],[-41.05486297607422,-22.04569435119629],[-41.0526390075683,-22.045417785644474],[-41.05236053466791,-22.044860839843693],[-41.05097198486328,-22.0443058013916],[-41.049304962158146,-22.043195724487248],[-41.0490264892577,-22.04263877868641],[-41.04680633544916,-22.041528701782227],[-41.04597091674799,-22.041528701782227],[-41.043193817138615,-22.040138244628906],[-41.042915344238224,-22.039581298828125],[-41.04097366333008,-22.03847122192377],[-41.03902816772461,-22.03819465637207],[-41.03902816772461,-22.037641525268498],[-41.03791809082031,-22.036806106567326],[-41.03625106811512,-22.036249160766488],[-41.03541564941406,-22.035417556762695],[-41.03125,-22.035417556762695],[-41.0298614501952,-22.034860610961914],[-41.02486038208008,-22.03236198425293],[-41.02347183227528,-22.03125],[-41.02125167846674,-22.030138015747013],[-41.02069473266596,-22.030138015747013],[-41.01374816894531,-22.026805877685547],[-41.012359619140625,-22.026252746581974],[-41.01041793823242,-22.0251407623291],[-41.01013946533203,-22.024583816528263],[-41.007915496826115,-22.024583816528263],[-41.007083892822266,-22.02374839782709],[-41.00569534301752,-22.023195266723633],[-41.00541687011713,-22.02263832092285],[-41.00347137451172,-22.021249771118107],[-41.001804351806584,-22.020416259765625],[-41.000694274902344,-22.01902770996088],[-40.99902725219721,-22.01763916015625],[-40.99874877929682,-22.01652717590332],[-40.99791717529297,-22.015417098999023],[-40.99625015258789,-22.014583587646484],[-40.99541854858393,-22.013750076293945],[-40.99458312988281,-22.013750076293945],[-40.993194580078125,-22.012081146240234],[-40.991806030273324,-22.010971069335938],[-40.991806030273324,-22.01041603088379],[-40.988750457763615,-22.007360458374023],[-40.98847198486317,-22.005695343017578],[-40.987083435058594,-22.00430679321289],[-40.987083435058594,-22.003749847412053],[-40.98597335815424,-22.00291633605957],[-40.98430633544922,-21.999584197998047],[-40.98430633544922,-21.998470306396484],[-40.98374938964844,-21.99763870239252],[-40.98347091674805,-21.995416641235295],[-40.98125076293945,-21.9912490844726],[-40.98125076293945,-21.990417480468693],[-40.97902679443348,-21.985416412353516],[-40.97819519042969,-21.98402786254877],[-40.97819519042969,-21.98291587829584],[-40.977638244628906,-21.98208236694336],[-40.977638244628906,-21.980972290039006],[-40.977085113525334,-21.980138778686467],[-40.977085113525334,-21.979028701782113],[-40.97652816772455,-21.97819519042963],[-40.97652816772455,-21.9770832061767],[-40.97541809082031,-21.973470687866154],[-40.97513961791992,-21.97180557250971],[-40.97513961791992,-21.969860076904297],[-40.97486114501953,-21.96819496154785],[-40.97430419921875,-21.967082977294922],[-40.974029541015625,-21.965694427490178],[-40.97430419921875,-21.96291732788086],[-40.97430419921875,-21.958194732666016],[-40.97458267211914,-21.958194732666016],[-40.97458267211914,-21.944026947021484],[-40.97513961791992,-21.94069480895996],[-40.97541809082031,-21.94069480895996],[-40.97541809082031,-21.93763923645008],[-40.97597122192377,-21.933195114135742],[-40.97652816772455,-21.931804656982422],[-40.97652816772455,-21.930141448974553],[-40.97819519042969,-21.923194885253906],[-40.97930526733393,-21.919305801391545],[-40.97986221313471,-21.918470382690316],[-40.97986221313471,-21.917358398437443],[-40.98041534423828,-21.91653060913086],[-40.98041534423828,-21.915542602539006],[-41.12783432006836,-21.912277221679688],[-41.140419006347656,-21.89478111267084],[-41.153846740722656,-21.882835388183537],[-41.15734481811518,-21.87464714050293],[-41.15946197509754,-21.865692138671875],[-41.15383911132801,-21.860366821289062],[-41.151454925536996,-21.83861351013178],[-41.148941040039006,-21.81911087036127],[-41.150455474853516,-21.815574645996094],[-41.15475463867182,-21.8082332611084],[-41.167701721191406,-21.7890625],[-41.17757415771479,-21.775636672973633],[-41.17229080200195,-21.748313903808594],[-41.1920166015625,-21.73104286193842],[-41.191982269286996,-21.726694107055664],[-41.17646026611328,-21.718040466308537],[-41.17184448242182,-21.711339950561523],[-41.16438293457031,-21.70924758911127],[-41.15226364135742,-21.697265624999886],[-41.14453125,-21.6940975189209],[-41.13607025146479,-21.677738189697266],[-41.14107131958008,-21.677286148071175],[-41.139102935791016,-21.67195510864252],[-41.148296356201115,-21.67192649841303],[-41.14643096923828,-21.675945281982422],[-41.15940856933594,-21.675031661987305],[-41.17829513549805,-21.6885089874267],[-41.188240051269474,-21.687124252319336],[-41.189182281494084,-21.68256759643549],[-41.19680404663086,-21.682401657104435],[-41.183349609375,-21.616397857666016],[-41.181636810302734,-21.59816551208496],[-41.18184661865229,-21.594497680664062],[-41.189678192138615,-21.590007781982422],[-41.19796371459955,-21.590858459472656],[-41.206687927246094,-21.58379364013672],[-41.2177734375,-21.580726623535043],[-41.23310089111328,-21.564439773559513],[-41.264465332031136,-21.552185058593693],[-41.24391555786133,-21.520801544189396],[-41.22957992553711,-21.4997501373291],[-41.248996734619084,-21.500843048095703],[-41.26163101196289,-21.489341735839787],[-41.257606506347656,-21.486122131347543],[-41.255298614501896,-21.476102828979492],[-41.25874710083008,-21.46611785888672],[-41.25545883178711,-21.44414710998535],[-41.258075714111214,-21.4217014312743],[-41.266460418701115,-21.40706443786621],[-41.256912231445256,-21.395307540893555],[-41.257080078125,-21.38848114013672],[-41.24312973022461,-21.387920379638672],[-41.237442016601506,-21.381757736206055],[-41.23726272583002,-21.37498664855957],[-41.24324417114258,-21.36638641357422],[-41.255638122558594,-21.362533569335938],[-41.26413345336914,-21.363954544067383],[-41.26554489135742,-21.355884552001953],[-41.27237701416004,-21.353759765625],[-41.2632102966308,-21.340612411498967],[-41.25809860229492,-21.34001159667963],[-41.25890731811518,-21.33223915100092],[-41.263553619384766,-21.33271980285633],[-41.250274658203125,-21.320531845092773],[-41.24925994873047,-21.312053680419865],[-41.24905014038086,-21.309339523315373],[-41.262210845947266,-21.314733505249023],[-41.27693939208979,-21.312103271484375],[-41.29607009887695,-21.31623458862299],[-41.29921340942383,-21.31116485595703],[-41.30718231201166,-21.313777923583928],[-41.31273651123047,-21.311960220336914],[-41.31002426147455,-21.302062988281136],[-41.30260467529291,-21.298011779785156],[-41.29009246826166,-21.273590087890625],[-41.287796020507756,-21.256898880004826],[-41.28116226196289,-21.249755859375],[-41.27241134643555,-21.246570587158203],[-41.2770156860351,-21.24024772644043],[-41.28382110595692,-21.234943389892578],[-41.28596878051758,-21.2378253936767],[-41.288772583007756,-21.234174728393498],[-41.297256469726506,-21.234432220458928],[-41.311386108398324,-21.21929168701172],[-41.317626953125,-21.221595764160156],[-41.31702423095703,-21.213754653930664],[-41.32607650756836,-21.21308708190918],[-41.326171875,-21.21852111816395],[-41.33588027954096,-21.209468841552734],[-41.36359405517578,-21.202899932861328],[-41.372966766357365,-21.203428268432617],[-41.37746047973627,-21.195741653442326],[-41.38137054443354,-21.196407318115234],[-41.38222122192377,-21.200260162353516],[-41.392436981201115,-21.20210838317871],[-41.403324127197266,-21.198907852172795],[-41.40678405761719,-21.2027645111084],[-41.410614013671875,-21.199110031127816],[-41.41318893432617,-21.201728820800724],[-41.41724395751942,-21.199842453002873],[-41.43557357788086,-21.216018676757756],[-41.447879791259766,-21.214130401611214],[-41.45408248901367,-21.208351135253906],[-41.46996307373041,-21.20356941223139],[-41.46717071533203,-21.224536895751953],[-41.47096633911133,-21.231517791748047],[-41.486778259277344,-21.23809623718256],[-41.49839019775385,-21.248882293701172],[-41.50216293334961,-21.261669158935547],[-41.51499557495106,-21.261789321899414],[-41.525794982910156,-21.26805877685547],[-41.52632522583002,-21.275766372680607],[-41.536190032958984,-21.28146362304676],[-41.53738403320307,-21.27960777282715],[-41.55405044555664,-21.296419143676758],[-41.57150650024414,-21.303768157958928],[-41.58867263793945,-21.311649322509766],[-41.58448410034174,-21.316919326782227],[-41.55312347412104,-21.426313400268555],[-41.55219268798828,-21.429563522338867],[-41.51274490356445,-21.417474746704045],[-41.449741363525334,-21.398149490356445],[-41.44702911376953,-21.406902313232422],[-41.4304962158202,-21.41398620605463],[-41.4246940612793,-21.427423477172738],[-41.41749954223627,-21.434232711791992],[-41.412322998046875,-21.44363212585438],[-41.412864685058594,-21.463714599609375],[-41.3981819152832,-21.472501754760685],[-41.394554138183594,-21.47907066345215],[-41.38960647583008,-21.479007720947266],[-41.39011001586914,-21.482452392578125],[-41.37199020385742,-21.505247116088867],[-41.37361145019531,-21.511959075927678],[-41.370769500732365,-21.514774322509766],[-41.37385559082031,-21.520666122436467],[-41.36940002441406,-21.533866882324162],[-41.37313461303711,-21.541118621826115],[-41.397190093994084,-21.562833786010685],[-41.40058135986328,-21.583412170410156],[-41.40252685546869,-21.601108551025334],[-41.408016204833984,-21.607221603393555],[-41.418052673339844,-21.609842300414982],[-41.42521667480463,-21.61061286926264],[-41.428428649902344,-21.616802215576172],[-41.49007415771479,-21.674631118774414],[-41.501773834228516,-21.6530818939209],[-41.5150527954101,-21.64116859436035],[-41.5347785949707,-21.623092651367188],[-41.53913497924805,-21.6218204498291],[-41.5416374206543,-21.627159118652287],[-41.55393981933594,-21.63000869750971],[-41.556053161621094,-21.639984130859375],[-41.56471252441406,-21.64267921447754],[-41.56892013549805,-21.640167236328125],[-41.57470703125,-21.645559310913086],[-41.573974609375,-21.64967155456543],[-41.583885192871094,-21.65334892272938],[-41.59030151367182,-21.664064407348633],[-41.6102180480957,-21.664329528808537],[-41.61822509765625,-21.670106887817326],[-41.64022445678711,-21.669839859008732],[-41.65070724487305,-21.687759399414062],[-41.65552902221674,-21.692821502685547],[-41.682891845703125,-21.703304290771484],[-41.68310928344721,-21.70740509033203],[-41.68963623046875,-21.711948394775277],[-41.691989898681584,-21.709888458251953],[-41.695972442626896,-21.714534759521484],[-41.70121765136713,-21.725738525390625],[-41.6998291015625,-21.739330291748047],[-41.712425231933594,-21.75422859191889],[-41.717639923095646,-21.752843856811523],[-41.7313613891601,-21.763936996459904],[-41.736434936523324,-21.763002395629826],[-41.75172424316406,-21.78037834167469],[-41.747703552246094,-21.78915214538563],[-41.77670669555664,-21.786859512328988],[-41.78955841064442,-21.78186607360834],[-41.79561233520508,-21.784080505371094],[-41.79446792602539,-21.78846931457514],[-41.795387268066406,-21.793397903442383],[-41.809673309326115,-21.79707145690918],[-41.81173324584961,-21.804311752319222],[-41.82088088989258,-21.813684463500977],[-41.833206176757756,-21.81962013244629],[-41.83996963500971,-21.834655761718693],[-41.854118347167855,-21.839424133300724],[-41.88887405395508,-21.863504409789982],[-41.88433074951166,-21.872117996215707],[-41.88739013671869,-21.880844116210824],[-41.85746383666992,-21.885128021240178],[-41.8382835388183,-21.88774681091303],[-41.79728317260731,-21.876754760742188],[-41.78936004638666,-21.880920410156193],[-41.78829956054682,-21.88817024230957],[-41.73974990844721,-21.890180587768555],[-41.719745635986214,-21.887115478515568],[-41.70724105834955,-21.89300727844227],[-41.71286010742182,-21.902326583862248],[-41.71099853515625,-21.905422210693303],[-41.716339111328125,-21.909353256225586],[-41.71447372436518,-21.923374176025334],[-41.720726013183594,-21.944478988647404],[-41.71272659301758,-21.961561203002873],[-41.71977615356445,-21.967498779296818],[-41.716163635253906,-21.982795715331918],[-41.72160720825195,-21.99289894104004],[-41.73036575317383,-21.996105194091797],[-41.74150085449219,-22.008832931518555],[-41.74885559082031,-22.010395050048828],[-41.763504028320256,-22.0241756439209],[-41.76375198364258,-22.017940521240234],[-41.773475646972656,-22.021877288818303],[-41.7636604309082,-22.034927368164006],[-41.76342010498041,-22.044036865234375],[-41.76639175415039,-22.045969009399357],[-41.75971984863281,-22.05278205871582],[-41.761573791503906,-22.063480377197266],[-41.75476837158203,-22.07078552246088],[-41.755088806152344,-22.07186889648426],[-41.750606536865234,-22.085983276367074],[-41.740310668945256,-22.086406707763672],[-41.73716735839838,-22.083679199218693],[-41.73413467407221,-22.07638168334961],[-41.72636032104492,-22.069358825683537],[-41.723159790039006,-22.06995964050293],[-41.71725082397455,-22.05965042114252],[-41.700138092041016,-22.049560546875],[-41.697498321533146,-22.053813934326115],[-41.69145202636719,-22.050594329833928],[-41.68265914916992,-22.054828643798828],[-41.676475524902344,-22.05867576599121],[-41.662193298339844,-22.057966232299748],[-41.65800094604492,-22.057758331298828],[-41.652881622314396,-22.05849075317377],[-41.64287948608387,-22.053123474121094],[-41.6240234375,-22.051223754882812],[-41.61674880981434,-22.0467472076416],[-41.60152053833008,-22.051559448242188],[-41.59510803222656,-22.047058105468693],[-41.59056091308594,-22.047643661499023],[-41.560466766357365,-22.05383682250971],[-41.55779647827143,-22.054544448852482],[-41.5428581237793,-22.05336761474598],[-41.520164489746094,-22.017953872680664],[-41.493831634521484,-22.006921768188477],[-41.479827880859375,-21.999094009399414],[-41.47518539428711,-22.003202438354492],[-41.470439910888615,-22.000974655151367],[-41.466575622558594,-21.986248016357422],[-41.45307540893549,-21.9827938079834],[-41.45187759399414,-21.973852157592717],[-41.440410614013615,-21.9826602935791],[-41.30963134765619,-22.049053192138615],[-41.27729415893555,-22.0654354095459],[-41.257007598876896,-22.09967041015625],[-41.240379333496094,-22.09919548034668],[-41.23006820678711,-22.095397949218693],[-41.22379684448242,-22.097763061523438],[-41.20796203613281,-22.096586227416935],[-41.20151519775385,-22.104003906249886],[-41.19926452636719,-22.101825714111328],[-41.19579315185541,-22.10479736328125],[-41.19154739379883,-22.103574752807504],[-41.192367553710824,-22.100694656372013],[-41.18978881835926,-22.10039329528803],[-41.18951416015625,-22.09913253784174],[-41.17968368530262,-22.09922027587885],[-41.176876068115234,-22.095685958862305],[-41.1606826782226,-22.10213851928711],[-41.158626556396484,-22.09392547607422],[-41.15599060058594,-22.096481323242188],[-41.15217971801752,-22.095006942749023],[-41.152214050292855,-22.098957061767578],[-41.14907455444336,-22.09576988220215],[-41.14571380615229,-22.098775863647404],[-41.14159393310541,-22.09514045715332],[-41.14581298828119,-22.089908599853516],[-41.132358551025334,-22.090402603149357],[-41.13180541992176,-22.090644836425724]]]},"properties":{"id_cidade":3301009,"cidade":"Campos dos Goytacazes","id_microrregiao":330203,"id_mesorregiao":3302,"id_estado":33,"id_regiao":3}},{"type":"Feature","geometry":{"type":"Polygon","coordinates":[[[-42.318115234375,-21.997785568237248],[-42.31386566162104,-21.997282028198242],[-42.308311462402344,-21.98138427734375],[-42.30131530761719,-21.98797607421875],[-42.30023574829096,-21.97479248046875],[-42.29225540161133,-21.981769561767578],[-42.289005279541016,-21.979927062988224],[-42.27870178222656,-21.98869514465332],[-42.27208709716791,-21.984937667846566],[-42.26200485229481,-21.988035202026367],[-42.257747650146484,-21.990320205688477],[-42.249839782714844,-21.977310180664062],[-42.24345016479492,-21.97321891784668],[-42.243389129638615,-21.97303581237793],[-42.24078369140625,-21.964555740356445],[-42.243484497070256,-21.953779220581055],[-42.233676910400334,-21.93698883056635],[-42.22834777832031,-21.934768676757812],[-42.221012115478516,-21.91854286193842],[-42.21056365966797,-21.919416427612248],[-42.214035034179574,-21.910152435302734],[-42.22106933593744,-21.909608840942383],[-42.21800994873041,-21.905532836914006],[-42.21350860595703,-21.897245407104492],[-42.215232849121094,-21.891921997070312],[-42.21031188964838,-21.888328552246094],[-42.21062088012695,-21.88044357299799],[-42.207096099853516,-21.877792358398324],[-42.19931793212885,-21.88166618347168],[-42.19045257568354,-21.87425422668457],[-42.184226989746094,-21.875381469726506],[-42.182842254638615,-21.86980438232422],[-42.171482086181584,-21.866867065429688],[-42.167095184326115,-21.859424591064453],[-42.182178497314396,-21.830852508544865],[-42.202632904052734,-21.792057037353402],[-42.22769546508789,-21.725831985473633],[-42.23767089843744,-21.69812774658203],[-42.24589538574219,-21.705690383911076],[-42.266971588134766,-21.714214324951115],[-42.26731109619135,-21.71421051025385],[-42.2711448669433,-21.715682983398438],[-42.307159423828125,-21.729520797729435],[-42.31206512451166,-21.735807418823185],[-42.335777282714844,-21.746248245239258],[-42.356487274169865,-21.741891860961914],[-42.37672805786127,-21.74850082397461],[-42.38273620605463,-21.752906799316406],[-42.391082763671875,-21.760162353515625],[-42.46060562133789,-21.785453796386662],[-42.46268081665039,-21.79582977294922],[-42.46892929077143,-21.79891014099121],[-42.46240234375,-21.811536788940373],[-42.454231262206974,-21.817628860473576],[-42.45228958129883,-21.817668914794922],[-42.44865036010742,-21.820165634155273],[-42.4497833251952,-21.82553100585926],[-42.43986892700184,-21.829814910888615],[-42.44776535034174,-21.83257484436035],[-42.440372467041016,-21.84089469909668],[-42.452060699462834,-21.847814559936523],[-42.453124999999886,-21.852764129638672],[-42.435054779052734,-21.865642547607422],[-42.43059539794916,-21.871349334716797],[-42.43914794921875,-21.878997802734318],[-42.452693939208984,-21.87712097167963],[-42.45772933959961,-21.879699707031136],[-42.459842681884766,-21.880878448486328],[-42.47320938110346,-21.893241882324105],[-42.48075866699213,-21.89269256591797],[-42.49501419067383,-21.902914047241154],[-42.510120391845646,-21.908329010009766],[-42.504585266113224,-21.91535568237299],[-42.48199462890619,-21.94741058349598],[-42.41518783569336,-22.040372848510742],[-42.411064147949105,-22.03389549255371],[-42.40359497070307,-22.030481338500977],[-42.40154266357422,-22.020397186279297],[-42.392704010009766,-22.015573501586914],[-42.39178466796869,-22.009998321533203],[-42.384281158447266,-22.002748489379826],[-42.374210357666016,-22.003679275512695],[-42.35454559326172,-22.003389358520508],[-42.318115234375,-21.997785568237248]]]},"properties":{"id_cidade":3301108,"cidade":"Cantagalo","id_microrregiao":330306,"id_mesorregiao":3303,"id_estado":33,"id_regiao":3}},{"type":"Feature","geometry":{"type":"Polygon","coordinates":[[[-41.53913497924805,-21.6218204498291],[-41.5347785949707,-21.623092651367188],[-41.5150527954101,-21.64116859436035],[-41.501773834228516,-21.6530818939209],[-41.49007415771479,-21.674631118774414],[-41.428428649902344,-21.616802215576172],[-41.42521667480463,-21.61061286926264],[-41.418052673339844,-21.609842300414982],[-41.408016204833984,-21.607221603393555],[-41.40252685546869,-21.601108551025334],[-41.40058135986328,-21.583412170410156],[-41.397190093994084,-21.562833786010685],[-41.37313461303711,-21.541118621826115],[-41.36940002441406,-21.533866882324162],[-41.37385559082031,-21.520666122436467],[-41.370769500732365,-21.514774322509766],[-41.37361145019531,-21.511959075927678],[-41.37199020385742,-21.505247116088867],[-41.39011001586914,-21.482452392578125],[-41.38960647583008,-21.479007720947266],[-41.394554138183594,-21.47907066345215],[-41.3981819152832,-21.472501754760685],[-41.412864685058594,-21.463714599609375],[-41.412322998046875,-21.44363212585438],[-41.41749954223627,-21.434232711791992],[-41.4246940612793,-21.427423477172738],[-41.4304962158202,-21.41398620605463],[-41.44702911376953,-21.406902313232422],[-41.449741363525334,-21.398149490356445],[-41.51274490356445,-21.417474746704045],[-41.55219268798828,-21.429563522338867],[-41.55935287475586,-21.437406539916935],[-41.568950653076115,-21.444955825805607],[-41.57466506958002,-21.446588516235238],[-41.579441070556584,-21.45872688293457],[-41.59444046020508,-21.46942710876465],[-41.60195159912104,-21.482263565063477],[-41.618640899658146,-21.471410751342773],[-41.655090332031136,-21.479263305664062],[-41.6424446105957,-21.533834457397404],[-41.62726974487305,-21.596052169799805],[-41.568359375,-21.568296432495117],[-41.54193878173828,-21.56145858764637],[-41.548789978027344,-21.615194320678654],[-41.53913497924805,-21.6218204498291]]]},"properties":{"id_cidade":3301157,"cidade":"Cardoso Moreira","id_microrregiao":330203,"id_mesorregiao":3302,"id_estado":33,"id_regiao":3}},{"type":"Feature","geometry":{"type":"Polygon","coordinates":[[[-41.53794097900385,-22.232639312744084],[-41.534545898437386,-22.229164123535156],[-41.54927444458008,-22.225326538085938],[-41.54751968383789,-22.220487594604435],[-41.55326461791992,-22.20192527770996],[-41.549537658691406,-22.2005996704101],[-41.53905487060547,-22.1962833404541],[-41.539127349853516,-22.190338134765625],[-41.54365158081055,-22.187118530273438],[-41.547523498535156,-22.179353713989258],[-41.55260467529297,-22.164752960204964],[-41.557437896728516,-22.155754089355412],[-41.57471466064453,-22.139251708984375],[-41.59265899658203,-22.13464927673334],[-41.63820266723627,-22.123079299926758],[-41.69319152832031,-22.109081268310547],[-41.704036712646484,-22.20478630065918],[-41.70649719238281,-22.226482391357422],[-41.704978942871094,-22.246690750122013],[-41.70539093017578,-22.257926940917855],[-41.70750427246088,-22.267782211303654],[-41.70530319213867,-22.276628494262695],[-41.70038986206043,-22.281015396118164],[-41.69591522216797,-22.286300659179688],[-41.689640045166016,-22.29885482788086],[-41.68902206420893,-22.299861907958928],[-41.68624877929682,-22.298471450805607],[-41.68486022949219,-22.297361373901254],[-41.68375015258789,-22.297361373901254],[-41.68236160278309,-22.29652786254877],[-41.67930603027338,-22.293752670288086],[-41.678749084472656,-22.293752670288086],[-41.67708206176752,-22.292360305786133],[-41.676250457763615,-22.292360305786133],[-41.675140380859375,-22.29152870178217],[-41.67375183105463,-22.29097175598133],[-41.67124938964844,-22.289304733276367],[-41.66736221313471,-22.287916183471623],[-41.66708374023432,-22.287361145019474],[-41.664859771728516,-22.286527633666992],[-41.66347122192377,-22.28541755676264],[-41.66236114501953,-22.285139083862248],[-41.661529541015625,-22.284305572509766],[-41.65986251831055,-22.284027099609318],[-41.65597152709961,-22.282363891601562],[-41.654304504394474,-22.281251907348633],[-41.653472900390625,-22.281251907348633],[-41.6515274047851,-22.28013801574707],[-41.650417327880746,-22.279027938842717],[-41.64819335937494,-22.278749465942326],[-41.64819335937494,-22.278194427490234],[-41.6462516784668,-22.278194427490234],[-41.645416259765625,-22.277360916137695],[-41.64291763305664,-22.277360916137695],[-41.64236068725586,-22.27625083923334],[-41.64097213745106,-22.27541732788086],[-41.640140533447266,-22.27541732788086],[-41.63624954223633,-22.273471832275277],[-41.63597106933594,-22.272916793823185],[-41.633750915527344,-22.27180671691883],[-41.63208389282221,-22.271249771118164],[-41.63097381591797,-22.271249771118164],[-41.62847137451166,-22.270416259765568],[-41.62680435180664,-22.26958465576172],[-41.62652587890625,-22.269027709960938],[-41.625415802001896,-22.268749237060547],[-41.62319564819336,-22.267360687255803],[-41.62180709838856,-22.267360687255803],[-41.62125015258789,-22.266527175903263],[-41.620140075683594,-22.266527175903263],[-41.619583129882756,-22.265970230102482],[-41.618473052978516,-22.265970230102482],[-41.61513900756836,-22.264583587646428],[-41.61236190795887,-22.262916564941406],[-41.6109733581543,-22.262916564941406],[-41.60930633544916,-22.261806488037053],[-41.604583740234375,-22.25986099243164],[-41.603748321533146,-22.25986099243164],[-41.60208511352539,-22.258472442626896],[-41.60097122192383,-22.258472442626896],[-41.59958267211903,-22.257917404174805],[-41.598472595214844,-22.25708580017084],[-41.59569549560547,-22.25597381591797],[-41.5948600769043,-22.25597381591797],[-41.593193054199105,-22.254863739013615],[-41.59236145019531,-22.254863739013615],[-41.58763885498041,-22.25235939025879],[-41.58680725097645,-22.25235939025879],[-41.58597183227539,-22.251527786254883],[-41.584304809570256,-22.251249313354492],[-41.582359313964844,-22.25013923645014],[-41.578193664550724,-22.248472213745117],[-41.5756950378418,-22.247917175292855],[-41.57513809204096,-22.247360229492188],[-41.57347106933594,-22.246805191039982],[-41.57041549682617,-22.24541664123535],[-41.569862365722656,-22.24486160278309],[-41.567359924316406,-22.244306564330998],[-41.564861297607365,-22.243473052978516],[-41.56430435180664,-22.2429141998291],[-41.5618057250976,-22.242361068725586],[-41.559028625488224,-22.241249084472656],[-41.557918548583984,-22.24041748046875],[-41.55708312988281,-22.24041748046875],[-41.55513763427729,-22.23958206176752],[-41.55458450317383,-22.23902702331543],[-41.55208206176752,-22.237916946411076],[-41.54958343505854,-22.237638473510685],[-41.54708480834961,-22.237083435058594],[-41.54541778564442,-22.235971450805664],[-41.543472290039006,-22.23541641235346],[-41.5426406860351,-22.23458290100092],[-41.5412483215332,-22.234027862548828],[-41.539585113525334,-22.234027862548828],[-41.53847122192383,-22.233749389648438],[-41.53794097900385,-22.232639312744084]]]},"properties":{"id_cidade":3300936,"cidade":"Carapebus","id_microrregiao":330204,"id_mesorregiao":3302,"id_estado":33,"id_regiao":3}},{"type":"Feature","geometry":{"type":"Polygon","coordinates":[[[-42.691680908203125,-21.969873428344613],[-42.638248443603516,-21.991809844970703],[-42.57242965698231,-22.019113540649414],[-42.57095718383789,-22.011196136474553],[-42.560600280761605,-22.004083633422795],[-42.5602073669433,-21.99932861328125],[-42.55307006835926,-22.001506805419922],[-42.54758071899414,-21.99681472778309],[-42.54696655273426,-21.99340629577631],[-42.55140686035156,-21.991853713989258],[-42.547317504882756,-21.98418617248535],[-42.55319595336914,-21.975833892822152],[-42.5513916015625,-21.967586517333984],[-42.55723571777338,-21.96684455871582],[-42.55542373657221,-21.961868286132812],[-42.55873489379883,-21.95781707763672],[-42.555694580078125,-21.951934814453125],[-42.55156707763672,-21.954555511474553],[-42.5468864440918,-21.952133178710938],[-42.549400329589844,-21.94955062866211],[-42.544219970703125,-21.935497283935547],[-42.54668045043934,-21.930362701416016],[-42.53843688964844,-21.928693771362305],[-42.53812789916992,-21.916166305541935],[-42.52764892578125,-21.907012939453125],[-42.518089294433594,-21.913543701171818],[-42.5119743347168,-21.912946701049805],[-42.510120391845646,-21.908329010009766],[-42.49501419067383,-21.902914047241154],[-42.48075866699213,-21.89269256591797],[-42.47320938110346,-21.893241882324105],[-42.459842681884766,-21.880878448486328],[-42.45772933959961,-21.879699707031136],[-42.452693939208984,-21.87712097167963],[-42.43914794921875,-21.878997802734318],[-42.43059539794916,-21.871349334716797],[-42.435054779052734,-21.865642547607422],[-42.453124999999886,-21.852764129638672],[-42.452060699462834,-21.847814559936523],[-42.440372467041016,-21.84089469909668],[-42.44776535034174,-21.83257484436035],[-42.43986892700184,-21.829814910888615],[-42.4497833251952,-21.82553100585926],[-42.44865036010742,-21.820165634155273],[-42.45228958129883,-21.817668914794922],[-42.454231262206974,-21.817628860473576],[-42.46240234375,-21.811536788940373],[-42.46892929077143,-21.79891014099121],[-42.46268081665039,-21.79582977294922],[-42.46060562133789,-21.785453796386662],[-42.53466796875,-21.81848716735834],[-42.58234024047846,-21.837724685668945],[-42.580955505371094,-21.846216201782227],[-42.59737014770508,-21.853729248046818],[-42.60519027709961,-21.855075836181584],[-42.60849380493164,-21.852186203002816],[-42.62098693847656,-21.8594074249267],[-42.64692687988281,-21.86721038818348],[-42.66881561279291,-21.875263214111328],[-42.668437957763615,-21.880144119262695],[-42.66761016845703,-21.882488250732422],[-42.6639289855957,-21.891849517822266],[-42.669654846191406,-21.897695541381836],[-42.662654876708984,-21.906713485717717],[-42.66432189941406,-21.916158676147404],[-42.67101669311518,-21.922840118408203],[-42.67329025268549,-21.936849594116154],[-42.68054199218744,-21.94919586181635],[-42.691402435302734,-21.951152801513672],[-42.69978713989258,-21.96099090576172],[-42.690174102783146,-21.963619232177678],[-42.691680908203125,-21.969873428344613]]]},"properties":{"id_cidade":3301207,"cidade":"Carmo","id_microrregiao":330306,"id_mesorregiao":3303,"id_estado":33,"id_regiao":3}},{"type":"Feature","geometry":{"type":"Polygon","coordinates":[[[-41.97926330566406,-22.56291580200184],[-41.983135223388615,-22.554235458374023],[-41.9832878112793,-22.554542541503906],[-41.987049102783146,-22.546682357788086],[-41.98769378662104,-22.540767669677678],[-41.99015808105469,-22.514659881591683],[-41.98993682861328,-22.506952285766545],[-42.00605010986328,-22.485984802246094],[-42.016025543212834,-22.4842529296875],[-42.02755737304682,-22.468940734863224],[-42.02950286865223,-22.455945968627873],[-42.01967239379877,-22.44972419738764],[-42.02095031738281,-22.444007873535156],[-42.02003097534174,-22.430507659912053],[-42.01564407348627,-22.425731658935547],[-42.036811828613224,-22.432298660278263],[-42.037117004394474,-22.428113937377816],[-42.04783630371094,-22.424314498901367],[-42.064842224121094,-22.42294692993164],[-42.06389617919916,-22.434190750122013],[-42.069278717041016,-22.43580818176264],[-42.072788238525334,-22.432115554809457],[-42.07686233520502,-22.431262969970703],[-42.08822250366205,-22.439142227172795],[-42.09714126586914,-22.43840789794922],[-42.10647201538086,-22.436042785644474],[-42.099220275878906,-22.418262481689453],[-42.099781036376896,-22.405273437499886],[-42.1175918579101,-22.402408599853402],[-42.12475585937494,-22.405960083007812],[-42.12694931030268,-22.412769317626896],[-42.138278961181584,-22.41320037841797],[-42.14158248901367,-22.424930572509766],[-42.146060943603516,-22.427717208862248],[-42.15307235717768,-22.42164230346674],[-42.16205978393543,-22.423765182495117],[-42.16203308105463,-22.42803382873535],[-42.17192077636719,-22.42180633544922],[-42.180557250976506,-22.429315567016545],[-42.18889236450195,-22.433195114135742],[-42.20382690429682,-22.42860031127924],[-42.207672119140625,-22.420856475830078],[-42.20544815063471,-22.413980484008732],[-42.21950149536133,-22.406047821044922],[-42.210983276367074,-22.39581871032715],[-42.21442413330078,-22.391599655151367],[-42.2077522277832,-22.387609481811523],[-42.2109260559082,-22.38121223449707],[-42.21614074707031,-22.382780075073185],[-42.21589660644531,-22.374357223510742],[-42.205417633056584,-22.37061882019043],[-42.20631027221668,-22.36845588684082],[-42.211700439453125,-22.361663818359318],[-42.217815399169865,-22.35984992980957],[-42.21875762939453,-22.35529136657715],[-42.22600173950195,-22.352455139160156],[-42.22316741943354,-22.35865020751953],[-42.24053192138666,-22.36150932312006],[-42.25189971923817,-22.36743736267084],[-42.25836563110346,-22.36652946472168],[-42.259925842285156,-22.371435165405217],[-42.276729583740234,-22.37918472290039],[-42.29033660888672,-22.39108467102045],[-42.27906417846674,-22.402006149291992],[-42.270896911621094,-22.402769088745117],[-42.28075408935547,-22.41235923767084],[-42.289615631103516,-22.4283504486084],[-42.29464340209961,-22.430658340454045],[-42.29703903198242,-22.442768096923828],[-42.30440139770508,-22.45826339721674],[-42.30192184448242,-22.46591949462885],[-42.2945671081543,-22.465837478637695],[-42.29006576538086,-22.466691970825195],[-42.28325653076166,-22.4785213470459],[-42.2710075378418,-22.48638153076172],[-42.26751708984369,-22.498580932617188],[-42.26169586181635,-22.505985260009766],[-42.265926361083984,-22.5194416046142],[-42.26095199584955,-22.527536392211914],[-42.26242446899414,-22.531185150146484],[-42.25511169433588,-22.532430648803654],[-42.25225448608393,-22.544281005859318],[-42.247200012206974,-22.546068191528263],[-42.21506500244135,-22.538915634155217],[-42.205646514892464,-22.5412540435791],[-42.19781494140619,-22.548263549804688],[-42.19324874877918,-22.547939300536996],[-42.187862396240234,-22.555080413818303],[-42.186424255371094,-22.55097007751465],[-42.18255233764643,-22.552656173705998],[-42.176788330078125,-22.545717239379883],[-42.171863555908146,-22.54851150512684],[-42.16186523437494,-22.545028686523438],[-42.1520881652832,-22.547914505004883],[-42.15398025512695,-22.552757263183594],[-42.15023040771479,-22.55617713928217],[-42.14162063598627,-22.549079895019474],[-42.14824676513672,-22.54177474975586],[-42.1442298889159,-22.541000366210938],[-42.134033203125,-22.54331779479969],[-42.13108444213867,-22.55259132385254],[-42.133449554443246,-22.555377960204964],[-42.12750244140619,-22.557998657226562],[-42.12178421020502,-22.554798126220646],[-42.12467575073231,-22.564624786376896],[-42.11016845703119,-22.567207336425668],[-42.105560302734375,-22.560644149780217],[-42.1008415222168,-22.564704895019474],[-42.0963401794433,-22.561477661132756],[-42.09222793579096,-22.563428878784123],[-42.092193603515625,-22.573253631591797],[-42.08435821533203,-22.570024490356445],[-42.07969284057617,-22.575321197509766],[-42.0731086730957,-22.568180084228516],[-42.066837310791016,-22.56869125366211],[-42.063144683837834,-22.57346343994135],[-42.06150436401367,-22.560514450073242],[-42.048755645751896,-22.56242370605463],[-42.04244613647455,-22.568899154663086],[-42.03661346435547,-22.560407638549805],[-42.0333366394043,-22.56121635437006],[-42.030113220214844,-22.571260452270394],[-42.021507263183594,-22.56907653808588],[-42.01967239379877,-22.578420639038086],[-42.011726379394474,-22.57104301452631],[-42.005084991454964,-22.584648132324162],[-41.994094848632756,-22.57015037536621],[-41.99488067626942,-22.575664520263615],[-41.993011474609375,-22.5768985748291],[-41.9912490844726,-22.58041763305664],[-41.99069595336914,-22.581249237060547],[-41.99069595336914,-22.582639694213867],[-41.9912490844726,-22.584028244018498],[-41.99180603027338,-22.584304809570312],[-41.99236297607422,-22.585971832275334],[-41.99236297607422,-22.587083816528263],[-41.994304656982365,-22.589582443237305],[-41.99541473388672,-22.591806411743164],[-41.99541473388672,-22.59402847290039],[-41.99514007568354,-22.59486198425293],[-41.993751525878906,-22.59458351135254],[-41.992916107177734,-22.59347152709961],[-41.99041748046875,-22.59486198425293],[-41.99041748046875,-22.596250534057617],[-41.99152755737299,-22.5987491607666],[-41.98930740356445,-22.5987491607666],[-41.989028930664006,-22.597084045410156],[-41.988193511962834,-22.59513854980463],[-41.988471984863224,-22.59347152709961],[-41.988471984863224,-22.591249465942326],[-41.987361907958984,-22.5909748077392],[-41.987361907958984,-22.587083816528263],[-41.9868049621582,-22.585695266723633],[-41.9868049621582,-22.584028244018498],[-41.98652648925781,-22.582916259765568],[-41.98541641235346,-22.582639694213867],[-41.98569488525385,-22.581527709960938],[-41.98569488525385,-22.5795841217041],[-41.984584808349496,-22.577362060546875],[-41.98430633544922,-22.576250076293945],[-41.98347091674805,-22.575693130493164],[-41.98347091674805,-22.57402801513672],[-41.982639312744084,-22.572639465331918],[-41.982639312744084,-22.571527481079045],[-41.9820823669433,-22.570972442626953],[-41.98152923583973,-22.56930541992176],[-41.98152923583973,-22.568195343017578],[-41.979862213134766,-22.565414428710938],[-41.97926330566406,-22.56291580200184]]]},"properties":{"id_cidade":3301306,"cidade":"Casimiro de Abreu","id_microrregiao":330409,"id_mesorregiao":3304,"id_estado":33,"id_regiao":3}},{"type":"Feature","geometry":{"type":"Polygon","coordinates":[[[-43.13005447387695,-22.03552627563471],[-43.13103103637695,-22.029975891113224],[-43.14410400390625,-22.033723831176758],[-43.14752197265625,-22.03111457824707],[-43.15507888793945,-22.032424926757812],[-43.1633415222168,-22.028514862060547],[-43.16466140747059,-22.02293586730957],[-43.16949462890619,-22.022199630737248],[-43.201988220214844,-22.037103652953988],[-43.204692840576115,-22.035263061523438],[-43.20298004150385,-22.025520324706918],[-43.213291168212834,-22.030378341674805],[-43.22237014770508,-22.031585693359318],[-43.23357009887695,-22.023902893066406],[-43.2366943359375,-22.022867202758732],[-43.23656845092762,-22.013248443603516],[-43.246498107910156,-22.007028579711857],[-43.25474548339838,-22.01198768615717],[-43.262359619140625,-22.00852966308588],[-43.269187927246094,-22.012296676635685],[-43.28046798706055,-22.011035919189453],[-43.30094146728504,-22.019634246826172],[-43.31685638427729,-22.016036987304688],[-43.32175064086914,-22.006742477416935],[-43.33082962036133,-22.010898590087834],[-43.33932876586914,-22.01055908203125],[-43.34679794311518,-22.004055023193303],[-43.34605407714844,-22.054519653320312],[-43.340488433837834,-22.050243377685547],[-43.31682586669922,-22.064905166625977],[-43.29827880859375,-22.06396293640131],[-43.29252624511713,-22.0688858032226],[-43.28298950195307,-22.067066192626896],[-43.28133010864258,-22.073387145996037],[-43.27444076538086,-22.075109481811523],[-43.268550872802734,-22.07234764099121],[-43.262271881103516,-22.059936523437443],[-43.25532913208002,-22.056617736816406],[-43.259433746337834,-22.102958679199105],[-43.21438217163086,-22.06708908081049],[-43.14329910278309,-22.046176910400334],[-43.141105651855355,-22.039522171020508],[-43.13005447387695,-22.03552627563471]]]},"properties":{"id_cidade":3300951,"cidade":"Comendador Levy Gasparian","id_microrregiao":330305,"id_mesorregiao":3303,"id_estado":33,"id_regiao":3}},{"type":"Feature","geometry":{"type":"Polygon","coordinates":[[[-41.971694946289006,-22.131744384765568],[-41.97303390502924,-22.15683937072754],[-41.95316696166992,-22.1518611907959],[-41.941612243652344,-22.158765792846623],[-41.9345588684082,-22.16492843627924],[-41.92086029052729,-22.161815643310547],[-41.919559478759766,-22.171009063720703],[-41.91400146484369,-22.169395446777287],[-41.90828323364252,-22.174863815307617],[-41.91155242919922,-22.184965133666992],[-41.900970458984375,-22.18736839294428],[-41.90432357788086,-22.198934555053654],[-41.91805648803711,-22.215896606445312],[-41.918972015380746,-22.224754333496094],[-41.91524505615229,-22.23046875],[-41.90169525146479,-22.23241424560547],[-41.900390625,-22.239105224609318],[-41.90710830688471,-22.24220085144043],[-41.89455413818348,-22.248571395874023],[-41.89263916015619,-22.256776809692383],[-41.886077880859375,-22.259027481078988],[-41.88685607910156,-22.268407821655273],[-41.881919860839844,-22.273235321044922],[-41.86418151855469,-22.274377822875863],[-41.85969161987305,-22.269577026367188],[-41.85879898071289,-22.258312225341683],[-41.8520393371582,-22.24346160888672],[-41.839942932128906,-22.1994686126709],[-41.819587707519474,-22.186269760131836],[-41.824138641357365,-22.145305633544922],[-41.77169036865229,-22.179435729980412],[-41.70649719238281,-22.226482391357422],[-41.704036712646484,-22.20478630065918],[-41.69319152832031,-22.109081268310547],[-41.67530441284168,-22.07672500610346],[-41.66749572753906,-22.068456649780217],[-41.6634407043457,-22.068811416625977],[-41.662193298339844,-22.057966232299748],[-41.676475524902344,-22.05867576599121],[-41.68265914916992,-22.054828643798828],[-41.69145202636719,-22.050594329833928],[-41.697498321533146,-22.053813934326115],[-41.700138092041016,-22.049560546875],[-41.71725082397455,-22.05965042114252],[-41.723159790039006,-22.06995964050293],[-41.72636032104492,-22.069358825683537],[-41.73413467407221,-22.07638168334961],[-41.73716735839838,-22.083679199218693],[-41.740310668945256,-22.086406707763672],[-41.750606536865234,-22.085983276367074],[-41.766807556152344,-22.08478355407709],[-41.77877044677729,-22.096733093261662],[-41.79249191284174,-22.100013732910156],[-41.82161331176758,-22.099468231201172],[-41.83272171020502,-22.078287124633732],[-41.8388671875,-22.07423210144043],[-41.837505340576115,-22.071287155151367],[-41.84889602661133,-22.071453094482365],[-41.85747146606445,-22.063804626464844],[-41.85971069335932,-22.062040328979492],[-41.860893249511605,-22.06208992004383],[-41.86774826049799,-22.052082061767578],[-41.8773574829101,-22.055095672607422],[-41.8883438110351,-22.04910659790039],[-41.895000457763615,-22.05596923828125],[-41.89944839477539,-22.05488204956049],[-41.903438568115234,-22.057952880859375],[-41.90459060668945,-22.064889907836914],[-41.91028213500971,-22.06782913208002],[-41.93466949462885,-22.05668067932129],[-41.94225311279297,-22.07018280029297],[-41.96078109741211,-22.077373504638615],[-41.96255874633789,-22.095567703246957],[-41.95903015136719,-22.09863662719721],[-41.96269989013672,-22.105712890624943],[-41.95802688598633,-22.117605209350586],[-41.961830139160156,-22.12671661376953],[-41.971694946289006,-22.131744384765568]]]},"properties":{"id_cidade":3301405,"cidade":"Conceição de Macabu","id_microrregiao":330204,"id_mesorregiao":3302,"id_estado":33,"id_regiao":3}},{"type":"Feature","geometry":{"type":"Polygon","coordinates":[[[-42.2689208984375,-22.08986473083496],[-42.27820205688471,-22.09185218811035],[-42.28311538696289,-22.08738708496088],[-42.29878997802729,-22.08298110961914],[-42.31220626831055,-22.069406509399357],[-42.31140136718744,-22.057506561279297],[-42.30142593383789,-22.04987335205078],[-42.29678344726557,-22.04098892211914],[-42.29801559448242,-22.03033447265625],[-42.30470657348627,-22.028572082519418],[-42.3115615844726,-22.03130531311035],[-42.3167724609375,-22.002273559570312],[-42.318115234375,-21.997785568237248],[-42.35454559326172,-22.003389358520508],[-42.374210357666016,-22.003679275512695],[-42.384281158447266,-22.002748489379826],[-42.39178466796869,-22.009998321533203],[-42.392704010009766,-22.015573501586914],[-42.40154266357422,-22.020397186279297],[-42.40359497070307,-22.030481338500977],[-42.411064147949105,-22.03389549255371],[-42.41518783569336,-22.040372848510742],[-42.392704010009766,-22.06647491455078],[-42.34968948364258,-22.103132247924805],[-42.345977783203125,-22.10677146911621],[-42.3417015075683,-22.115098953247013],[-42.342041015625,-22.125158309936523],[-42.32809066772455,-22.122337341308594],[-42.323429107666016,-22.114524841308594],[-42.314922332763615,-22.10996818542469],[-42.299175262451115,-22.124277114868164],[-42.29397964477539,-22.115278244018498],[-42.28614807128906,-22.11395263671875],[-42.2661247253418,-22.121480941772404],[-42.26333999633778,-22.118879318237305],[-42.266086578369084,-22.10685920715332],[-42.270538330078125,-22.104532241821175],[-42.275978088378906,-22.107461929321232],[-42.27559280395508,-22.097372055053654],[-42.27842330932617,-22.09596061706543],[-42.2689208984375,-22.08986473083496]]]},"properties":{"id_cidade":3301504,"cidade":"Cordeiro","id_microrregiao":330306,"id_mesorregiao":3303,"id_estado":33,"id_regiao":3}},{"type":"Feature","geometry":{"type":"Polygon","coordinates":[[[-42.52553939819336,-22.160867691039982],[-42.499717712402344,-22.147706985473576],[-42.466934204101506,-22.131305694580078],[-42.464317321777344,-22.129850387573242],[-42.47130966186518,-22.118629455566406],[-42.47017669677729,-22.11256980895996],[-42.44720077514643,-22.117521286010742],[-42.43825912475586,-22.122764587402287],[-42.42853546142578,-22.114822387695312],[-42.423904418945256,-22.11562156677246],[-42.42366409301758,-22.119464874267578],[-42.419883728027344,-22.118217468261605],[-42.39604187011719,-22.1205997467041],[-42.39367294311518,-22.128719329833984],[-42.39023208618164,-22.12978553771967],[-42.3798942565918,-22.12574386596674],[-42.37589645385742,-22.117372512817326],[-42.36467361450195,-22.116567611694336],[-42.345977783203125,-22.10677146911621],[-42.34968948364258,-22.103132247924805],[-42.392704010009766,-22.06647491455078],[-42.41518783569336,-22.040372848510742],[-42.48199462890619,-21.94741058349598],[-42.504585266113224,-21.91535568237299],[-42.510120391845646,-21.908329010009766],[-42.5119743347168,-21.912946701049805],[-42.518089294433594,-21.913543701171818],[-42.52764892578125,-21.907012939453125],[-42.53812789916992,-21.916166305541935],[-42.53843688964844,-21.928693771362305],[-42.54668045043934,-21.930362701416016],[-42.544219970703125,-21.935497283935547],[-42.549400329589844,-21.94955062866211],[-42.5468864440918,-21.952133178710938],[-42.55156707763672,-21.954555511474553],[-42.555694580078125,-21.951934814453125],[-42.55873489379883,-21.95781707763672],[-42.55542373657221,-21.961868286132812],[-42.55723571777338,-21.96684455871582],[-42.5513916015625,-21.967586517333984],[-42.55319595336914,-21.975833892822152],[-42.547317504882756,-21.98418617248535],[-42.55140686035156,-21.991853713989258],[-42.54696655273426,-21.99340629577631],[-42.54758071899414,-21.99681472778309],[-42.55307006835926,-22.001506805419922],[-42.5602073669433,-21.99932861328125],[-42.560600280761605,-22.004083633422795],[-42.57095718383789,-22.011196136474553],[-42.57242965698231,-22.019113540649414],[-42.57551574707031,-22.025871276855412],[-42.563568115234375,-22.030052185058594],[-42.56501007080078,-22.038843154907227],[-42.57323455810547,-22.048301696777287],[-42.58131790161133,-22.049606323242188],[-42.574016571044865,-22.058168411254826],[-42.57461929321278,-22.06539535522461],[-42.58845901489258,-22.0770263671875],[-42.59834671020502,-22.07832908630371],[-42.60548782348627,-22.087879180908146],[-42.60377120971674,-22.097759246826172],[-42.59505844116211,-22.09886741638178],[-42.587120056152344,-22.103748321533203],[-42.5948600769043,-22.110950469970646],[-42.6020393371582,-22.111488342285156],[-42.60643005371094,-22.116739273071175],[-42.609371185302734,-22.12126159667963],[-42.60734176635742,-22.127042770385742],[-42.617317199706974,-22.134531021118164],[-42.61302185058588,-22.137680053710938],[-42.6111488342284,-22.140724182128793],[-42.578094482421875,-22.141075134277287],[-42.57386779785156,-22.163408279418945],[-42.56523513793945,-22.161041259765625],[-42.557682037353516,-22.16386604309082],[-42.553199768066406,-22.159793853759652],[-42.54526138305664,-22.155752182006836],[-42.52950668334955,-22.157325744628906],[-42.52553939819336,-22.160867691039982]]]},"properties":{"id_cidade":3301603,"cidade":"Duas Barras","id_microrregiao":330307,"id_mesorregiao":3303,"id_estado":33,"id_regiao":3}},{"type":"Feature","geometry":{"type":"Polygon","coordinates":[[[-43.33052444458008,-22.802078247070256],[-43.32762145996088,-22.802261352539006],[-43.32049560546875,-22.799997329711914],[-43.31393814086914,-22.80238342285145],[-43.307437896728516,-22.798421859741097],[-43.29637908935547,-22.806537628173828],[-43.2911376953125,-22.810026168823185],[-43.28636169433594,-22.807455062866154],[-43.284114837646484,-22.810150146484375],[-43.27361297607422,-22.80347251892084],[-43.273750305175724,-22.802917480468693],[-43.272640228271484,-22.80180549621582],[-43.272640228271484,-22.80097007751459],[-43.27125167846674,-22.80097007751459],[-43.27069473266596,-22.799304962158146],[-43.27069473266596,-22.79624938964838],[-43.27125167846674,-22.79597282409668],[-43.27097320556635,-22.79486083984375],[-43.2720832824707,-22.793750762939453],[-43.273193359375,-22.793472290039062],[-43.272640228271484,-22.792638778686523],[-43.272361755371094,-22.79125022888178],[-43.273750305175724,-22.790693283080998],[-43.27486038208008,-22.789304733276367],[-43.27680587768549,-22.789304733276367],[-43.27708435058588,-22.789028167724496],[-43.27708435058588,-22.786806106567383],[-43.27569580078125,-22.786527633666992],[-43.27569580078125,-22.78541755676264],[-43.27652740478504,-22.78291893005371],[-43.27736282348627,-22.78236198425293],[-43.27736282348627,-22.78152847290039],[-43.278194427490234,-22.78125],[-43.278472900390625,-22.78013610839838],[-43.277915954589844,-22.779304504394418],[-43.27708435058588,-22.779584884643555],[-43.27541732788086,-22.777914047241154],[-43.27541732788086,-22.7765274047851],[-43.274028778076115,-22.775972366333008],[-43.273193359375,-22.774860382080078],[-43.272640228271484,-22.772638320922795],[-43.27125167846674,-22.771804809570312],[-43.27125167846674,-22.770971298217773],[-43.27013778686512,-22.770416259765568],[-43.26958465576172,-22.768749237060547],[-43.267917633056584,-22.768194198608285],[-43.26652908325195,-22.76680755615223],[-43.26486206054682,-22.76569366455078],[-43.262916564941406,-22.764028549194336],[-43.2631950378418,-22.762081146240234],[-43.26097106933588,-22.762081146240234],[-43.25875091552729,-22.76069450378418],[-43.257083892822266,-22.758750915527344],[-43.257362365722656,-22.756805419921875],[-43.25541687011713,-22.75652885437006],[-43.25347137451172,-22.75513839721674],[-43.252082824706974,-22.75513839721674],[-43.25125122070301,-22.754028320312386],[-43.24874877929682,-22.754306793212834],[-43.2481956481933,-22.75347137451172],[-43.24625015258789,-22.752361297607422],[-43.24541854858393,-22.751527786254883],[-43.243751525878906,-22.751249313354492],[-43.243751525878906,-22.750415802001953],[-43.242916107177734,-22.749582290649357],[-43.243473052978516,-22.748472213745117],[-43.24486160278309,-22.748472213745117],[-43.2470817565918,-22.747360229492188],[-43.2481956481933,-22.74652862548828],[-43.24986267089844,-22.744583129882756],[-43.250694274902344,-22.744304656982308],[-43.251804351806584,-22.742639541625977],[-43.252361297607365,-22.742639541625977],[-43.2540283203125,-22.7409725189209],[-43.25597381591797,-22.7409725189209],[-43.25569534301758,-22.738471984863224],[-43.25458145141596,-22.738471984863224],[-43.2529182434082,-22.739585876464844],[-43.25263977050781,-22.7409725189209],[-43.25125122070301,-22.74152755737299],[-43.250972747802734,-22.742082595825195],[-43.24736022949219,-22.74541664123535],[-43.24597167968744,-22.745695114135742],[-43.24597167968744,-22.74625015258789],[-43.24486160278309,-22.747083663940373],[-43.24402618408203,-22.747083663940373],[-43.240970611572266,-22.74625015258789],[-43.23986053466797,-22.745695114135742],[-43.238750457763615,-22.744304656982308],[-43.23819351196289,-22.742916107177734],[-43.23569488525385,-22.742916107177734],[-43.23402786254883,-22.74180793762207],[-43.232082366943246,-22.74152755737299],[-43.232082366943246,-22.73986053466797],[-43.23236083984369,-22.738750457763615],[-43.23069381713867,-22.738750457763615],[-43.23041534423828,-22.739585876464844],[-43.22958374023432,-22.74013900756836],[-43.22930526733393,-22.7409725189209],[-43.22513961791992,-22.7409725189209],[-43.22347259521479,-22.74069595336914],[-43.22041702270502,-22.73986053466797],[-43.21930694580067,-22.73902511596674],[-43.217918395996094,-22.738471984863224],[-43.216526031494084,-22.73736381530756],[-43.215972900390625,-22.73652839660633],[-43.2140274047851,-22.73569488525385],[-43.2140274047851,-22.735137939453068],[-43.21263885498047,-22.733749389648438],[-43.21236038208008,-22.732639312744084],[-43.21180725097656,-22.732360839843693],[-43.21180725097656,-22.730417251586857],[-43.21208190917969,-22.729305267333928],[-43.21458435058594,-22.727918624877873],[-43.22109985351557,-22.724451065063477],[-43.22451782226557,-22.715286254882756],[-43.21841430664057,-22.707370758056584],[-43.21463012695301,-22.70756530761713],[-43.21828079223633,-22.687795639037972],[-43.21929550170893,-22.680814743041935],[-43.224857330322266,-22.675260543823242],[-43.21989822387695,-22.661090850830078],[-43.2114372253418,-22.64275169372553],[-43.195346832275334,-22.629365921020508],[-43.19479751586903,-22.622783660888615],[-43.202407836914006,-22.6087589263916],[-43.225242614746094,-22.563735961914006],[-43.25463104248047,-22.575149536132812],[-43.2607421875,-22.561254501342773],[-43.25294113159174,-22.54298400878895],[-43.24643325805664,-22.52693557739252],[-43.23377609252924,-22.522806167602482],[-43.22669219970703,-22.529003143310547],[-43.22610855102539,-22.52315711975092],[-43.22162628173828,-22.521238327026367],[-43.22671508789057,-22.51666831970215],[-43.233020782470646,-22.519269943237248],[-43.23838424682617,-22.51041221618641],[-43.275997161865234,-22.48837661743164],[-43.296661376953125,-22.475742340087834],[-43.30043792724604,-22.483556747436523],[-43.320362091064396,-22.50041198730463],[-43.33213424682617,-22.512508392333984],[-43.331916809081974,-22.51921081542963],[-43.35622406005854,-22.522172927856445],[-43.367332458496094,-22.526823043823242],[-43.3749160766601,-22.520626068115234],[-43.38460922241211,-22.530464172363224],[-43.404190063476506,-22.535003662109375],[-43.404335021972656,-22.54207992553711],[-43.40944290161127,-22.545339584350586],[-43.392417907714844,-22.556196212768555],[-43.38823318481445,-22.572143554687443],[-43.403465270996094,-22.5878849029541],[-43.414997100829964,-22.593488693237305],[-43.415138244628906,-22.601083755493107],[-43.41080474853504,-22.611518859863224],[-43.4015998840332,-22.61106872558588],[-43.38302230834955,-22.62219619750971],[-43.38288879394531,-22.631210327148438],[-43.392330169677734,-22.64199256896967],[-43.40160369873047,-22.65658187866211],[-43.39535522460926,-22.66433143615717],[-43.375247955322266,-22.672525405883732],[-43.365879058837834,-22.67999649047846],[-43.365486145019474,-22.685518264770508],[-43.350852966308594,-22.698148727416992],[-43.328609466552734,-22.695758819579964],[-43.3269157409668,-22.70627212524414],[-43.3204612731933,-22.709514617919922],[-43.33079147338856,-22.756446838378906],[-43.33052444458008,-22.802078247070256]]]},"properties":{"id_cidade":3301702,"cidade":"Duque de Caxias","id_microrregiao":330618,"id_mesorregiao":3306,"id_estado":33,"id_regiao":3}},{"type":"Feature","geometry":{"type":"Polygon","coordinates":[[[-43.714111328125,-22.561740875244084],[-43.70541763305664,-22.564361572265625],[-43.68983840942377,-22.551721572875977],[-43.68305587768549,-22.555843353271428],[-43.68202972412098,-22.558120727539006],[-43.690219879150334,-22.567703247070312],[-43.690635681152344,-22.57458305358881],[-43.69336318969721,-22.57733154296875],[-43.671974182128906,-22.586793899536076],[-43.63435745239258,-22.57109069824213],[-43.6351318359375,-22.557205200195312],[-43.62347030639637,-22.542697906494027],[-43.625251770019474,-22.529428482055664],[-43.622562408447266,-22.526105880737305],[-43.59783172607422,-22.56443977355957],[-43.560913085937386,-22.504566192626953],[-43.562515258789006,-22.500537872314396],[-43.57313537597656,-22.46099853515625],[-43.584190368652344,-22.45656204223627],[-43.71701049804682,-22.496143341064396],[-43.697917938232365,-22.541967391967717],[-43.712993621826115,-22.550403594970646],[-43.714111328125,-22.561740875244084]]]},"properties":{"id_cidade":3301801,"cidade":"Engenheiro Paulo de Frontin","id_microrregiao":330614,"id_mesorregiao":3306,"id_estado":33,"id_regiao":3}},{"type":"Feature","geometry":{"type":"Polygon","coordinates":[[[-42.90718460083008,-22.6552734375],[-42.90604019165039,-22.65326690673828],[-42.900596618652344,-22.636547088623047],[-42.90343856811518,-22.625947952270508],[-42.91048049926752,-22.61716651916504],[-42.906715393066406,-22.600751876831055],[-42.88787841796869,-22.592027664184513],[-42.883987426757756,-22.58276176452631],[-42.87518692016596,-22.576509475708008],[-42.86662292480463,-22.571327209472656],[-42.869487762451115,-22.56263923645014],[-42.88251495361328,-22.549833297729492],[-42.88740921020502,-22.542612075805607],[-42.891822814941406,-22.537040710449162],[-42.8927650451659,-22.523916244506836],[-42.89824295043945,-22.518993377685547],[-42.88867950439453,-22.512498855590763],[-42.892147064208984,-22.503082275390568],[-42.906875610351506,-22.496686935424805],[-42.92163085937494,-22.475549697875977],[-42.92082595825195,-22.460735321044922],[-42.91226577758789,-22.454898834228516],[-42.925601959228516,-22.453420639038086],[-42.928462982177734,-22.449851989746094],[-42.942100524902344,-22.457382202148438],[-42.945556640625,-22.455686569213867],[-42.954795837402344,-22.45737075805664],[-42.9576797485351,-22.465543746948242],[-42.9632682800293,-22.46405792236328],[-42.974220275878906,-22.470455169677734],[-42.9878311157226,-22.462440490722656],[-42.99940872192383,-22.45907211303711],[-43.01649475097656,-22.46620559692377],[-43.02499008178711,-22.461462020873967],[-43.025993347167855,-22.455324172973633],[-43.03337860107422,-22.46204376220703],[-43.04074096679682,-22.455921173095703],[-43.04235076904297,-22.459745407104435],[-43.0478515625,-22.46023178100586],[-43.05535125732416,-22.467481613159123],[-43.05818557739258,-22.47473907470703],[-43.05596160888672,-22.47940444946289],[-43.0622673034668,-22.483650207519474],[-43.0619010925293,-22.485193252563477],[-43.055465698242074,-22.48885917663563],[-43.047271728515625,-22.488006591796875],[-43.02812194824219,-22.49921226501465],[-43.02876663208008,-22.51398277282715],[-43.02228927612305,-22.51502609252924],[-43.02321243286127,-22.52277374267578],[-43.01932144165028,-22.525993347167912],[-43.01641845703125,-22.552583694458008],[-43.01317977905268,-22.63747024536127],[-43.02193069458008,-22.651517868041992],[-43.022769927978516,-22.66448974609375],[-43.028602600097656,-22.666341781616097],[-43.03254318237299,-22.674474716186523],[-43.03596496582031,-22.679134368896428],[-43.0379524230957,-22.682765960693303],[-43.04435348510742,-22.69260406494135],[-43.04291534423828,-22.69208335876459],[-43.041248321533146,-22.69208335876459],[-43.040138244628906,-22.692916870117188],[-43.03902816772455,-22.692638397216797],[-43.035694122314396,-22.692638397216797],[-43.035137176513615,-22.693195343017578],[-43.03208160400385,-22.693195343017578],[-43.03291702270508,-22.694305419921818],[-43.03291702270508,-22.6951389312743],[-43.034584045410156,-22.69625282287592],[-43.036251068115234,-22.698196411132812],[-43.03597259521479,-22.69902610778803],[-43.036251068115234,-22.700971603393555],[-43.03347396850586,-22.702083587646484],[-43.03347396850586,-22.702638626098576],[-43.03152847290028,-22.70402717590332],[-43.02875137329096,-22.70569419860834],[-43.030418395996094,-22.70597267150879],[-43.03097152709961,-22.70541763305664],[-43.03319549560547,-22.70541763305664],[-43.034027099609375,-22.706249237060433],[-43.034027099609375,-22.707082748413086],[-43.03486251831043,-22.707916259765625],[-43.035694122314396,-22.710416793823242],[-43.035694122314396,-22.712360382080078],[-43.035137176513615,-22.7137508392334],[-43.034305572509766,-22.714307785034066],[-43.03486251831043,-22.717082977294922],[-43.03347396850586,-22.71847152709961],[-43.03208160400385,-22.71847152709961],[-43.031806945800724,-22.71986007690424],[-43.03097152709961,-22.72013854980463],[-43.0301399230957,-22.72125053405756],[-43.02875137329096,-22.722082138061523],[-43.02875137329096,-22.722639083862305],[-43.02736282348633,-22.722917556762695],[-43.02624893188471,-22.72541427612299],[-43.02458190917969,-22.72541427612299],[-43.02402877807617,-22.72486114501953],[-43.020973205566406,-22.72486114501953],[-43.01874923706043,-22.72458267211914],[-43.01791763305664,-22.725139617919922],[-43.015140533447266,-22.725139617919922],[-43.014583587646484,-22.72486114501953],[-43.014862060546875,-22.722360610961914],[-43.014862060546875,-22.71930503845215],[-43.01291656494135,-22.717361450195312],[-43.01180648803711,-22.716806411743164],[-43.010417938232365,-22.71541786193842],[-43.009860992431584,-22.71541786193842],[-43.009029388427734,-22.714307785034066],[-43.00652694702143,-22.714307785034066],[-43.00541687011719,-22.71402549743641],[-43.004859924316406,-22.714582443237248],[-43.00569534301758,-22.715393066406193],[-42.99213027954096,-22.72752571105957],[-42.97815704345703,-22.72700309753418],[-42.97432327270508,-22.731273651123047],[-42.96704101562494,-22.72211265563959],[-42.96245956420893,-22.72434234619135],[-42.959632873535156,-22.715164184570312],[-42.95282363891596,-22.712787628173828],[-42.94401931762695,-22.706514358520508],[-42.9432373046875,-22.69894027709961],[-42.9340934753418,-22.697961807250977],[-42.9346084594726,-22.693115234375],[-42.928020477294865,-22.693347930908146],[-42.91381835937494,-22.672992706298828],[-42.9149055480957,-22.663066864013672],[-42.9097061157226,-22.660259246826115],[-42.91284942626953,-22.656133651733285],[-42.90718460083008,-22.6552734375]]]},"properties":{"id_cidade":3301850,"cidade":"Guapimirim","id_microrregiao":330618,"id_mesorregiao":3306,"id_estado":33,"id_regiao":3}},{"type":"Feature","geometry":{"type":"Polygon","coordinates":[[[-42.23802947998047,-22.864160537719727],[-42.23439025878906,-22.874340057373047],[-42.226863861083984,-22.86907768249506],[-42.220676422119084,-22.868999481201172],[-42.211029052734375,-22.878246307373047],[-42.19925689697254,-22.87925148010254],[-42.196983337402344,-22.855939865112305],[-42.17721176147455,-22.827924728393555],[-42.18812942504883,-22.811830520629883],[-42.19291687011719,-22.8026123046875],[-42.2013053894043,-22.79606819152832],[-42.197296142578125,-22.79304695129389],[-42.204254150390625,-22.780851364135685],[-42.20994186401367,-22.78596305847168],[-42.25456237792963,-22.79180908203125],[-42.24011993408203,-22.840417861938477],[-42.24947738647455,-22.848884582519474],[-42.23802947998047,-22.864160537719727]]]},"properties":{"id_cidade":3301876,"cidade":"Iguaba Grande","id_microrregiao":330410,"id_mesorregiao":3304,"id_estado":33,"id_regiao":3}},{"type":"Feature","geometry":{"type":"Polygon","coordinates":[[[-42.88589859008778,-22.86762237548828],[-42.87413024902344,-22.870138168334847],[-42.86600112915039,-22.872695922851562],[-42.86320114135731,-22.871795654296818],[-42.85921096801758,-22.869546890258732],[-42.846706390380746,-22.87288093566889],[-42.83731460571289,-22.87097930908203],[-42.8343048095702,-22.86960792541504],[-42.825794219970646,-22.85918617248535],[-42.81847763061512,-22.859615325927734],[-42.796958923339844,-22.850116729736328],[-42.7659072875976,-22.843643188476506],[-42.75656890869135,-22.850572586059513],[-42.749351501464844,-22.850723266601506],[-42.7335968017577,-22.84115219116211],[-42.735401153564396,-22.83614730834961],[-42.75373458862305,-22.82739067077631],[-42.739044189453125,-22.812704086303654],[-42.738368988036996,-22.807355880737248],[-42.750740051269474,-22.802043914794922],[-42.75819778442377,-22.796659469604492],[-42.784629821777344,-22.804403305053654],[-42.79787063598627,-22.800128936767578],[-42.803321838378906,-22.79474258422846],[-42.79870223999018,-22.79372787475586],[-42.799297332763615,-22.79075050354004],[-42.796939849853516,-22.787321090698242],[-42.790008544921875,-22.787658691406193],[-42.78364181518549,-22.77555274963379],[-42.7915153503418,-22.772436141967773],[-42.786964416503906,-22.759315490722656],[-42.79177093505848,-22.75377655029297],[-42.79576110839838,-22.75697708129877],[-42.80073165893549,-22.754112243652287],[-42.799118041992074,-22.750392913818303],[-42.80634689331049,-22.743572235107422],[-42.79912567138672,-22.736677169799805],[-42.7645149230957,-22.739406585693303],[-42.76321029663086,-22.72649192810053],[-42.761478424072266,-22.724653244018555],[-42.76190185546869,-22.719253540039062],[-42.770183563232365,-22.710187911987248],[-42.75502395629877,-22.702251434326172],[-42.746372222900334,-22.68648338317871],[-42.75588226318354,-22.674921035766488],[-42.777080535888615,-22.650287628173828],[-42.78628158569336,-22.64008140563959],[-42.791351318359375,-22.635498046875],[-42.797878265380746,-22.63849639892578],[-42.805774688720646,-22.635797500610295],[-42.825679779052734,-22.63876533508295],[-42.84490966796875,-22.636604309081974],[-42.90718460083008,-22.6552734375],[-42.91284942626953,-22.656133651733285],[-42.9097061157226,-22.660259246826115],[-42.9149055480957,-22.663066864013672],[-42.91381835937494,-22.672992706298828],[-42.928020477294865,-22.693347930908146],[-42.9346084594726,-22.693115234375],[-42.9340934753418,-22.697961807250977],[-42.9432373046875,-22.69894027709961],[-42.94401931762695,-22.706514358520508],[-42.95282363891596,-22.712787628173828],[-42.959632873535156,-22.715164184570312],[-42.96245956420893,-22.72434234619135],[-42.96704101562494,-22.72211265563959],[-42.97432327270508,-22.731273651123047],[-42.97815704345703,-22.72700309753418],[-42.99213027954096,-22.72752571105957],[-43.00569534301758,-22.715393066406193],[-43.0059814453125,-22.71513938903803],[-43.00791549682617,-22.71513938903803],[-43.009860992431584,-22.717082977294922],[-43.01180648803711,-22.717639923095703],[-43.01347351074213,-22.718751907348633],[-43.01374816894531,-22.71958351135254],[-43.01319503784174,-22.722360610961914],[-43.01319503784174,-22.724027633666935],[-43.0140266418457,-22.725696563720646],[-43.016250610351506,-22.726249694824162],[-43.01930618286127,-22.726249694824162],[-43.01985931396479,-22.725696563720646],[-43.02236175537104,-22.725696563720646],[-43.02375030517578,-22.726528167724553],[-43.029582977294865,-22.726528167724553],[-43.029582977294865,-22.73152732849121],[-43.0301399230957,-22.7329158782959],[-43.0301399230957,-22.73430633544922],[-43.029304504394474,-22.735971450805664],[-43.029304504394474,-22.74013900756836],[-43.02847290039051,-22.741247177124023],[-43.02847290039051,-22.742082595825195],[-43.028450012206974,-22.74224090576172],[-43.01779556274403,-22.743177413940373],[-43.01094055175781,-22.737058639526367],[-43.00129318237293,-22.738393783569336],[-42.997886657714844,-22.734464645385742],[-42.991615295410156,-22.74462890625],[-42.98990249633789,-22.74970054626465],[-42.962684631347656,-22.758747100830078],[-42.95082473754877,-22.769229888916016],[-42.94446563720703,-22.76990318298334],[-42.94088363647461,-22.776220321655273],[-42.94304656982422,-22.795860290527287],[-42.9194221496582,-22.819684982299748],[-42.91058349609369,-22.816877365112305],[-42.90655899047846,-22.817586898803654],[-42.88589859008778,-22.86762237548828]]]},"properties":{"id_cidade":3301900,"cidade":"Itaboraí","id_microrregiao":330618,"id_mesorregiao":3306,"id_estado":33,"id_regiao":3}},{"type":"Feature","geometry":{"type":"MultiPolygon","coordinates":[[[[-43.667362213134766,-23.042638778686467],[-43.66958236694336,-23.043193817138672],[-43.67013931274414,-23.043750762939396],[-43.67208480834955,-23.0443058013916],[-43.67458343505854,-23.0443058013916],[-43.67569351196289,-23.04541587829584],[-43.678195953369084,-23.04541587829584],[-43.681526184081974,-23.045972824096623],[-43.68208312988281,-23.046804428100586],[-43.68402862548817,-23.047082901000977],[-43.68541717529297,-23.047914505004883],[-43.686527252197266,-23.047914505004883],[-43.68736267089838,-23.048471450805607],[-43.68902587890625,-23.048749923705998],[-43.69097137451166,-23.049583435058594],[-43.692081451416016,-23.049583435058594],[-43.696250915527344,-23.050695419311523],[-43.69708251953119,-23.051250457763672],[-43.69985961914051,-23.051528930664062],[-43.70069503784174,-23.052083969116154],[-43.702362060546875,-23.052083969116154],[-43.702640533447266,-23.052640914916935],[-43.70458221435547,-23.053194046020508],[-43.70652770996088,-23.053194046020508],[-43.707637786865234,-23.0537490844726],[-43.7093048095702,-23.0537490844726],[-43.71014022827143,-23.05430603027338],[-43.71236038208008,-23.05430603027338],[-43.71430587768555,-23.05458259582508],[-43.71569442749012,-23.05513954162592],[-43.7176399230957,-23.05513954162592],[-43.719306945800724,-23.055416107177734],[-43.72069549560547,-23.055971145629883],[-43.72430419921875,-23.055971145629883],[-43.72513961791992,-23.056528091430664],[-43.727359771728516,-23.056528091430664],[-43.728473663329964,-23.057083129882756],[-43.73097229003906,-23.057361602783146],[-43.73485946655262,-23.057361602783146],[-43.737361907958984,-23.057916641235238],[-43.74180603027338,-23.057916641235238],[-43.743473052978516,-23.0584716796875],[-43.747638702392464,-23.05902862548828],[-43.75069427490223,-23.05902862548828],[-43.75069427490223,-23.059303283691293],[-43.75374984741211,-23.059303283691293],[-43.75374984741211,-23.05958366394043],[-43.756805419921875,-23.05958366394043],[-43.75958251953125,-23.05986022949213],[-43.75958251953125,-23.06013870239252],[-43.762638092041016,-23.06013870239252],[-43.762638092041016,-23.060415267944336],[-43.76569366455078,-23.060415267944336],[-43.76569366455078,-23.060693740844727],[-43.76874923706055,-23.060693740844727],[-43.76874923706055,-23.060972213745004],[-43.774307250976506,-23.060972213745004],[-43.774307250976506,-23.06125068664545],[-43.777915954589844,-23.06125068664545],[-43.778472900390625,-23.061807632446232],[-43.779582977294865,-23.061525344848576],[-43.78097152709961,-23.061807632446232],[-43.789028167724496,-23.061807632446232],[-43.789028167724496,-23.062084197998047],[-43.795696258544865,-23.062084197998047],[-43.79847335815418,-23.061807632446232],[-43.79847335815418,-23.061525344848576],[-43.80430603027344,-23.061525344848576],[-43.80430603027344,-23.06125068664545],[-43.80847167968744,-23.06125068664545],[-43.80986022949219,-23.060693740844727],[-43.8118057250976,-23.060415267944336],[-43.81402587890625,-23.060415267944336],[-43.81597137451172,-23.05986022949213],[-43.81791687011713,-23.05986022949213],[-43.8218040466308,-23.059303283691293],[-43.82236099243164,-23.05875015258789],[-43.82430648803705,-23.05875015258789],[-43.82485961914057,-23.05819320678711],[-43.82708358764637,-23.05819320678711],[-43.82847213745117,-23.057916641235238],[-43.82902908325195,-23.057361602783146],[-43.83041763305653,-23.057083129882756],[-43.832359313964844,-23.057083129882756],[-43.83625030517578,-23.055971145629883],[-43.8379173278808,-23.05513954162592],[-43.839027404785156,-23.05513954162592],[-43.84069442749018,-23.05430603027338],[-43.84180450439453,-23.05430603027338],[-43.84319305419916,-23.0534725189209],[-43.8448600769043,-23.05291748046875],[-43.84736251831049,-23.052640914916935],[-43.84763717651367,-23.052083969116154],[-43.849582672119084,-23.051805496215763],[-43.849861145019474,-23.051250457763672],[-43.85097122192383,-23.051250457763672],[-43.85124969482422,-23.050695419311523],[-43.85319519042963,-23.05041885375971],[-43.853748321533146,-23.04986190795887],[-43.854862213134766,-23.04986190795887],[-43.85652923583979,-23.048749923705998],[-43.85763931274414,-23.048749923705998],[-43.85958480834955,-23.047914505004883],[-43.860694885253906,-23.046804428100586],[-43.8618049621582,-23.046804428100586],[-43.86291503906244,-23.045694351196232],[-43.86375045776367,-23.045694351196232],[-43.86854252961703,-23.04294623477334],[-43.87382172205711,-23.04140730226483],[-43.88040556563898,-23.03746096311528],[-43.90955322321176,-23.023684461241857],[-43.88193351251114,-23.04288241109121],[-43.8772646233645,-23.050844572669142],[-43.88899273824056,-23.067570146213246],[-43.906635024579344,-23.062257190054886],[-43.93204824198676,-23.05724344785459],[-43.95790082270247,-23.040525447695273],[-43.99221349869874,-23.057330898178066],[-44.01153648423606,-23.078456571411607],[-44.005543693688054,-23.0950188196866],[-43.993869363852866,-23.103898195295656],[-43.85874938964844,-23.072639465331974],[-43.85708236694336,-23.072639465331974],[-43.85541534423828,-23.072082519531136],[-43.851806640625,-23.072082519531136],[-43.84513854980469,-23.070972442626953],[-43.84513854980469,-23.070692062377873],[-43.84208297729492,-23.070692062377873],[-43.84208297729492,-23.070417404174805],[-43.839027404785156,-23.070417404174805],[-43.839027404785156,-23.070138931274414],[-43.83597183227539,-23.070138931274414],[-43.834026336669865,-23.069860458374023],[-43.832916259765625,-23.069305419921818],[-43.83124923706049,-23.06902694702137],[-43.827915191650334,-23.06902694702137],[-43.8265266418457,-23.06847190856928],[-43.82458496093744,-23.068195343017578],[-43.82208251953125,-23.068195343017578],[-43.81819534301752,-23.067638397216797],[-43.817081451416016,-23.06708335876465],[-43.81430435180653,-23.06708335876465],[-43.81236267089838,-23.066804885864258],[-43.81069564819336,-23.066251754760742],[-43.808750152587834,-23.066251754760742],[-43.803470611572266,-23.065416336059513],[-43.80180740356434,-23.064861297607422],[-43.79875183105463,-23.064861297607422],[-43.79875183105463,-23.06458282470703],[-43.795696258544865,-23.06458282470703],[-43.795696258544865,-23.06430625915516],[-43.7926406860351,-23.06430625915516],[-43.7926406860351,-23.064029693603516],[-43.789585113525334,-23.064029693603516],[-43.78847122192383,-23.063472747802678],[-43.78513717651367,-23.063472747802678],[-43.78319549560541,-23.062917709350586],[-43.78097152709961,-23.062639236450195],[-43.77569580078125,-23.062639236450195],[-43.774307250976506,-23.062084197998047],[-43.768470764160156,-23.062084197998047],[-43.768470764160156,-23.061807632446232],[-43.76541519165039,-23.061807632446232],[-43.76541519165039,-23.061525344848576],[-43.762359619140625,-23.061525344848576],[-43.762359619140625,-23.06125068664545],[-43.75930404663086,-23.06125068664545],[-43.756526947021484,-23.060972213745004],[-43.756526947021484,-23.060693740844727],[-43.75347137451172,-23.060693740844727],[-43.75347137451172,-23.060415267944336],[-43.75041580200195,-23.060415267944336],[-43.75041580200195,-23.06013870239252],[-43.74736022949219,-23.06013870239252],[-43.742916107177734,-23.05958366394043],[-43.74236297607416,-23.05902862548828],[-43.73541641235346,-23.05902862548828],[-43.73458480834961,-23.0584716796875],[-43.7320823669433,-23.05819320678711],[-43.72930526733393,-23.0584716796875],[-43.728748321533146,-23.05763816833496],[-43.727638244628906,-23.057916641235238],[-43.72430419921875,-23.057916641235238],[-43.722637176513615,-23.05763816833496],[-43.721527099609375,-23.057083129882756],[-43.72069549560547,-23.057916641235238],[-43.71736145019531,-23.057361602783146],[-43.71597290039057,-23.057361602783146],[-43.71569442749012,-23.056528091430664],[-43.714027404785156,-23.056528091430664],[-43.71374893188471,-23.057083129882756],[-43.712638854980355,-23.057083129882756],[-43.71208190917969,-23.056249618530273],[-43.7087516784668,-23.056249618530273],[-43.707916259765625,-23.055694580078125],[-43.70458221435547,-23.055694580078125],[-43.702083587646484,-23.055971145629883],[-43.701805114746094,-23.05513954162592],[-43.70069503784174,-23.055694580078125],[-43.697917938232365,-23.055694580078125],[-43.697639465331974,-23.05513954162592],[-43.69180679321289,-23.05513954162592],[-43.69124984741205,-23.05458259582508],[-43.69041824340809,-23.05486106872553],[-43.688472747802734,-23.05486106872553],[-43.686805725097656,-23.05458259582508],[-43.6823616027832,-23.05458259582508],[-43.681526184081974,-23.0537490844726],[-43.67652893066406,-23.0537490844726],[-43.67652893066406,-23.0534725189209],[-43.67041778564453,-23.0534725189209],[-43.66986083984375,-23.05291748046875],[-43.66835784912104,-23.053194046020508],[-43.668331146240234,-23.05158233642578],[-43.667362213134766,-23.042638778686467]]],[[[-43.856250762939396,-22.945417404174805],[-43.85819625854492,-22.945417404174805],[-43.85958480834955,-22.945693969726506],[-43.860694885253906,-22.945417404174805],[-43.86152648925781,-22.946250915527344],[-43.86236190795893,-22.946250915527344],[-43.86347198486328,-22.94708251953125],[-43.86402893066406,-22.94819450378418],[-43.86375045776367,-22.949028015136662],[-43.86375045776367,-22.950971603393555],[-43.86208343505848,-22.950971603393555],[-43.86208343505848,-22.952638626098633],[-43.860694885253906,-22.953472137451172],[-43.860694885253906,-22.954307556152344],[-43.86208343505848,-22.955417633056584],[-43.86458206176758,-22.955417633056584],[-43.86458206176758,-22.956247329711857],[-43.86013793945307,-22.956247329711857],[-43.85958480834955,-22.9556941986084],[-43.85763931274414,-22.955417633056584],[-43.85763931274414,-22.952362060546818],[-43.856250762939396,-22.95180320739746],[-43.85652923583979,-22.950693130493107],[-43.85958480834955,-22.950693130493107],[-43.85985946655268,-22.950416564941406],[-43.85985946655268,-22.946805953979435],[-43.85819625854492,-22.945972442626896],[-43.856250762939396,-22.945972442626896],[-43.856250762939396,-22.945417404174805]]],[[[-43.865417480468636,-22.944305419921875],[-43.86652755737299,-22.944305419921875],[-43.8662490844726,-22.946250915527344],[-43.86402893066406,-22.946250915527344],[-43.86402893066406,-22.94514083862299],[-43.865417480468636,-22.944860458374023],[-43.865417480468636,-22.944305419921875]]],[[[-43.674442291259766,-22.864704132080078],[-43.717247009277344,-22.848400115966797],[-43.76148986816406,-22.830860137939396],[-43.7726097106933,-22.820438385009766],[-43.77339553833008,-22.820438385009766],[-43.784622192382756,-22.81873512268055],[-43.802742004394474,-22.8032550811767],[-43.804012298583984,-22.789472579956055],[-43.79722976684559,-22.773359298706055],[-43.79637527465809,-22.772434234619027],[-43.77547073364252,-22.769378662109318],[-43.770652770996094,-22.757532119750977],[-43.76583480834955,-22.75503349304188],[-43.77183532714838,-22.75022315979004],[-43.770442962646484,-22.734615325927734],[-43.76533126831055,-22.728261947631836],[-43.7507591247558,-22.727823257446232],[-43.74489212036133,-22.720977783203125],[-43.74383544921875,-22.713472366333008],[-43.738388061523324,-22.709402084350586],[-43.74016189575195,-22.705812454223576],[-43.7538108825683,-22.69970703125],[-43.759719848632756,-22.702976226806584],[-43.765754699706974,-22.70191764831543],[-43.77211380004877,-22.693130493164062],[-43.78363800048828,-22.696090698242188],[-43.785247802734375,-22.693294525146484],[-43.78547286987299,-22.692564010620004],[-43.83291244506836,-22.72992706298828],[-43.83261489868153,-22.741071701049748],[-43.83641815185541,-22.74584007263178],[-43.834556579589844,-22.751188278198185],[-43.83958435058594,-22.75503349304188],[-43.83797836303711,-22.7606201171875],[-43.8288841247558,-22.767856597900277],[-43.82192230224604,-22.766353607177734],[-43.81291580200195,-22.77166175842285],[-43.82327651977539,-22.77671051025385],[-43.823162078857365,-22.78313255310053],[-43.83902359008789,-22.798147201538086],[-43.86987304687494,-22.80779457092285],[-43.87928009033203,-22.812053680419922],[-43.87969970703119,-22.817298889160156],[-43.88911819458008,-22.822248458862248],[-43.89175033569336,-22.82998085021967],[-43.897613525390625,-22.832788467407227],[-43.90522003173828,-22.830600738525334],[-43.91272354125965,-22.836288452148438],[-43.91035842895508,-22.845500946044922],[-43.925724029541016,-22.863168716430607],[-43.93000030517578,-22.87443351745594],[-43.939945220947266,-22.87876129150385],[-43.93858337402344,-22.887191772460938],[-43.938316345214844,-22.888336181640625],[-43.93642044067383,-22.89277458190918],[-43.924381256103516,-22.894100189208928],[-43.9125022888183,-22.884950637817383],[-43.90519332885742,-22.886154174804688],[-43.89325332641596,-22.88182258605957],[-43.88556671142578,-22.88536643981928],[-43.88499450683594,-22.896041870117188],[-43.88516616821289,-22.91292953491211],[-43.88112258911127,-22.907154083251896],[-43.874122619628906,-22.898153305053654],[-43.86212158203125,-22.896154403686467],[-43.845123291015625,-22.89115333557129],[-43.83312225341797,-22.896154403686467],[-43.83813906009033,-22.91094854834975],[-43.84298385546725,-22.91501462407159],[-43.84705034211987,-22.91751259475143],[-43.85382856016528,-22.918214549255666],[-43.85525143885715,-22.926796208982452],[-43.848524310255584,-22.931522416358078],[-43.83564732275755,-22.932176690491133],[-43.81457433663124,-22.920639844685127],[-43.811788240304196,-22.91716182932049],[-43.80651586507284,-22.912990612874353],[-43.807163784064585,-22.91873317963814],[-43.80728388044545,-22.92266219953308],[-43.80155195697925,-22.92391919389719],[-43.8013335007136,-22.917339579528978],[-43.79288861528923,-22.914285735109562],[-43.794307708740234,-22.903863906860295],[-43.787418365478516,-22.900665283203125],[-43.784229278564396,-22.9039630889892],[-43.780220031738224,-22.895572662353516],[-43.77472686767567,-22.89691925048828],[-43.7729759216308,-22.893184661865234],[-43.76713562011719,-22.8955078125],[-43.752021789550724,-22.88892364501953],[-43.74962997436518,-22.878822326660156],[-43.73326873779297,-22.87774467468256],[-43.697776794433594,-22.86489486694336],[-43.674442291259766,-22.864704132080078]]],[[[-43.88414001464844,-22.94874954223627],[-43.882118225097656,-22.949306488037053],[-43.8801383972168,-22.9505939483642],[-43.87874984741205,-22.950971603393555],[-43.87763977050781,-22.950693130493107],[-43.876251220703125,-22.949306488037053],[-43.875415802001896,-22.949306488037053],[-43.87319564819336,-22.94791603088379],[-43.87319564819336,-22.946527481078988],[-43.87672424316406,-22.946527481078988],[-43.87569427490229,-22.943195343017578],[-43.874862670898324,-22.94291877746582],[-43.874862670898324,-22.94208335876465],[-43.87736129760742,-22.941116333007756],[-43.87736129760742,-22.939842224121094],[-43.874862670898324,-22.936250686645508],[-43.87291717529291,-22.93402862548828],[-43.87208175659174,-22.93375015258789],[-43.87208175659174,-22.932361602783146],[-43.87152862548828,-22.931249618530217],[-43.869304656982365,-22.930694580078125],[-43.8684730529784,-22.929582595825195],[-43.867916107177734,-22.92791748046875],[-43.867916107177734,-22.926807403564396],[-43.86875152587885,-22.925416946411076],[-43.86875152587885,-22.924303054809513],[-43.87263870239252,-22.924303054809513],[-43.873748779296875,-22.925380706787053],[-43.88225555419922,-22.924350738525334],[-43.884498596191406,-22.92736053466797],[-43.88463592529297,-22.927545547485295],[-43.88414001464844,-22.94874954223627]]],[[[-43.86513900756836,-22.924028396606445],[-43.8662490844726,-22.924583435058594],[-43.8662490844726,-22.925416946411076],[-43.865417480468636,-22.925971984863224],[-43.86402893066406,-22.925971984863224],[-43.86513900756836,-22.924028396606445]]]]},"properties":{"id_cidade":3302007,"cidade":"Itaguaí","id_microrregiao":330617,"id_mesorregiao":3306,"id_estado":33,"id_regiao":3},"id":29},{"type":"Feature","geometry":{"type":"Polygon","coordinates":[[[-41.74293899536133,-21.464275360107365],[-41.683853149414006,-21.51618194580078],[-41.67345428466797,-21.53044319152832],[-41.62726974487305,-21.596052169799805],[-41.6424446105957,-21.533834457397404],[-41.655090332031136,-21.479263305664062],[-41.618640899658146,-21.471410751342773],[-41.60195159912104,-21.482263565063477],[-41.59444046020508,-21.46942710876465],[-41.579441070556584,-21.45872688293457],[-41.57466506958002,-21.446588516235238],[-41.568950653076115,-21.444955825805607],[-41.55935287475586,-21.437406539916935],[-41.55219268798828,-21.429563522338867],[-41.55312347412104,-21.426313400268555],[-41.58448410034174,-21.316919326782227],[-41.58994293212885,-21.325365066528263],[-41.61271667480463,-21.333486557006722],[-41.616851806640625,-21.339824676513558],[-41.625919342041016,-21.340852737426758],[-41.621917724609375,-21.35817909240717],[-41.6301383972168,-21.35589599609375],[-41.63391876220692,-21.349433898925724],[-41.63633346557617,-21.35344886779785],[-41.64740753173828,-21.346126556396484],[-41.65059280395502,-21.348348617553654],[-41.64722442626953,-21.35626220703125],[-41.65134429931635,-21.35827445983881],[-41.66864013671875,-21.345117568969613],[-41.67930603027338,-21.348560333251953],[-41.68291854858393,-21.355363845825195],[-41.692222595214844,-21.356246948242188],[-41.702285766601506,-21.366306304931584],[-41.703727722167855,-21.37165641784668],[-41.709495544433594,-21.368534088134652],[-41.72111129760742,-21.366754531860295],[-41.731895446777344,-21.37201118469227],[-41.73858642578125,-21.38003158569336],[-41.76163864135742,-21.389955520629883],[-41.769065856933594,-21.398963928222656],[-41.77819442749018,-21.401708602905273],[-41.748077392578125,-21.42670059204096],[-41.711856842041016,-21.4559326171875],[-41.74293899536133,-21.464275360107365]]]},"properties":{"id_cidade":3302056,"cidade":"Italva","id_microrregiao":330101,"id_mesorregiao":3301,"id_estado":33,"id_regiao":3}},{"type":"Feature","geometry":{"type":"Polygon","coordinates":[[[-42.167095184326115,-21.859424591064453],[-42.14650726318354,-21.860549926757812],[-42.14478683471674,-21.856763839721566],[-42.14289474487293,-21.85907554626465],[-42.139007568359375,-21.85576820373535],[-42.14539337158203,-21.843013763427734],[-42.13947677612305,-21.839784622192326],[-42.13728332519531,-21.83755874633789],[-42.13283920288086,-21.839750289916992],[-42.131980895996094,-21.843769073486328],[-42.123924255371094,-21.845735549926758],[-42.12097930908203,-21.850364685058594],[-42.116924285888615,-21.837245941162053],[-42.1263694763183,-21.830026626586857],[-42.125282287597656,-21.82467651367176],[-42.12089920043945,-21.823646545410156],[-42.11950683593744,-21.827041625976506],[-42.114009857177734,-21.82505226135254],[-42.10358810424799,-21.81025505065918],[-42.09297180175781,-21.813199996948242],[-42.08980941772461,-21.80207633972168],[-42.07605743408203,-21.800991058349553],[-42.07056808471674,-21.797269821166992],[-42.06126022338856,-21.802118301391488],[-42.063560485839844,-21.791730880737305],[-42.06066513061518,-21.78889274597168],[-42.057308197021484,-21.78638648986805],[-42.051147460937386,-21.779132843017578],[-42.043922424316406,-21.783863067626953],[-42.03988647460932,-21.773675918579045],[-42.03195190429682,-21.76612663269043],[-42.0139427185058,-21.771921157836914],[-42.013923645019474,-21.765714645385742],[-42.01927947998041,-21.763233184814396],[-42.02225494384754,-21.75670433044428],[-42.01074981689453,-21.74490737915039],[-42.0050048828125,-21.746009826660156],[-42.00244903564453,-21.74123191833496],[-41.98715591430653,-21.7360324859618],[-41.98709487915039,-21.73590660095209],[-41.981975555419865,-21.73381805419922],[-41.98039245605469,-21.739261627197266],[-41.976638793945256,-21.739524841308594],[-41.97558975219721,-21.734819412231445],[-41.952529907226506,-21.729001998901367],[-41.937870025634766,-21.741508483886662],[-41.93792724609369,-21.697139739990178],[-41.937984466552734,-21.64601707458496],[-41.93803405761713,-21.597190856933537],[-41.97867965698242,-21.625436782836914],[-41.983413696289006,-21.627895355224553],[-41.99285125732416,-21.63311004638672],[-41.99461364746094,-21.634246826171875],[-42.010227203369084,-21.639984130859375],[-42.018421173095646,-21.632495880126896],[-42.026695251464844,-21.63015365600586],[-42.04122543334955,-21.6334228515625],[-42.042240142822266,-21.63438606262207],[-42.07219696044916,-21.65636253356928],[-42.08456039428711,-21.66358757019043],[-42.08884048461914,-21.666301727294922],[-42.11161041259754,-21.684194564819336],[-42.11359024047846,-21.686990737914982],[-42.1183967590332,-21.697002410888672],[-42.13373184204096,-21.704252243041935],[-42.14974975585932,-21.692911148071232],[-42.157501220703125,-21.69316291809082],[-42.158935546875,-21.692686080932617],[-42.17756271362305,-21.689973831176758],[-42.188201904296875,-21.6895751953125],[-42.18925857543945,-21.68486976623535],[-42.196449279785156,-21.684305191039982],[-42.21762847900385,-21.691635131835824],[-42.23767089843744,-21.69812774658203],[-42.22769546508789,-21.725831985473633],[-42.202632904052734,-21.792057037353402],[-42.182178497314396,-21.830852508544865],[-42.167095184326115,-21.859424591064453]]]},"properties":{"id_cidade":3302106,"cidade":"Itaocara","id_microrregiao":330102,"id_mesorregiao":3301,"id_estado":33,"id_regiao":3}},{"type":"Feature","geometry":{"type":"Polygon","coordinates":[[[-41.58448410034174,-21.316919326782227],[-41.58867263793945,-21.311649322509766],[-41.586772918701115,-21.30350112915039],[-41.60272216796869,-21.29474639892578],[-41.607490539550724,-21.28632926940918],[-41.60677719116211,-21.279403686523438],[-41.62044525146479,-21.274362564086914],[-41.62080764770508,-21.268211364746094],[-41.62781524658192,-21.263904571533146],[-41.62849807739258,-21.263929367065373],[-41.63861846923828,-21.260347366333008],[-41.63010787963867,-21.254932403564396],[-41.63605499267578,-21.24814796447754],[-41.641223907470646,-21.244524002075195],[-41.64830780029291,-21.24564933776844],[-41.657142639160156,-21.245283126831055],[-41.674060821533146,-21.250028610229435],[-41.68233489990229,-21.25730133056635],[-41.68891525268549,-21.243886947631836],[-41.69989395141596,-21.237592697143555],[-41.70499801635742,-21.222131729125977],[-41.70566177368164,-21.218868255615178],[-41.71450042724598,-21.221565246581974],[-41.7204704284668,-21.224306106567383],[-41.72806167602539,-21.220548629760685],[-41.720550537109375,-21.203859329223576],[-41.731086730956974,-21.20429039001465],[-41.72008514404297,-21.19081306457508],[-41.71928787231445,-21.18113136291504],[-41.72754287719721,-21.177343368530217],[-41.72847366333008,-21.168737411499023],[-41.74292373657215,-21.169149398803654],[-41.76291656494135,-21.177255630493107],[-41.765426635742074,-21.16876220703125],[-41.76519775390625,-21.1520156860351],[-41.79565811157215,-21.143352508544865],[-41.804176330566406,-21.1435871124267],[-41.804531097411996,-21.1373233795166],[-41.79958724975586,-21.131315231323242],[-41.79928970336914,-21.115808486938477],[-41.81097412109375,-21.11945343017578],[-41.81900024414057,-21.122829437255803],[-41.82991409301758,-21.121591567993164],[-41.82349777221674,-21.11036300659174],[-41.81684494018555,-21.10688018798828],[-41.816326141357365,-21.106470108032227],[-41.81666564941406,-21.103450775146484],[-41.82485580444336,-21.1008243560791],[-41.83012390136719,-21.089315414428654],[-41.83641815185547,-21.086864471435547],[-41.839340209960824,-21.08093070983881],[-41.846084594726506,-21.089826583862305],[-41.8633918762207,-21.099670410156193],[-41.872642517089844,-21.101226806640625],[-41.87675857543945,-21.11585235595703],[-41.894317626953125,-21.117454528808594],[-41.89752960205078,-21.133005142211857],[-41.90510940551752,-21.137187957763672],[-41.916858673095646,-21.12935447692871],[-41.91900634765625,-21.130931854248047],[-41.91358947753906,-21.13600540161127],[-41.920669555664006,-21.136857986450195],[-41.92592239379877,-21.146068572998047],[-41.92478179931635,-21.15074920654297],[-41.930122375488224,-21.15655326843256],[-41.94533920288086,-21.150999069213867],[-41.96453475952143,-21.13411712646473],[-41.97453308105463,-21.13298225402832],[-41.97720336914057,-21.121030807495117],[-41.998992919921875,-21.12504577636713],[-42.00972747802729,-21.12250518798828],[-42.01622772216791,-21.126617431640625],[-42.015171051025334,-21.133796691894474],[-42.02794647216791,-21.132551193237305],[-42.03600311279297,-21.114120483398438],[-42.02920532226557,-21.10277557373047],[-42.023929595947266,-21.101192474365178],[-42.02387237548817,-21.09369659423828],[-42.01615142822254,-21.08182716369629],[-42.02507019042969,-21.073587417602482],[-42.03839874267578,-21.075603485107422],[-42.039554595947266,-21.066194534301758],[-42.051147460937386,-21.039154052734375],[-42.081912994384766,-21.030038833618164],[-42.080310821533146,-21.033939361572266],[-42.080417633056584,-21.035688400268555],[-42.093692779541016,-21.037252426147404],[-42.1010627746582,-21.034456253051758],[-42.0989036560058,-21.039564132690316],[-42.102832794189396,-21.045820236205998],[-42.101291656494084,-21.049764633178597],[-42.119697570800724,-21.069381713867188],[-42.119621276855355,-21.072423934936523],[-42.12058639526367,-21.07600784301752],[-42.13311767578125,-21.08107376098627],[-42.13597106933594,-21.094409942626896],[-42.13855743408203,-21.09987258911127],[-42.140308380126896,-21.103017807006836],[-42.164314270019474,-21.101451873779297],[-42.170608520507756,-21.114604949951172],[-42.170597076416016,-21.12863540649414],[-42.17573928833008,-21.132692337036133],[-42.17935562133789,-21.140972137451115],[-42.19076156616205,-21.147808074951172],[-42.19580459594721,-21.16004753112793],[-42.192764282226506,-21.158397674560547],[-42.18767547607422,-21.161739349365178],[-42.1913948059082,-21.164819717407227],[-42.18606567382807,-21.17490386962885],[-42.17531204223627,-21.178192138671875],[-42.17056655883789,-21.160064697265625],[-42.166175842285156,-21.159177780151367],[-42.16012191772455,-21.160013198852425],[-42.16579055786133,-21.16109085083002],[-42.166839599609375,-21.165666580200195],[-42.1633415222168,-21.167516708373967],[-42.165733337402344,-21.17462539672846],[-42.14964294433588,-21.16067886352539],[-42.1220970153808,-21.16817855834961],[-42.12364959716797,-21.171894073486328],[-42.130340576171875,-21.17000007629389],[-42.12886810302729,-21.1742706298827],[-42.13375473022461,-21.180299758911076],[-42.120704650878906,-21.19515037536621],[-42.12045288085932,-21.19869041442871],[-42.12601852416992,-21.198284149169865],[-42.11283874511713,-21.214336395263672],[-42.1080207824707,-21.212932586669922],[-42.10601043701172,-21.209569931030217],[-42.111541748046875,-21.20309829711914],[-42.105476379394474,-21.198802947998047],[-42.102817535400334,-21.184593200683594],[-42.097759246826115,-21.186481475830078],[-42.08719635009754,-21.194593429565373],[-42.08086395263672,-21.177690505981445],[-42.07274627685547,-21.179168701171875],[-42.0610618591308,-21.179985046386662],[-42.04750823974604,-21.180299758911076],[-42.055889129638615,-21.196901321411076],[-42.04898452758789,-21.196258544921875],[-42.05101013183594,-21.21376991271967],[-42.044082641601506,-21.218469619750863],[-42.044593811035156,-21.221963882446232],[-42.05331420898432,-21.225734710693303],[-42.05464553833002,-21.234031677246037],[-42.0355339050293,-21.238300323486328],[-42.02967453002924,-21.241670608520508],[-42.02973937988281,-21.245021820068303],[-42.04205703735346,-21.2518692016601],[-42.050010681152344,-21.255300521850586],[-42.055362701416016,-21.253265380859375],[-42.06142044067377,-21.266958236694336],[-42.0700569152832,-21.265844345092717],[-42.08023452758778,-21.274330139160156],[-42.07628631591797,-21.27992057800293],[-42.07906341552729,-21.299415588378906],[-42.088539123535156,-21.307178497314396],[-42.07910919189453,-21.311662673950195],[-42.074554443359375,-21.315706253051758],[-42.07641983032215,-21.32496833801264],[-42.08373260498041,-21.324436187744084],[-42.08528900146473,-21.337169647216797],[-42.08858871459961,-21.336936950683537],[-42.09314727783203,-21.344635009765625],[-42.096771240234375,-21.348154067993107],[-42.075321197509766,-21.355298995971623],[-42.069900512695256,-21.352380752563477],[-42.0657844543457,-21.355018615722656],[-42.05017471313471,-21.354042053222656],[-42.046199798583984,-21.348493576049805],[-42.03394317626953,-21.343147277831974],[-42.02239227294922,-21.328908920287972],[-41.99992370605463,-21.32812309265131],[-41.99392700195301,-21.321641921997013],[-41.98809432983393,-21.321666717529297],[-41.98650360107422,-21.313068389892578],[-41.96209716796875,-21.31073379516596],[-41.95608901977539,-21.314014434814453],[-41.95094680786133,-21.311342239379826],[-41.940673828125,-21.308406829833984],[-41.93213653564453,-21.311553955078125],[-41.91767120361328,-21.29566574096674],[-41.905364990234375,-21.29822158813471],[-41.89992141723633,-21.302627563476506],[-41.885311126708984,-21.29510498046875],[-41.8835334777832,-21.29926109313965],[-41.873367309570256,-21.299467086791992],[-41.869415283203125,-21.304674148559513],[-41.85408782958979,-21.3006591796875],[-41.83895111083979,-21.28799057006836],[-41.815242767333984,-21.32690620422352],[-41.778141021728516,-21.38772964477539],[-41.780559539794865,-21.397218704223633],[-41.78060531616211,-21.399707794189396],[-41.77819442749018,-21.401708602905273],[-41.769065856933594,-21.398963928222656],[-41.76163864135742,-21.389955520629883],[-41.73858642578125,-21.38003158569336],[-41.731895446777344,-21.37201118469227],[-41.72111129760742,-21.366754531860295],[-41.709495544433594,-21.368534088134652],[-41.703727722167855,-21.37165641784668],[-41.702285766601506,-21.366306304931584],[-41.692222595214844,-21.356246948242188],[-41.68291854858393,-21.355363845825195],[-41.67930603027338,-21.348560333251953],[-41.66864013671875,-21.345117568969613],[-41.65134429931635,-21.35827445983881],[-41.64722442626953,-21.35626220703125],[-41.65059280395502,-21.348348617553654],[-41.64740753173828,-21.346126556396484],[-41.63633346557617,-21.35344886779785],[-41.63391876220692,-21.349433898925724],[-41.6301383972168,-21.35589599609375],[-41.621917724609375,-21.35817909240717],[-41.625919342041016,-21.340852737426758],[-41.616851806640625,-21.339824676513558],[-41.61271667480463,-21.333486557006722],[-41.58994293212885,-21.325365066528263],[-41.58448410034174,-21.316919326782227]]]},"properties":{"id_cidade":3302205,"cidade":"Itaperuna","id_microrregiao":330101,"id_mesorregiao":3301,"id_estado":33,"id_regiao":3}},{"type":"Feature","geometry":{"type":"Polygon","coordinates":[[[-44.66034698486328,-22.379558563232422],[-44.62964630126953,-22.46059799194336],[-44.61626434326172,-22.493440628051644],[-44.61895751953125,-22.508804321289006],[-44.62788009643543,-22.517621994018555],[-44.62671279907221,-22.535524368286133],[-44.61768341064453,-22.553342819213867],[-44.60542678833008,-22.563779830932617],[-44.595462799072266,-22.565780639648438],[-44.58582305908192,-22.5594425201416],[-44.582035064697266,-22.544839859008675],[-44.564731597900334,-22.533451080322266],[-44.56620788574219,-22.528839111328068],[-44.57706069946289,-22.5261611938476],[-44.576507568359375,-22.517881393432617],[-44.56970214843744,-22.510709762573242],[-44.550827026367074,-22.49729347229004],[-44.53595733642578,-22.49461555480957],[-44.52981567382807,-22.48635292053217],[-44.51500701904297,-22.48512458801264],[-44.514205932617074,-22.474611282348633],[-44.51046752929682,-22.47199058532715],[-44.48550796508789,-22.46719741821289],[-44.4884147644043,-22.46495246887207],[-44.487701416015625,-22.46092414855957],[-44.4796257019043,-22.458053588867188],[-44.47895050048828,-22.451868057250977],[-44.48031234741205,-22.44839096069336],[-44.48640441894531,-22.442901611328125],[-44.485847473144474,-22.437393188476506],[-44.5055198669433,-22.429676055908146],[-44.593509674072266,-22.39781188964838],[-44.59975814819336,-22.39820671081543],[-44.60323715209961,-22.39272499084467],[-44.61403274536127,-22.387014389038086],[-44.60129165649414,-22.372875213623047],[-44.576267242431584,-22.35748863220215],[-44.565818786621094,-22.364902496337834],[-44.55601501464844,-22.364879608154297],[-44.549598693847656,-22.35670089721674],[-44.549983978271484,-22.343423843383675],[-44.54795837402338,-22.3384952545166],[-44.541873931884766,-22.33569145202631],[-44.543464660644474,-22.33175277709961],[-44.545814514160156,-22.323646545410156],[-44.56429672241211,-22.332372665405273],[-44.57162094116211,-22.324144363403263],[-44.580989837646484,-22.327770233154297],[-44.58768081665039,-22.32161521911621],[-44.60064697265625,-22.325086593627873],[-44.61722183227539,-22.331769943237248],[-44.626121520996094,-22.336090087890625],[-44.6282958984375,-22.345970153808594],[-44.64285278320301,-22.35373878479004],[-44.646209716796875,-22.365133285522404],[-44.65882110595703,-22.37473487854004],[-44.66034698486328,-22.379558563232422]]]},"properties":{"id_cidade":3302254,"cidade":"Itatiaia","id_microrregiao":330511,"id_mesorregiao":3305,"id_estado":33,"id_regiao":3}},{"type":"Feature","geometry":{"type":"Polygon","coordinates":[[[-43.63872528076166,-22.719966888427678],[-43.62905502319336,-22.721910476684513],[-43.61433410644531,-22.699110031127873],[-43.610214233398324,-22.691921234130803],[-43.60383224487305,-22.692001342773438],[-43.59727478027344,-22.6849746704101],[-43.585235595703125,-22.692214965820256],[-43.556995391845646,-22.68901824951172],[-43.55647277832031,-22.678539276123047],[-43.5561637878418,-22.67704772949213],[-43.55063247680664,-22.670328140258732],[-43.543941497802734,-22.668905258178654],[-43.53449630737293,-22.654453277587834],[-43.547718048095646,-22.655162811279297],[-43.55436325073242,-22.650529861450195],[-43.55326843261713,-22.646326065063477],[-43.55916595458979,-22.636297225952035],[-43.57338714599604,-22.631557464599553],[-43.56846618652344,-22.62379646301264],[-43.56916046142578,-22.609100341796875],[-43.594966888427734,-22.620876312255803],[-43.62174987792963,-22.641258239746094],[-43.622474670410156,-22.64104270935053],[-43.62244415283203,-22.64234542846674],[-43.65324401855469,-22.615234374999943],[-43.66410827636719,-22.621826171874943],[-43.66972732543934,-22.644636154174805],[-43.6700325012207,-22.65284538269043],[-43.66484069824213,-22.657262802123967],[-43.657474517822266,-22.65933227539051],[-43.65045166015619,-22.652427673339787],[-43.64069366455078,-22.6513214111327],[-43.634830474853516,-22.658609390258732],[-43.63663482666004,-22.669471740722656],[-43.645328521728516,-22.670696258544922],[-43.64838409423828,-22.674600601196232],[-43.65004348754877,-22.677654266357422],[-43.651527404785156,-22.682733535766545],[-43.63811111450195,-22.714078903198242],[-43.63872528076166,-22.719966888427678]]]},"properties":{"id_cidade":3302270,"cidade":"Japeri","id_microrregiao":330618,"id_mesorregiao":3306,"id_estado":33,"id_regiao":3}},{"type":"Feature","geometry":{"type":"Polygon","coordinates":[[[-42.19580459594721,-21.16004753112793],[-42.194034576416016,-21.16407012939453],[-42.198795318603516,-21.167598724365234],[-42.199676513671875,-21.17364311218256],[-42.20844268798828,-21.178209304809513],[-42.19517135620117,-21.201911926269474],[-42.201839447021484,-21.20963478088379],[-42.2028923034668,-21.221683502197266],[-42.1972770690918,-21.226337432861214],[-42.19135284423828,-21.224256515502873],[-42.188728332519474,-21.23004531860346],[-42.19467544555653,-21.239559173583928],[-42.18964385986328,-21.24989891052246],[-42.19363784790039,-21.2535781860351],[-42.20399856567377,-21.261741638183594],[-42.21247100830078,-21.27206802368164],[-42.221405029296875,-21.27557373046875],[-42.22672653198242,-21.28072738647461],[-42.22893142700195,-21.284427642822266],[-42.22978973388672,-21.308454513549805],[-42.23817443847656,-21.318683624267578],[-42.2366371154784,-21.325178146362248],[-42.22886657714844,-21.328737258911133],[-42.22406768798828,-21.33798980712885],[-42.2218399047851,-21.33381462097168],[-42.20395278930664,-21.325012207031193],[-42.19823455810547,-21.316036224365234],[-42.19034194946289,-21.3139591217041],[-42.17323303222656,-21.31389045715332],[-42.16259765624994,-21.318187713623047],[-42.14684295654297,-21.30632019042963],[-42.142757415771484,-21.30600166320795],[-42.13908767700195,-21.312362670898324],[-42.13579559326172,-21.310218811035156],[-42.130611419677734,-21.308563232421875],[-42.131702423095646,-21.31753921508789],[-42.12581253051752,-21.319818496704045],[-42.12554168701172,-21.324357986450195],[-42.114456176757756,-21.336584091186523],[-42.10014343261713,-21.337919235229492],[-42.09314727783203,-21.344635009765625],[-42.08858871459961,-21.336936950683537],[-42.08528900146473,-21.337169647216797],[-42.08373260498041,-21.324436187744084],[-42.07641983032215,-21.32496833801264],[-42.074554443359375,-21.315706253051758],[-42.07910919189453,-21.311662673950195],[-42.088539123535156,-21.307178497314396],[-42.07906341552729,-21.299415588378906],[-42.07628631591797,-21.27992057800293],[-42.08023452758778,-21.274330139160156],[-42.0700569152832,-21.265844345092717],[-42.06142044067377,-21.266958236694336],[-42.055362701416016,-21.253265380859375],[-42.050010681152344,-21.255300521850586],[-42.04205703735346,-21.2518692016601],[-42.02973937988281,-21.245021820068303],[-42.02967453002924,-21.241670608520508],[-42.0355339050293,-21.238300323486328],[-42.05464553833002,-21.234031677246037],[-42.05331420898432,-21.225734710693303],[-42.044593811035156,-21.221963882446232],[-42.044082641601506,-21.218469619750863],[-42.05101013183594,-21.21376991271967],[-42.04898452758789,-21.196258544921875],[-42.055889129638615,-21.196901321411076],[-42.04750823974604,-21.180299758911076],[-42.0610618591308,-21.179985046386662],[-42.07274627685547,-21.179168701171875],[-42.08086395263672,-21.177690505981445],[-42.08719635009754,-21.194593429565373],[-42.097759246826115,-21.186481475830078],[-42.102817535400334,-21.184593200683594],[-42.105476379394474,-21.198802947998047],[-42.111541748046875,-21.20309829711914],[-42.10601043701172,-21.209569931030217],[-42.1080207824707,-21.212932586669922],[-42.11283874511713,-21.214336395263672],[-42.12601852416992,-21.198284149169865],[-42.12045288085932,-21.19869041442871],[-42.120704650878906,-21.19515037536621],[-42.13375473022461,-21.180299758911076],[-42.12886810302729,-21.1742706298827],[-42.130340576171875,-21.17000007629389],[-42.12364959716797,-21.171894073486328],[-42.1220970153808,-21.16817855834961],[-42.14964294433588,-21.16067886352539],[-42.165733337402344,-21.17462539672846],[-42.1633415222168,-21.167516708373967],[-42.166839599609375,-21.165666580200195],[-42.16579055786133,-21.16109085083002],[-42.16012191772455,-21.160013198852425],[-42.166175842285156,-21.159177780151367],[-42.17056655883789,-21.160064697265625],[-42.17531204223627,-21.178192138671875],[-42.18606567382807,-21.17490386962885],[-42.1913948059082,-21.164819717407227],[-42.18767547607422,-21.161739349365178],[-42.192764282226506,-21.158397674560547],[-42.19580459594721,-21.16004753112793]]]},"properties":{"id_cidade":3302304,"cidade":"Laje do Muriaé","id_microrregiao":330101,"id_mesorregiao":3301,"id_estado":33,"id_regiao":3}},{"type":"Feature","geometry":{"type":"MultiPolygon","coordinates":[[[[-41.7173614501952,-22.417085647583008],[-41.71791839599604,-22.417638778686523],[-41.717639923095646,-22.418750762939453],[-41.715972900390625,-22.420139312744084],[-41.71486282348627,-22.420417785644474],[-41.71486282348627,-22.421527862548828],[-41.713748931884766,-22.42236137390131],[-41.71263885498047,-22.42236137390131],[-41.711807250976506,-22.419584274291992],[-41.71486282348627,-22.41958236694336],[-41.71486282348627,-22.41819572448719],[-41.715972900390625,-22.416528701782227],[-41.7173614501952,-22.417085647583008]]],[[[-41.70513916015619,-22.40513801574707],[-41.705970764160156,-22.40625],[-41.70708465576172,-22.40708351135254],[-41.70708465576172,-22.408750534057504],[-41.70875167846674,-22.409860610961857],[-41.710140228271484,-22.409305572509766],[-41.71097183227528,-22.410139083862305],[-41.711528778076115,-22.41235923767084],[-41.711528778076115,-22.414028167724553],[-41.711807250976506,-22.415138244628906],[-41.71041488647461,-22.415138244628906],[-41.7095832824707,-22.417360305786133],[-41.70819473266596,-22.41819572448719],[-41.707359313964844,-22.41819572448719],[-41.70624923706055,-22.419307708740234],[-41.704582214355355,-22.419307708740234],[-41.70375061035156,-22.42097282409668],[-41.701526641845646,-22.42097282409668],[-41.700138092041016,-22.419584274291992],[-41.700416564941406,-22.417360305786133],[-41.7012481689452,-22.417085647583008],[-41.70291519165039,-22.414581298828068],[-41.70291519165039,-22.41319465637207],[-41.7012481689452,-22.41235923767084],[-41.700416564941406,-22.411527633666992],[-41.69874954223627,-22.411527633666992],[-41.69930648803705,-22.410694122314396],[-41.69930648803705,-22.408750534057504],[-41.6995849609375,-22.40763854980463],[-41.7012481689452,-22.405696868896484],[-41.70264053344721,-22.405416488647347],[-41.70319366455078,-22.404861450195256],[-41.70513916015619,-22.40513801574707]]],[[[-41.69319534301758,-22.399026870727425],[-41.69708251953125,-22.399026870727425],[-41.69819259643543,-22.399860382080078],[-41.69736099243164,-22.400970458984318],[-41.695137023925724,-22.401252746581974],[-41.695137023925724,-22.40180587768549],[-41.69763946533203,-22.402082443237305],[-41.69791793823242,-22.403192520141545],[-41.69625091552729,-22.404027938842773],[-41.695972442626896,-22.405696868896484],[-41.695137023925724,-22.40625],[-41.694026947021484,-22.40625],[-41.693748474121094,-22.405416488647347],[-41.69263839721674,-22.405416488647347],[-41.6915283203125,-22.404306411743164],[-41.69180679321278,-22.402082443237305],[-41.69069290161133,-22.4015274047851],[-41.6904182434082,-22.399305343627873],[-41.69124984741211,-22.398750305175724],[-41.69319534301758,-22.399026870727425]]],[[[-41.68708419799805,-22.399305343627873],[-41.68875122070301,-22.399305343627873],[-41.688472747802734,-22.400693893432617],[-41.689582824706974,-22.402362823486328],[-41.68791580200195,-22.402362823486328],[-41.68736267089844,-22.400693893432617],[-41.685417175292855,-22.400693893432617],[-41.68486022949219,-22.40041732788086],[-41.68513870239258,-22.399026870727425],[-41.68708419799805,-22.399305343627873]]],[[[-41.81758880615229,-22.41680335998535],[-41.81652832031244,-22.41625022888178],[-41.81569290161133,-22.41486358642578],[-41.81402969360346,-22.41486358642578],[-41.81319427490229,-22.413749694824162],[-41.81041717529291,-22.41208267211914],[-41.80819320678711,-22.411527633666992],[-41.807918548583984,-22.410417556762695],[-41.806526184081974,-22.410139083862305],[-41.80486297607422,-22.409027099609375],[-41.80263900756836,-22.408472061157227],[-41.80180740356445,-22.40763854980463],[-41.80014038085926,-22.40680694580078],[-41.7984733581543,-22.405696868896484],[-41.79624938964844,-22.404584884643555],[-41.79430389404291,-22.404027938842773],[-41.79375076293934,-22.402362823486328],[-41.79319381713867,-22.402362823486328],[-41.79152679443354,-22.400693893432617],[-41.79069519042963,-22.399583816528263],[-41.78874969482422,-22.399026870727425],[-41.78541564941406,-22.397083282470703],[-41.785137176513615,-22.396528244018498],[-41.78319549560547,-22.396249771118107],[-41.780418395996094,-22.394582748413086],[-41.77958297729492,-22.393749237060547],[-41.77763748168934,-22.39319419860834],[-41.77763748168934,-22.39263916015625],[-41.77486038208002,-22.39125061035145],[-41.77375030517578,-22.39125061035145],[-41.77236175537104,-22.390138626098576],[-41.7712516784668,-22.390138626098576],[-41.770973205566406,-22.389585494995004],[-41.76819610595692,-22.389860153198185],[-41.76763916015625,-22.387638092041016],[-41.76680374145508,-22.38680458068842],[-41.766250610351506,-22.384859085083008],[-41.76708221435547,-22.384305953979435],[-41.76902770996088,-22.384305953979435],[-41.769859313964844,-22.38541603088379],[-41.770973205566406,-22.385139465331974],[-41.770973205566406,-22.382638931274414],[-41.770137786865234,-22.38097190856928],[-41.76902770996088,-22.37986183166504],[-41.76763916015625,-22.37986183166504],[-41.76708221435547,-22.378749847412053],[-41.766250610351506,-22.378196716308594],[-41.766250610351506,-22.377361297607422],[-41.76736068725586,-22.375974655151367],[-41.76791763305664,-22.374860763549748],[-41.76958465576172,-22.375974655151367],[-41.771526336669865,-22.375974655151367],[-41.77264022827143,-22.37569236755371],[-41.77264022827143,-22.374860763549748],[-41.77347183227539,-22.374027252197266],[-41.7754173278808,-22.37375259399414],[-41.7754173278808,-22.37180519104004],[-41.77430725097656,-22.37152862548828],[-41.774581909179574,-22.37013816833496],[-41.774581909179574,-22.368194580078125],[-41.77430725097656,-22.36652755737299],[-41.77375030517578,-22.3662490844726],[-41.77402877807617,-22.36486053466797],[-41.773193359375,-22.364025115966797],[-41.772083282470646,-22.362363815307617],[-41.771526336669865,-22.36097145080555],[-41.76819610595692,-22.35763931274414],[-41.765972137451115,-22.355693817138672],[-41.765972137451115,-22.355138778686467],[-41.7640266418457,-22.353471755981445],[-41.7631950378418,-22.35236167907709],[-41.76263809204096,-22.35236167907709],[-41.76013946533203,-22.350139617919865],[-41.75819396972656,-22.349306106567326],[-41.75624847412104,-22.347917556762695],[-41.75458526611328,-22.347360610961914],[-41.7540283203125,-22.34680557250971],[-41.752918243408146,-22.34680557250971],[-41.751529693603516,-22.345970153808594],[-41.75070953369135,-22.345106124877873],[-41.749542236328125,-22.34458351135254],[-41.74791717529297,-22.34458351135254],[-41.74764633178711,-22.34372711181635],[-41.746528625488224,-22.343748092651367],[-41.7448616027832,-22.34319496154785],[-41.74458312988281,-22.342639923095703],[-41.74347305297846,-22.342361450195312],[-41.740695953369084,-22.340417861938477],[-41.73902893066406,-22.339027404785156],[-41.73819351196289,-22.337917327880803],[-41.73708343505854,-22.33736038208002],[-41.736526489257756,-22.336526870727482],[-41.73291778564453,-22.334028244018555],[-41.73236083984375,-22.334028244018555],[-41.730972290039006,-22.332916259765625],[-41.730415344238224,-22.332082748413086],[-41.729026794433594,-22.33152770996088],[-41.72735977172846,-22.330415725708008],[-41.72652816772461,-22.329027175903207],[-41.72430419921869,-22.32652854919428],[-41.72236251831055,-22.324861526489258],[-41.721805572509766,-22.324861526489258],[-41.720417022704964,-22.323474884033203],[-41.71819305419916,-22.321804046630803],[-41.71819305419916,-22.32097053527832],[-41.71680450439453,-22.320692062377873],[-41.716251373291016,-22.319860458373967],[-41.71458435058588,-22.31819534301752],[-41.71402740478504,-22.31819534301752],[-41.71263885498047,-22.3165283203125],[-41.711807250976506,-22.315971374511662],[-41.710140228271484,-22.31541633605957],[-41.70930480957031,-22.314306259155217],[-41.70680618286133,-22.312917709350586],[-41.70680618286133,-22.31208419799799],[-41.705696105956974,-22.31208419799799],[-41.704582214355355,-22.31069564819336],[-41.70402908325195,-22.31069564819336],[-41.70291519165039,-22.30930328369135],[-41.69847106933588,-22.305971145629883],[-41.69736099243164,-22.305694580078068],[-41.69625091552729,-22.30458259582514],[-41.695137023925724,-22.304306030273438],[-41.694862365722656,-22.303749084472656],[-41.69347381591797,-22.303194046020508],[-41.69235992431635,-22.302360534667912],[-41.6915283203125,-22.301250457763672],[-41.68902206420893,-22.299861907958928],[-41.689640045166016,-22.29885482788086],[-41.69591522216797,-22.286300659179688],[-41.70038986206043,-22.281015396118164],[-41.70530319213867,-22.276628494262695],[-41.70750427246088,-22.267782211303654],[-41.70539093017578,-22.257926940917855],[-41.704978942871094,-22.246690750122013],[-41.70649719238281,-22.226482391357422],[-41.77169036865229,-22.179435729980412],[-41.824138641357365,-22.145305633544922],[-41.819587707519474,-22.186269760131836],[-41.839942932128906,-22.1994686126709],[-41.8520393371582,-22.24346160888672],[-41.85879898071289,-22.258312225341683],[-41.85969161987305,-22.269577026367188],[-41.86418151855469,-22.274377822875863],[-41.881919860839844,-22.273235321044922],[-41.88685607910156,-22.268407821655273],[-41.886077880859375,-22.259027481078988],[-41.89263916015619,-22.256776809692383],[-41.89455413818348,-22.248571395874023],[-41.90710830688471,-22.24220085144043],[-41.900390625,-22.239105224609318],[-41.90169525146479,-22.23241424560547],[-41.91524505615229,-22.23046875],[-41.918972015380746,-22.224754333496094],[-41.91805648803711,-22.215896606445312],[-41.90432357788086,-22.198934555053654],[-41.900970458984375,-22.18736839294428],[-41.91155242919922,-22.184965133666992],[-41.90828323364252,-22.174863815307617],[-41.91400146484369,-22.169395446777287],[-41.919559478759766,-22.171009063720703],[-41.92086029052729,-22.161815643310547],[-41.9345588684082,-22.16492843627924],[-41.941612243652344,-22.158765792846623],[-41.95316696166992,-22.1518611907959],[-41.97303390502924,-22.15683937072754],[-41.971694946289006,-22.131744384765568],[-41.978424072265625,-22.1251220703125],[-42.022815704345646,-22.150800704956055],[-42.02711486816395,-22.157508850097543],[-42.07594299316395,-22.16376876831049],[-42.08964538574213,-22.17257690429676],[-42.09738922119135,-22.183895111083928],[-42.09348297119135,-22.188987731933594],[-42.096588134765625,-22.19281005859375],[-42.09286117553711,-22.20111656188959],[-42.09706497192383,-22.202056884765625],[-42.10794448852539,-22.209253311157227],[-42.1140899658202,-22.206823348998967],[-42.128700256347656,-22.21412277221674],[-42.14738845825195,-22.21021652221674],[-42.1590843200683,-22.215225219726562],[-42.16303634643555,-22.221763610839787],[-42.168258666992074,-22.224500656127816],[-42.178535461425724,-22.233163833618107],[-42.18323135375965,-22.24337959289545],[-42.1968994140625,-22.247098922729435],[-42.2164421081543,-22.267751693725586],[-42.227420806884766,-22.27464866638178],[-42.23397445678711,-22.28859519958496],[-42.239261627197266,-22.286283493041935],[-42.24654006958002,-22.29199790954584],[-42.25104904174805,-22.306808471679688],[-42.25122070312494,-22.307373046875],[-42.266006469726506,-22.315956115722656],[-42.26195526123047,-22.32124900817871],[-42.216819763183594,-22.341976165771484],[-42.20631027221668,-22.36845588684082],[-42.205417633056584,-22.37061882019043],[-42.21589660644531,-22.374357223510742],[-42.21614074707031,-22.382780075073185],[-42.2109260559082,-22.38121223449707],[-42.2077522277832,-22.387609481811523],[-42.21442413330078,-22.391599655151367],[-42.210983276367074,-22.39581871032715],[-42.21950149536133,-22.406047821044922],[-42.20544815063471,-22.413980484008732],[-42.207672119140625,-22.420856475830078],[-42.20382690429682,-22.42860031127924],[-42.18889236450195,-22.433195114135742],[-42.180557250976506,-22.429315567016545],[-42.17192077636719,-22.42180633544922],[-42.16203308105463,-22.42803382873535],[-42.16205978393543,-22.423765182495117],[-42.15307235717768,-22.42164230346674],[-42.146060943603516,-22.427717208862248],[-42.14158248901367,-22.424930572509766],[-42.138278961181584,-22.41320037841797],[-42.12694931030268,-22.412769317626896],[-42.12475585937494,-22.405960083007812],[-42.1175918579101,-22.402408599853402],[-42.099781036376896,-22.405273437499886],[-42.099220275878906,-22.418262481689453],[-42.10647201538086,-22.436042785644474],[-42.09714126586914,-22.43840789794922],[-42.08822250366205,-22.439142227172795],[-42.07686233520502,-22.431262969970703],[-42.072788238525334,-22.432115554809457],[-42.069278717041016,-22.43580818176264],[-42.06389617919916,-22.434190750122013],[-42.064842224121094,-22.42294692993164],[-42.04783630371094,-22.40435028076172],[-42.02455520629883,-22.389087677001953],[-42.008819580078125,-22.395523071289006],[-42.00133895874018,-22.398773193359318],[-41.989917755126896,-22.398048400878906],[-41.965335845947266,-22.38789939880371],[-41.95330810546875,-22.388614654541016],[-41.9513053894043,-22.39327621459961],[-41.945755004882756,-22.392736434936523],[-41.9427490234375,-22.379171371459904],[-41.93766021728504,-22.377838134765625],[-41.94133377075195,-22.392553329467773],[-41.907196044921875,-22.399881362914925],[-41.89349365234369,-22.412511825561523],[-41.87690353393549,-22.41907119750971],[-41.872592926025334,-22.417848587036133],[-41.86660766601557,-22.420755386352482],[-41.86019897460932,-22.4180908203125],[-41.854331970214844,-22.408340454101562],[-41.84766387939453,-22.410799026489258],[-41.825706481933594,-22.409528732299805],[-41.818599700927734,-22.416048049926758],[-41.81758880615229,-22.41680335998535]]]]},"properties":{"id_cidade":3302403,"cidade":"Macaé","id_microrregiao":330204,"id_mesorregiao":3302,"id_estado":33,"id_regiao":3}},{"type":"Feature","geometry":{"type":"Polygon","coordinates":[[[-42.21939468383789,-22.009653091430664],[-42.22461318969721,-22.00471878051752],[-42.222122192382756,-21.991493225097656],[-42.230335235595646,-21.982757568359318],[-42.23030853271479,-21.975826263427678],[-42.24064254760731,-21.974796295166016],[-42.243389129638615,-21.97303581237793],[-42.24345016479492,-21.97321891784668],[-42.249839782714844,-21.977310180664062],[-42.257747650146484,-21.990320205688477],[-42.26200485229481,-21.988035202026367],[-42.27208709716791,-21.984937667846566],[-42.27870178222656,-21.98869514465332],[-42.289005279541016,-21.979927062988224],[-42.29225540161133,-21.981769561767578],[-42.30023574829096,-21.97479248046875],[-42.30131530761719,-21.98797607421875],[-42.308311462402344,-21.98138427734375],[-42.31386566162104,-21.997282028198242],[-42.318115234375,-21.997785568237248],[-42.3167724609375,-22.002273559570312],[-42.3115615844726,-22.03130531311035],[-42.30470657348627,-22.028572082519418],[-42.29801559448242,-22.03033447265625],[-42.29678344726557,-22.04098892211914],[-42.30142593383789,-22.04987335205078],[-42.31140136718744,-22.057506561279297],[-42.31220626831055,-22.069406509399357],[-42.29878997802729,-22.08298110961914],[-42.28311538696289,-22.08738708496088],[-42.27820205688471,-22.09185218811035],[-42.2689208984375,-22.08986473083496],[-42.26564407348633,-22.082103729248047],[-42.269588470458984,-22.069936752319336],[-42.26123428344721,-22.06319808959961],[-42.26037216186518,-22.046527862548828],[-42.249317169189396,-22.044448852539062],[-42.24050521850586,-22.03424835205078],[-42.250923156738224,-22.028930664062443],[-42.23997879028309,-22.024520874023438],[-42.23350524902344,-22.029420852661133],[-42.21939468383789,-22.009653091430664]]]},"properties":{"id_cidade":3302452,"cidade":"Macuco","id_microrregiao":330306,"id_mesorregiao":3303,"id_estado":33,"id_regiao":3}},{"type":"Feature","geometry":{"type":"Polygon","coordinates":[[[-43.04435348510742,-22.69260406494135],[-43.0379524230957,-22.682765960693303],[-43.03596496582031,-22.679134368896428],[-43.03254318237299,-22.674474716186523],[-43.028602600097656,-22.666341781616097],[-43.022769927978516,-22.66448974609375],[-43.02193069458008,-22.651517868041992],[-43.01317977905268,-22.63747024536127],[-43.01641845703125,-22.552583694458008],[-43.01932144165028,-22.525993347167912],[-43.02321243286127,-22.52277374267578],[-43.02228927612305,-22.51502609252924],[-43.02876663208008,-22.51398277282715],[-43.02812194824219,-22.49921226501465],[-43.047271728515625,-22.488006591796875],[-43.055465698242074,-22.48885917663563],[-43.0619010925293,-22.485193252563477],[-43.0622673034668,-22.483650207519474],[-43.078125,-22.487049102783203],[-43.08035278320301,-22.49013137817377],[-43.077671051025334,-22.491416931152344],[-43.0711555480957,-22.498725891113224],[-43.07146453857416,-22.504505157470703],[-43.10779190063471,-22.533470153808594],[-43.12260818481445,-22.530561447143555],[-43.14963150024414,-22.539012908935547],[-43.19635772705078,-22.561866760253793],[-43.225242614746094,-22.563735961914006],[-43.202407836914006,-22.6087589263916],[-43.19479751586903,-22.622783660888615],[-43.195346832275334,-22.629365921020508],[-43.2114372253418,-22.64275169372553],[-43.21989822387695,-22.661090850830078],[-43.224857330322266,-22.675260543823242],[-43.21929550170893,-22.680814743041935],[-43.21828079223633,-22.687795639037972],[-43.21463012695301,-22.70756530761713],[-43.21841430664057,-22.707370758056584],[-43.22451782226557,-22.715286254882756],[-43.22109985351557,-22.724451065063477],[-43.21458435058594,-22.727918624877873],[-43.21430587768555,-22.72736167907709],[-43.21208190917969,-22.726249694824162],[-43.21069335937494,-22.726249694824162],[-43.20930480957031,-22.7270832061767],[-43.20541763305664,-22.7270832061767],[-43.20291519165039,-22.726806640625],[-43.201248168945256,-22.72597312927246],[-43.20097351074213,-22.72541427612299],[-43.19847106933594,-22.725139617919922],[-43.197639465331974,-22.724027633666935],[-43.19680404663086,-22.723474502563477],[-43.19541549682617,-22.72319221496582],[-43.19347381591797,-22.72319221496582],[-43.191806793212834,-22.722639083862305],[-43.18986129760742,-22.722360610961914],[-43.18736267089844,-22.722360610961914],[-43.18541717529291,-22.722082138061523],[-43.18319320678711,-22.72125053405756],[-43.182640075683594,-22.72069358825678],[-43.18125152587879,-22.72069358825678],[-43.180416107177734,-22.71986007690424],[-43.17930603027344,-22.71958351135254],[-43.17763900756836,-22.718751907348633],[-43.17736053466797,-22.718194961547795],[-43.17625045776367,-22.717916488647404],[-43.173194885253906,-22.716249465942383],[-43.17013931274414,-22.71486091613764],[-43.16930389404291,-22.71402549743641],[-43.16791534423828,-22.713472366333008],[-43.166805267333984,-22.713472366333008],[-43.166248321533146,-22.712917327880803],[-43.16569519042963,-22.71125030517578],[-43.16374969482422,-22.711526870727482],[-43.162918090820256,-22.710693359375],[-43.16208267211903,-22.710693359375],[-43.16069412231445,-22.709863662719727],[-43.1595840454101,-22.709863662719727],[-43.15874862670887,-22.7093048095702],[-43.1573600769043,-22.7093048095702],[-43.15486145019531,-22.708749771118107],[-43.15402603149414,-22.708194732666016],[-43.143196105956974,-22.708194732666016],[-43.14125061035156,-22.708471298217717],[-43.13986206054676,-22.709863662719727],[-43.13874816894531,-22.710416793823242],[-43.13708496093744,-22.710416793823242],[-43.13458251953119,-22.712360382080078],[-43.13458251953119,-22.71402549743641],[-43.13402938842768,-22.71513938903803],[-43.13291549682617,-22.71486091613764],[-43.131526947021484,-22.71513938903803],[-43.129581451416016,-22.71486091613764],[-43.127361297607365,-22.71486091613764],[-43.127361297607365,-22.71402549743641],[-43.126251220703125,-22.7137508392334],[-43.12402725219721,-22.7137508392334],[-43.12347412109375,-22.713472366333008],[-43.12347412109375,-22.712085723876953],[-43.1220817565918,-22.71125030517578],[-43.120693206786996,-22.7093048095702],[-43.11875152587885,-22.709028244018498],[-43.11847305297846,-22.708194732666016],[-43.11708450317383,-22.707082748413086],[-43.11708450317383,-22.70597267150879],[-43.11652755737305,-22.70513916015625],[-43.11652755737305,-22.703193664550724],[-43.11708450317383,-22.702638626098576],[-43.11708450317383,-22.698474884033203],[-43.11652755737305,-22.697082519531193],[-43.1151390075683,-22.696804046630803],[-43.11347198486328,-22.6951389312743],[-43.11208343505854,-22.694860458374023],[-43.11208343505854,-22.693471908569336],[-43.1109733581543,-22.694026947021428],[-43.10847091674799,-22.694305419921818],[-43.10763931274414,-22.695692062377873],[-43.10708236694336,-22.6951389312743],[-43.10708236694336,-22.692916870117188],[-43.10680389404297,-22.691528320312443],[-43.105972290039006,-22.690971374511662],[-43.105972290039006,-22.689861297607422],[-43.1051406860351,-22.688472747802734],[-43.104026794433594,-22.687917709350586],[-43.104026794433594,-22.687360763549805],[-43.10124969482422,-22.68625068664545],[-43.09902954101557,-22.68597221374506],[-43.0948600769043,-22.68597221374506],[-43.09375,-22.686525344848576],[-43.092361450195256,-22.686525344848576],[-43.09291839599604,-22.684585571289006],[-43.09180450439453,-22.684028625488168],[-43.091251373291016,-22.68319320678711],[-43.08791732788086,-22.68319320678711],[-43.086807250976506,-22.681804656982365],[-43.086807250976506,-22.68069458007801],[-43.086250305175724,-22.68013954162592],[-43.08430480957031,-22.679306030273438],[-43.0845832824707,-22.6784725189209],[-43.085693359374886,-22.6784725189209],[-43.085693359374886,-22.67736053466797],[-43.08430480957031,-22.67736053466797],[-43.08291625976557,-22.677917480468693],[-43.08235931396473,-22.67958259582514],[-43.08124923706055,-22.68013954162592],[-43.0798606872558,-22.68013954162592],[-43.07875061035156,-22.680971145629883],[-43.076526641845646,-22.68069458007801],[-43.076248168945256,-22.681528091430664],[-43.0745849609375,-22.681528091430664],[-43.070693969726506,-22.68375015258789],[-43.069026947021484,-22.68430328369135],[-43.066806793212834,-22.686525344848576],[-43.066528320312386,-22.687917709350586],[-43.0654182434082,-22.687917709350586],[-43.06513977050781,-22.687084197997933],[-43.06208419799805,-22.687084197997933],[-43.05930709838867,-22.686807632446232],[-43.057361602783146,-22.68625068664545],[-43.055694580078125,-22.68541717529297],[-43.05402755737299,-22.68486022949213],[-43.05458450317377,-22.686807632446232],[-43.05291748046875,-22.686525344848576],[-43.05263900756836,-22.688194274902287],[-43.053470611572266,-22.68874931335438],[-43.053470611572266,-22.69069480895996],[-43.05236053466797,-22.691249847412053],[-43.05208206176758,-22.692361831664982],[-43.050971984863224,-22.693195343017578],[-43.0504150390625,-22.692916870117188],[-43.04791641235346,-22.692916870117188],[-43.04708480834961,-22.692361831664982],[-43.0445823669433,-22.692361831664982],[-43.04435348510742,-22.69260406494135]]]},"properties":{"id_cidade":3302502,"cidade":"Magé","id_microrregiao":330618,"id_mesorregiao":3306,"id_estado":33,"id_regiao":3}},{"type":"Feature","geometry":{"type":"MultiPolygon","coordinates":[[[[-43.943748474121094,-23.01819229125971],[-43.94486236572254,-23.01874923706049],[-43.94486236572254,-23.01986122131342],[-43.946250915527344,-23.020414352416935],[-43.946250915527344,-23.021526336669865],[-43.94791793823242,-23.022361755371037],[-43.94847106933588,-23.02430534362793],[-43.94763946533203,-23.0251407623291],[-43.945415496826115,-23.0251407623291],[-43.94486236572254,-23.02430534362793],[-43.94486236572254,-23.023195266723576],[-43.944305419921875,-23.022083282470646],[-43.943748474121094,-23.01986122131342],[-43.94319534301758,-23.01874923706049],[-43.943748474121094,-23.01819229125971]]],[[[-43.919029235839844,-22.985416412353516],[-43.922359466552734,-22.985416412353516],[-43.92347335815424,-22.986528396606445],[-43.92347335815424,-22.987638473510742],[-43.92266082763672,-22.98868370056141],[-43.926528930664006,-22.9891357421875],[-43.92791748046875,-22.989027023315373],[-43.928749084472656,-22.98939514160145],[-43.929988861083984,-22.99208259582514],[-43.930973052978516,-22.992639541625977],[-43.93152618408203,-22.993749618530273],[-43.93172836303711,-22.9958553314209],[-43.93687438964844,-22.99819374084467],[-43.93791580200195,-23.000415802001953],[-43.93736267089844,-23.001527786254826],[-43.938194274902344,-23.002361297607365],[-43.93847274780262,-23.005416870117074],[-43.93791580200195,-23.006807327270508],[-43.93791580200195,-23.007915496826172],[-43.93652725219721,-23.008750915527287],[-43.935417175292855,-23.008750915527287],[-43.93430709838867,-23.00986099243164],[-43.93430709838867,-23.010972976684513],[-43.935417175292855,-23.013195037841797],[-43.93597030639643,-23.01375007629389],[-43.93597030639643,-23.015138626098633],[-43.935417175292855,-23.015693664550724],[-43.9345817565918,-23.015417098999023],[-43.93430709838867,-23.01402854919428],[-43.93319320678705,-23.013195037841797],[-43.9320831298827,-23.01291656494135],[-43.93013763427729,-23.01291656494135],[-43.930416107177734,-23.010694503784123],[-43.93152618408203,-23.009307861328068],[-43.931251525878906,-23.00819587707514],[-43.93013763427729,-23.007360458373967],[-43.92930603027338,-23.007360458373967],[-43.92791748046875,-23.006250381469727],[-43.926807403564396,-23.004861831664982],[-43.926528930664006,-23.00291633605957],[-43.925140380859375,-23.002082824706918],[-43.925140380859375,-23.000139236450195],[-43.92185974121088,-22.997360229492188],[-43.920696258544865,-22.997360229492188],[-43.919303894042855,-22.995971679687443],[-43.91847229003906,-22.995971679687443],[-43.917640686035156,-22.995136260986328],[-43.9172744750976,-22.993810653686467],[-43.917652130126896,-22.992361068725586],[-43.91652679443354,-22.991249084472656],[-43.917640686035156,-22.98930549621582],[-43.917640686035156,-22.98847007751459],[-43.91866683959961,-22.98847007751459],[-43.919029235839844,-22.987083435058537],[-43.91847229003906,-22.986251831054574],[-43.919029235839844,-22.985416412353516]]],[[[-44.033748626708984,-22.996528625488224],[-44.03569412231445,-22.996528625488224],[-44.03680419921875,-22.99708366394043],[-44.03680419921875,-22.997638702392578],[-44.03874969482422,-22.99819374084467],[-44.039306640625,-22.9993057250976],[-44.040138244628906,-22.999860763549805],[-44.04097366333002,-22.99958419799799],[-44.04291534423828,-22.99958419799799],[-44.04319381713867,-23.000415802001953],[-44.04541778564453,-23.001527786254826],[-44.04735946655268,-23.001806259155217],[-44.048194885253906,-23.000694274902344],[-44.04986190795887,-23.000694274902344],[-44.050693511962834,-23.001249313354435],[-44.05263900756836,-23.00347137451172],[-44.05263900756836,-23.004861831664982],[-44.05319595336903,-23.005138397216797],[-44.05319595336903,-23.007360458373967],[-44.05263900756836,-23.007915496826172],[-44.05152893066406,-23.007915496826172],[-44.04986190795887,-23.01013946533203],[-44.0484733581543,-23.01013946533203],[-44.048194885253906,-23.01152992248535],[-44.046806335449105,-23.01152992248535],[-44.04597091674805,-23.009307861328068],[-44.04513931274414,-23.008750915527287],[-44.04513931274414,-23.007915496826172],[-44.04402923583979,-23.007360458373967],[-44.042083740234375,-23.007360458373967],[-44.042083740234375,-23.00986099243164],[-44.04152679443354,-23.010417938232422],[-44.039859771728516,-23.010417938232422],[-44.03874969482422,-23.010972976684513],[-44.03819274902338,-23.011804580688477],[-44.037361145019474,-23.011804580688477],[-44.03680419921875,-23.010972976684513],[-44.03541564941406,-23.010417938232422],[-44.03347396850586,-23.009307861328068],[-44.03291702270508,-23.010417938232422],[-44.032081604003906,-23.010972976684513],[-44.032081604003906,-23.011806488036996],[-44.03291702270508,-23.01263809204096],[-44.03430557250971,-23.01263809204096],[-44.03541564941406,-23.013195037841797],[-44.035137176513615,-23.014305114746094],[-44.03430557250971,-23.015138626098633],[-44.0323600769043,-23.015138626098633],[-44.030693054199105,-23.01375007629389],[-44.03097152709955,-23.01152992248535],[-44.031806945800724,-23.010694503784123],[-44.031806945800724,-23.009307861328068],[-44.02986145019531,-23.007638931274357],[-44.02986145019531,-23.0043048858642],[-44.02930450439453,-23.00374984741211],[-44.02930450439453,-22.9993057250976],[-44.02902603149414,-22.99819374084467],[-44.0301399230957,-22.997360229492188],[-44.0301399230957,-22.998750686645508],[-44.031528472900334,-22.99958419799799],[-44.03347396850586,-22.99958419799799],[-44.03347396850586,-22.99680519104004],[-44.033748626708984,-22.996528625488224]]],[[[-43.95236206054682,-23.000694274902344],[-43.95347213745117,-23.000694274902344],[-43.9548606872558,-23.002082824706918],[-43.95458221435541,-23.00319480895996],[-43.95375061035156,-23.0040283203125],[-43.955417633056584,-23.005693435668945],[-43.955417633056584,-23.006250381469727],[-43.954303741454964,-23.006807327270508],[-43.954303741454964,-23.00819587707514],[-43.95291519165039,-23.01013946533203],[-43.95097351074219,-23.00986099243164],[-43.950138092041016,-23.008750915527287],[-43.9495849609375,-23.006526947021428],[-43.949859619140625,-23.005693435668945],[-43.951526641845646,-23.005138397216797],[-43.95319366455078,-23.0043048858642],[-43.95319366455078,-23.002639770507756],[-43.95236206054682,-23.001806259155217],[-43.95236206054682,-23.000694274902344]]],[[[-44.15930557250971,-23.037639617919865],[-44.16069412231445,-23.03847312927246],[-44.16069412231445,-23.03902816772461],[-44.16180419921869,-23.0395832061767],[-44.162082672119084,-23.04069519042963],[-44.16013717651367,-23.040971755981445],[-44.159584045410156,-23.041805267333984],[-44.1584739685058,-23.042083740234375],[-44.158195495605355,-23.041250228881836],[-44.158195495605355,-23.03930473327631],[-44.15930557250971,-23.037639617919865]]],[[[-43.95319366455078,-23.02263641357422],[-43.95458221435541,-23.022918701171875],[-43.95458221435541,-23.025693893432617],[-43.95375061035156,-23.026527404785156],[-43.95236206054682,-23.026527404785156],[-43.95097351074219,-23.025693893432617],[-43.95097351074219,-23.02458381652832],[-43.95319366455078,-23.02263641357422]]],[[[-44.13652801513666,-23.04069519042963],[-44.137638092041016,-23.040971755981445],[-44.13930511474604,-23.042360305786076],[-44.13874816894531,-23.043750762939396],[-44.13652801513666,-23.04402732849121],[-44.13652801513666,-23.04069519042963]]],[[[-44.1290283203125,-23.036529541015625],[-44.13013839721674,-23.036806106567326],[-44.13013839721674,-23.037639617919865],[-44.131248474121094,-23.03819465637207],[-44.131526947021484,-23.03902816772461],[-44.13069534301752,-23.03930473327631],[-44.13069534301752,-23.041250228881836],[-44.1290283203125,-23.042638778686467],[-44.127082824706974,-23.042638778686467],[-44.126804351806584,-23.042083740234375],[-44.12458419799805,-23.041805267333984],[-44.12347412109369,-23.040416717529183],[-44.12374877929682,-23.03902816772461],[-44.12541580200195,-23.037082672119027],[-44.127361297607365,-23.037082672119027],[-44.1290283203125,-23.036529541015625]]],[[[-44.109859466552734,-23.022083282470646],[-44.11125183105463,-23.022918701171875],[-44.11125183105463,-23.024028778076172],[-44.1104164123534,-23.0251407623291],[-44.10902786254883,-23.02430534362793],[-44.10930633544922,-23.02263641357422],[-44.109859466552734,-23.022083282470646]]],[[[-44.166675567626896,-23.033750534057617],[-44.16513824462885,-23.03347206115717],[-44.16319274902344,-23.03347206115717],[-44.16152954101557,-23.03208351135254],[-44.15986251831055,-23.032361984252816],[-44.159584045410156,-23.03291511535639],[-44.1573600769043,-23.034025192260742],[-44.157081604003906,-23.035137176513615],[-44.15430450439453,-23.036529541015625],[-44.153751373291016,-23.03791618347168],[-44.153751373291016,-23.04069519042963],[-44.153472900390625,-23.040971755981445],[-44.151527404785156,-23.040971755981445],[-44.151248931884766,-23.0395832061767],[-44.15041732788086,-23.03874969482422],[-44.15041732788086,-23.037361145019474],[-44.14958190917963,-23.03624725341797],[-44.14625167846674,-23.035694122314453],[-44.14541625976551,-23.03624725341797],[-44.14402770996094,-23.03624725341797],[-44.142917633056584,-23.035417556762695],[-44.14152908325195,-23.035417556762695],[-44.14041519165039,-23.034860610961914],[-44.13902664184559,-23.034860610961914],[-44.137638092041016,-23.0343074798584],[-44.13680648803705,-23.03347206115717],[-44.13513946533203,-23.03347206115717],[-44.13486099243164,-23.03291511535639],[-44.13013839721674,-23.03291511535639],[-44.1290283203125,-23.031528472900334],[-44.12763977050781,-23.03125],[-44.12625122070301,-23.029581069946232],[-44.12625122070301,-23.028194427490178],[-44.12541580200195,-23.027639389038086],[-44.12513732910156,-23.026805877685547],[-44.1243057250976,-23.026805877685547],[-44.12291717529297,-23.025972366332894],[-44.12097167968744,-23.025972366332894],[-44.11902618408203,-23.025693893432617],[-44.11791610717768,-23.0251407623291],[-44.116806030273324,-23.024028778076172],[-44.11513900756836,-23.024028778076172],[-44.1129150390625,-23.023195266723576],[-44.11125183105463,-23.021249771118164],[-44.11097335815424,-23.020414352416935],[-44.109859466552734,-23.019304275512695],[-44.10930633544922,-23.017915725708008],[-44.10736083984369,-23.016250610351562],[-44.10458374023432,-23.016250610351562],[-44.1037483215332,-23.013195037841797],[-44.10347366333008,-23.010417938232422],[-44.102359771728516,-23.00986099243164],[-44.10041809082031,-23.00986099243164],[-44.09930419921875,-23.009582519531193],[-44.09875106811518,-23.00847244262684],[-44.09736251831055,-23.006526947021428],[-44.096248626708984,-23.005971908569336],[-44.09541702270502,-23.0043048858642],[-44.09541702270502,-23.002639770507756],[-44.09458160400385,-23.002082824706918],[-44.09513854980463,-23.000972747802734],[-44.09513854980463,-22.998750686645508],[-44.096527099609375,-22.997360229492188],[-44.096527099609375,-22.995971679687443],[-44.09597396850586,-22.995136260986328],[-44.09430694580078,-22.994304656982422],[-44.090415954589844,-22.994304656982422],[-44.08958435058594,-22.993749618530273],[-44.088195800781136,-22.99347305297846],[-44.08763885498047,-22.992639541625977],[-44.08652877807617,-22.992361068725586],[-44.08486175537098,-22.992361068725586],[-44.08402633666992,-22.99347305297846],[-44.08263778686518,-22.993749618530273],[-44.08152770996094,-22.99208259582514],[-44.08152770996094,-22.990972518920785],[-44.08208465576166,-22.990417480468693],[-44.08208465576166,-22.989027023315373],[-44.08152770996094,-22.988750457763672],[-44.08124923706055,-22.987083435058537],[-44.07986068725586,-22.986528396606445],[-44.07958221435541,-22.985694885253906],[-44.08069610595703,-22.9851398468017],[-44.08041763305664,-22.98374938964838],[-44.078750610351506,-22.980693817138615],[-44.07791519165039,-22.980415344238224],[-44.077083587646484,-22.97875022888178],[-44.077083587646484,-22.977083206176758],[-44.07819366455078,-22.97652816772461],[-44.077362060546875,-22.975139617919922],[-44.076526641845646,-22.975139617919922],[-44.07541656494129,-22.974306106567383],[-44.07541656494129,-22.972360610961857],[-44.076248168945256,-22.971527099609318],[-44.076248168945256,-22.970138549804688],[-44.07569503784174,-22.96902847290039],[-44.07791519165039,-22.96902847290039],[-44.078750610351506,-22.96875],[-44.08013916015625,-22.96763610839838],[-44.08069610595703,-22.966527938842717],[-44.08069610595703,-22.96347236633295],[-44.08013916015625,-22.96319389343256],[-44.08013916015625,-22.960138320922795],[-44.08041763305664,-22.95819473266596],[-44.07958221435541,-22.957916259765568],[-44.079029083251896,-22.95708274841303],[-44.078750610351506,-22.9556941986084],[-44.076805114746094,-22.954025268554688],[-44.07541656494129,-22.954025268554688],[-44.0745849609375,-22.95319366455078],[-44.0745849609375,-22.952362060546818],[-44.07347106933594,-22.951528549194336],[-44.072360992431584,-22.951250076293945],[-44.068748474121094,-22.951250076293945],[-44.06652832031244,-22.950693130493107],[-44.06624984741205,-22.950138092041016],[-44.06319427490229,-22.9498615264892],[-44.061527252197266,-22.949304580688477],[-44.06097412109375,-22.94763946533203],[-44.05986022949213,-22.946805953979435],[-44.05819320678711,-22.944860458374023],[-44.05486297607422,-22.944860458374023],[-44.0537490844726,-22.94347190856928],[-44.0537490844726,-22.942636489868164],[-44.05291748046875,-22.94236183166504],[-44.04902648925781,-22.94236183166504],[-44.046806335449105,-22.94208335876465],[-44.04569625854492,-22.94347190856928],[-44.04430389404291,-22.944305419921875],[-44.04319381713867,-22.944583892822266],[-44.041805267333984,-22.945972442626896],[-44.04069519042963,-22.94819450378418],[-44.03958511352539,-22.949306488037053],[-44.03958511352539,-22.951528549194336],[-44.04069519042963,-22.95319366455078],[-44.042083740234375,-22.95319366455078],[-44.04402923583979,-22.953750610351562],[-44.04402923583979,-22.954307556152344],[-44.04513931274414,-22.954860687255803],[-44.04597091674805,-22.95708274841303],[-44.04513931274414,-22.957916259765568],[-44.043750762939396,-22.960416793823185],[-44.042640686035156,-22.960416793823185],[-44.042362213134766,-22.96152687072754],[-44.04152679443354,-22.96180534362793],[-44.04152679443354,-22.96291732788086],[-44.0445823669433,-22.964860916137695],[-44.04486083984375,-22.96680450439453],[-44.04541778564453,-22.96791458129877],[-44.04708480834955,-22.969583511352482],[-44.04708480834955,-22.970138549804688],[-44.0484733581543,-22.971250534057617],[-44.05041503906244,-22.971805572509766],[-44.05152893066406,-22.97291755676264],[-44.05263900756836,-22.972639083862248],[-44.05319595336903,-22.97347259521473],[-44.05347061157221,-22.975416183471623],[-44.05458450317383,-22.97624969482422],[-44.05486297607422,-22.97875022888178],[-44.055973052978516,-22.97958564758295],[-44.05625152587879,-22.981250762939453],[-44.055416107177734,-22.98208236694336],[-44.05180740356445,-22.98236083984375],[-44.050971984863224,-22.98319435119629],[-44.049583435058594,-22.98319435119629],[-44.04875183105469,-22.98402976989746],[-44.04735946655268,-22.984582901000863],[-44.04486083984375,-22.984582901000863],[-44.04347229003895,-22.98486137390131],[-44.04152679443354,-22.984306335449162],[-44.040138244628906,-22.98319435119629],[-44.03847122192383,-22.98263931274414],[-44.037361145019474,-22.98263931274414],[-44.03708267211903,-22.982084274291935],[-44.03402709960926,-22.981807708740234],[-44.0323600769043,-22.980138778686523],[-44.032081604003906,-22.979303359985295],[-44.032081604003906,-22.969861984252873],[-44.031528472900334,-22.96930694580078],[-44.03125,-22.96680450439453],[-44.030693054199105,-22.966527938842717],[-44.030693054199105,-22.965139389038086],[-44.0301399230957,-22.964027404785043],[-44.02847290039057,-22.9637508392334],[-44.02708435058594,-22.962360382080078],[-44.02513885498041,-22.96208381652832],[-44.02402877807617,-22.9637508392334],[-44.021526336669865,-22.96291732788086],[-44.02125167846668,-22.96180534362793],[-44.021526336669865,-22.960971832275334],[-44.023193359375,-22.960695266723633],[-44.02375030517578,-22.959028244018555],[-44.02291488647461,-22.95819473266596],[-44.022640228271484,-22.956529617309513],[-44.020973205566406,-22.954860687255803],[-44.01819610595692,-22.953472137451172],[-44.01819610595692,-22.952638626098633],[-44.01680374145508,-22.951528549194336],[-44.01514053344721,-22.950971603393555],[-44.0140266418457,-22.950971603393555],[-44.01291656494135,-22.951528549194336],[-44.011806488036996,-22.950138092041016],[-44.011806488036996,-22.949306488037053],[-44.01097106933594,-22.949028015136662],[-44.01069259643555,-22.94791603088379],[-44.01235961914057,-22.946805953979435],[-44.01235961914057,-22.945972442626896],[-44.01152801513672,-22.94514083862299],[-44.01013946533203,-22.944583892822266],[-44.00791549682617,-22.94291877746582],[-44.006805419921875,-22.94236183166504],[-44.005416870117074,-22.94236183166504],[-44.00374984741211,-22.9415283203125],[-43.99992370605469,-22.94202232360834],[-43.99660110473633,-22.9383602142334],[-43.99537277221674,-22.936378479003906],[-43.99561309814453,-22.93515205383295],[-43.992122650146484,-22.93415451049799],[-43.98412322998041,-22.928153991699162],[-43.97512435913086,-22.926155090331974],[-43.96912384033203,-22.927154541015625],[-43.961124420166016,-22.926155090331974],[-43.95112228393549,-22.91915512084961],[-43.944122314453125,-22.921154022216797],[-43.91412353515619,-22.921154022216797],[-43.904121398925724,-22.918153762817383],[-43.88812255859375,-22.917154312133675],[-43.88516616821289,-22.91292953491211],[-43.88499450683594,-22.896041870117188],[-43.88556671142578,-22.88536643981928],[-43.89325332641596,-22.88182258605957],[-43.90519332885742,-22.886154174804688],[-43.9125022888183,-22.884950637817383],[-43.924381256103516,-22.894100189208928],[-43.93642044067383,-22.89277458190918],[-43.938316345214844,-22.888336181640625],[-43.93858337402344,-22.887191772460938],[-43.96531295776367,-22.88623619079584],[-43.98005676269531,-22.864978790283203],[-43.99261474609369,-22.869735717773438],[-43.999359130859375,-22.86332893371582],[-43.99975967407221,-22.861326217651367],[-44.004810333251896,-22.859365463256722],[-44.019386291503906,-22.871471405029297],[-44.040779113769474,-22.882616043090763],[-44.05117034912104,-22.877853393554688],[-44.0797233581543,-22.879100799560547],[-44.08789062499994,-22.883495330810547],[-44.11305999755854,-22.860143661499023],[-44.11888885498041,-22.86252784729004],[-44.12602996826166,-22.875209808349553],[-44.14242172241211,-22.882461547851506],[-44.150257110595646,-22.892759323120117],[-44.15681076049805,-22.902908325195312],[-44.16331481933588,-22.900678634643555],[-44.16987991333008,-22.9114093780517],[-44.1739501953125,-22.916114807128906],[-44.176506042480355,-22.930265426635742],[-44.18214797973633,-22.926187515258732],[-44.193511962890625,-22.928340911865178],[-44.18758773803711,-22.93965339660639],[-44.18894958496094,-22.951541900634766],[-44.17442321777344,-22.98670578002924],[-44.172359466552734,-22.989801406860295],[-44.163204193115234,-23.008985519409123],[-44.16584014892578,-23.01481437683094],[-44.16525650024403,-23.019014358520508],[-44.16649246215809,-23.03262710571289],[-44.166675567626896,-23.033750534057617]]],[[[-43.966251373291016,-22.943195343017578],[-43.967361450195256,-22.943195343017578],[-43.96708297729481,-22.944305419921875],[-43.967639923095646,-22.945693969726506],[-43.96652603149414,-22.945972442626896],[-43.965694427490234,-22.94402885437006],[-43.966251373291016,-22.943195343017578]]],[[[-43.88414001464844,-22.94874954223627],[-43.88463592529297,-22.927545547485295],[-43.884498596191406,-22.92736053466797],[-43.885417938232365,-22.92819595336914],[-43.885417938232365,-22.92890548706049],[-43.88664245605469,-22.931030273437386],[-43.8870849609375,-22.93082618713379],[-43.8876380920409,-22.929025650024414],[-43.890140533447266,-22.929025650024414],[-43.89263916015625,-22.92819595336914],[-43.893470764160156,-22.929861068725586],[-43.893470764160156,-22.931528091430607],[-43.89374923706055,-22.93291664123535],[-43.89485931396479,-22.932361602783146],[-43.896053314208984,-22.93263816833496],[-43.89791488647455,-22.931804656982422],[-43.89819335937494,-22.930694580078125],[-43.900512695312386,-22.930694580078125],[-43.90166473388672,-22.93019294738764],[-43.90349197387695,-22.930973052978516],[-43.904582977294865,-22.930973052978516],[-43.9051399230957,-22.931676864624023],[-43.91212081909174,-22.934659957885742],[-43.91263961791992,-22.935138702392578],[-43.912296295166016,-22.937082290649357],[-43.91266632080078,-22.94236183166504],[-43.91319274902338,-22.94402885437006],[-43.91208267211914,-22.944860458374023],[-43.90936660766596,-22.944860458374023],[-43.90625,-22.947221755981445],[-43.905982971191406,-22.94791603088379],[-43.90772628784174,-22.951528549194336],[-43.90847396850586,-22.952362060546818],[-43.90847396850586,-22.953079223632812],[-43.910137176513615,-22.956247329711857],[-43.90847396850586,-22.95708274841303],[-43.90847396850586,-22.957639694213867],[-43.90736007690424,-22.95819473266596],[-43.90625,-22.959304809570312],[-43.9051399230957,-22.959028244018555],[-43.902915954589844,-22.959304809570312],[-43.900417327880746,-22.959304809570312],[-43.89958190917969,-22.958749771118164],[-43.89652633666992,-22.958749771118164],[-43.89430618286127,-22.95708274841303],[-43.893470764160156,-22.95708274841303],[-43.89236068725586,-22.956247329711857],[-43.89291763305664,-22.955205917358285],[-43.88512420654291,-22.94874954223627],[-43.88414001464844,-22.94874954223627]]],[[[-43.946529388427734,-22.959304809570312],[-43.95097351074219,-22.959304809570312],[-43.95180511474604,-22.959583282470703],[-43.95208358764643,-22.960416793823185],[-43.951526641845646,-22.960971832275334],[-43.94847106933588,-22.960971832275334],[-43.94791793823242,-22.96152687072754],[-43.946529388427734,-22.961250305175724],[-43.946529388427734,-22.959304809570312]]],[[[-43.96208190917969,-22.94291877746582],[-43.96402740478504,-22.94375038146967],[-43.96402740478504,-22.944860458374023],[-43.96319580078125,-22.945417404174805],[-43.961807250976506,-22.945417404174805],[-43.961250305175724,-22.94347190856928],[-43.96208190917969,-22.94291877746582]]],[[[-44.04152679443354,-22.986528396606445],[-44.04291534423828,-22.987083435058537],[-44.04430389404291,-22.98819351196289],[-44.04430389404291,-22.98930549621582],[-44.04319381713867,-22.989860534667912],[-44.042640686035156,-22.990692138671875],[-44.04152679443354,-22.990972518920785],[-44.04041671752918,-22.98930549621582],[-44.04041671752918,-22.98791694641102],[-44.04152679443354,-22.986528396606445]]],[[[-43.909027099609375,-22.97958564758295],[-43.91374969482416,-22.97958564758295],[-43.9154167175293,-22.980415344238224],[-43.9154167175293,-22.98236083984375],[-43.915138244628906,-22.98319435119629],[-43.91374969482416,-22.984306335449162],[-43.910694122314396,-22.98402976989746],[-43.90847396850586,-22.98291778564453],[-43.90736007690424,-22.982084274291935],[-43.90763854980463,-22.980972290039006],[-43.909027099609375,-22.980138778686523],[-43.909027099609375,-22.97958564758295]]],[[[-43.90791702270502,-22.98958206176752],[-43.909027099609375,-22.98958206176752],[-43.910137176513615,-22.990692138671875],[-43.910694122314396,-22.992361068725586],[-43.91236114501953,-22.992361068725586],[-43.91291809082031,-22.994583129882812],[-43.91374969482416,-22.994861602783203],[-43.91374969482416,-22.995695114135742],[-43.91291809082031,-22.995971679687443],[-43.910137176513615,-22.995695114135742],[-43.909584045410156,-22.993749618530273],[-43.908748626708984,-22.993196487426758],[-43.908748626708984,-22.992361068725586],[-43.90763854980463,-22.991249084472656],[-43.90791702270502,-22.98958206176752]]]]},"properties":{"id_cidade":3302601,"cidade":"Mangaratiba","id_microrregiao":330617,"id_mesorregiao":3306,"id_estado":33,"id_regiao":3}},{"type":"Feature","geometry":{"type":"MultiPolygon","coordinates":[[[[-42.928470611572266,-23.0251407623291],[-42.92708206176752,-23.024028778076172],[-42.925140380859375,-23.02347183227539],[-42.924861907958984,-23.021249771118164],[-42.924304962158146,-23.02013969421381],[-42.92652893066395,-23.020414352416935],[-42.92819595336914,-23.021806716918945],[-42.928470611572266,-23.022918701171875],[-42.92930603027344,-23.023195266723576],[-42.93013763427729,-23.02430534362793],[-42.93013763427729,-23.025417327880803],[-42.928470611572266,-23.025693893432617],[-42.928470611572266,-23.0251407623291]]],[[[-42.907081604003906,-23.0043048858642],[-42.909305572509766,-23.005416870117074],[-42.909305572509766,-23.007360458373967],[-42.9084739685058,-23.00847244262684],[-42.907081604003906,-23.00847244262684],[-42.90680694580078,-23.007915496826172],[-42.90680694580078,-23.00458335876459],[-42.907081604003906,-23.0043048858642]]],[[[-42.91291809082031,-23.007085800170785],[-42.915138244628906,-23.007085800170785],[-42.916526794433594,-23.008750915527287],[-42.917915344238224,-23.009582519531193],[-42.91958236694336,-23.012361526489258],[-42.92097091674799,-23.012361526489258],[-42.922637939453125,-23.01402854919428],[-42.923194885253906,-23.015972137451115],[-42.923194885253906,-23.01736068725586],[-42.924026489257756,-23.01819229125971],[-42.924304962158146,-23.019582748412972],[-42.923194885253906,-23.019582748412972],[-42.92180633544922,-23.01819229125971],[-42.92013931274403,-23.01819229125971],[-42.92013931274403,-23.01763916015625],[-42.919029235839844,-23.016805648803654],[-42.919029235839844,-23.016250610351562],[-42.91708374023426,-23.014583587646484],[-42.916526794433594,-23.013471603393498],[-42.915138244628906,-23.012083053588867],[-42.915138244628906,-23.011249542236328],[-42.913749694824105,-23.01013946533203],[-42.91291809082031,-23.01013946533203],[-42.91208267211914,-23.009025573730412],[-42.91208267211914,-23.007915496826172],[-42.91291809082031,-23.007085800170785]]],[[[-43.01936721801758,-22.975971221923828],[-43.01902770996088,-22.977083206176758],[-43.01374816894531,-22.977083206176758],[-43.01319503784174,-22.974027633666992],[-43.0120849609375,-22.971805572509766],[-43.010139465331974,-22.971527099609318],[-43.009029388427734,-22.970972061157227],[-43.0073623657226,-22.970693588256836],[-43.00541687011719,-22.970693588256836],[-43.00319290161127,-22.969583511352482],[-42.99208450317383,-22.969583511352482],[-42.99208450317383,-22.96930694580078],[-42.98208236694336,-22.96930694580078],[-42.98208236694336,-22.969583511352482],[-42.973751068115234,-22.969583511352482],[-42.973751068115234,-22.969861984252873],[-42.96736145019531,-22.969861984252873],[-42.96736145019531,-22.970138549804688],[-42.96319580078125,-22.970138549804688],[-42.96319580078125,-22.97041893005371],[-42.95875167846674,-22.97041893005371],[-42.95875167846674,-22.970693588256836],[-42.955417633056584,-22.970693588256836],[-42.955417633056584,-22.970972061157227],[-42.951805114746094,-22.970972061157227],[-42.94958496093744,-22.971527099609318],[-42.94708251953125,-22.971527099609318],[-42.944862365722656,-22.972084045410156],[-42.94235992431629,-22.972084045410156],[-42.94124984741211,-22.972639083862248],[-42.93736267089838,-22.97347259521473],[-42.93569564819336,-22.97347259521473],[-42.93291854858387,-22.974027633666992],[-42.932914733886605,-22.974306106567383],[-42.92958450317383,-22.974306106567383],[-42.92958450317383,-22.974582672119084],[-42.92597198486328,-22.974582672119084],[-42.92597198486328,-22.97486114501953],[-42.922637939453125,-22.97486114501953],[-42.922637939453125,-22.975139617919922],[-42.9154167175293,-22.975139617919922],[-42.91263961791992,-22.974306106567383],[-42.91097259521479,-22.974306106567383],[-42.909584045410156,-22.974027633666992],[-42.908748626708984,-22.97347259521473],[-42.907081604003906,-22.97347259521473],[-42.90625,-22.97291755676264],[-42.905139923095646,-22.97291755676264],[-42.903751373291016,-22.972084045410156],[-42.90236282348627,-22.972084045410156],[-42.90180587768549,-22.971527099609318],[-42.90069580078125,-22.971527099609318],[-42.897914886474496,-22.970138549804688],[-42.8962516784668,-22.969861984252873],[-42.89374923706055,-22.969861984252873],[-42.89291763305664,-22.96930694580078],[-42.89180374145502,-22.96930694580078],[-42.89069366455078,-22.96875],[-42.88930511474604,-22.96875],[-42.8870849609375,-22.968196868896428],[-42.88652801513672,-22.96763610839838],[-42.88486099243164,-22.967361450195256],[-42.882915496826115,-22.967361450195256],[-42.88097381591797,-22.966527938842717],[-42.87736129760742,-22.966527938842717],[-42.87736129760742,-22.966249465942326],[-42.87458419799805,-22.9659748077392],[-42.87152862548828,-22.9659748077392],[-42.87152862548828,-22.965694427490234],[-42.868751525878906,-22.965694427490234],[-42.868751525878906,-22.965414047241097],[-42.86597061157215,-22.965414047241097],[-42.863193511962834,-22.965139389038086],[-42.863193511962834,-22.964860916137695],[-42.85902786254883,-22.964860916137695],[-42.85680389404291,-22.96430587768549],[-42.85430526733393,-22.964027404785043],[-42.848751068115234,-22.964027404785043],[-42.848751068115234,-22.9637508392334],[-42.843749999999886,-22.9637508392334],[-42.84319305419922,-22.96319389343256],[-42.84097290039057,-22.96319389343256],[-42.83958435058594,-22.96347236633295],[-42.83819580078119,-22.96319389343256],[-42.83625030517578,-22.96319389343256],[-42.83486175537104,-22.96263885498047],[-42.833194732666016,-22.962360382080078],[-42.83069610595703,-22.962360382080078],[-42.82986068725586,-22.96208381652832],[-42.828750610351506,-22.962360382080078],[-42.82319259643555,-22.96180534362793],[-42.81874847412104,-22.96180534362793],[-42.81874847412104,-22.96152687072754],[-42.81097412109375,-22.96152687072754],[-42.81097412109375,-22.961250305175724],[-42.805137634277344,-22.961250305175724],[-42.805137634277344,-22.960971832275334],[-42.80069351196289,-22.960971832275334],[-42.80069351196289,-22.960695266723633],[-42.797637939453125,-22.960695266723633],[-42.797637939453125,-22.960416793823185],[-42.792362213134766,-22.960416793823185],[-42.792362213134766,-22.960138320922795],[-42.789306640625,-22.960138320922795],[-42.787361145019474,-22.960416793823185],[-42.78680419921869,-22.959861755371094],[-42.7845840454101,-22.959861755371094],[-42.783473968505746,-22.960138320922795],[-42.78125,-22.959861755371094],[-42.77736282348627,-22.959861755371094],[-42.77736282348627,-22.959583282470703],[-42.771804809570256,-22.959583282470703],[-42.770137786865234,-22.959028244018555],[-42.76569366455078,-22.959028244018555],[-42.76569366455078,-22.958749771118164],[-42.76041793823242,-22.958749771118164],[-42.76041793823242,-22.958471298217773],[-42.756526947021484,-22.958471298217773],[-42.756526947021484,-22.95819473266596],[-42.75013732910156,-22.95819473266596],[-42.74791717529297,-22.957639694213867],[-42.74402618408203,-22.957639694213867],[-42.742084503173714,-22.95708274841303],[-42.73986053466791,-22.956806182861328],[-42.73625183105463,-22.956806182861328],[-42.73458480834961,-22.956247329711857],[-42.732360839843636,-22.956529617309513],[-42.72986221313471,-22.956529617309513],[-42.72958374023432,-22.955972671508675],[-42.71847152709961,-22.955972671508675],[-42.71847152709961,-22.9556941986084],[-42.71513748168945,-22.9556941986084],[-42.71513748168945,-22.955972671508675],[-42.70458221435541,-22.955972671508675],[-42.70458221435541,-22.956247329711857],[-42.701526641845646,-22.956247329711857],[-42.699859619140625,-22.956806182861328],[-42.69736099243153,-22.956806182861328],[-42.695415496826115,-22.95819473266596],[-42.695137023925724,-22.959304809570312],[-42.69347381591797,-22.961250305175724],[-42.69319534301758,-22.96208381652832],[-42.69152832031244,-22.96263885498047],[-42.68986129760742,-22.96263885498047],[-42.68847274780268,-22.96180534362793],[-42.68763732910156,-22.96180534362793],[-42.68541717529291,-22.960971832275334],[-42.68541717529291,-22.960138320922795],[-42.68375015258789,-22.959583282470703],[-42.68375015258789,-22.959028244018555],[-42.682361602783146,-22.957916259765568],[-42.681804656982365,-22.956529617309513],[-42.681804656982365,-22.952362060546818],[-42.681251525878906,-22.950416564941406],[-42.681804656982365,-22.950138092041016],[-42.681804656982365,-22.949028015136662],[-42.681251525878906,-22.94791603088379],[-42.67958450317377,-22.945693969726506],[-42.67819595336914,-22.945417404174805],[-42.67763900756836,-22.944860458374023],[-42.67652893066406,-22.944860458374023],[-42.674583435058594,-22.94375038146967],[-42.67235946655268,-22.94347190856928],[-42.672084808349496,-22.94291877746582],[-42.66930389404291,-22.94291877746582],[-42.66902923583979,-22.94236183166504],[-42.667640686035156,-22.94236183166504],[-42.66680526733393,-22.941806793212777],[-42.665138244628906,-22.941806793212777],[-42.66374969482422,-22.9415283203125],[-42.662918090820256,-22.94097137451172],[-42.660972595214844,-22.94097137451172],[-42.660137176513615,-22.940414428710938],[-42.65763854980469,-22.940139770507812],[-42.656806945800724,-22.939582824706974],[-42.65263748168945,-22.939582824706974],[-42.64791488647461,-22.938749313354492],[-42.64736175537104,-22.93819236755371],[-42.64402770996088,-22.93819236755371],[-42.64014053344715,-22.93763923645014],[-42.639862060546875,-22.937082290649357],[-42.637084960937386,-22.937082290649357],[-42.63646697998047,-22.936805725097656],[-42.63782119750971,-22.93065071105957],[-42.64239501953119,-22.91033363342285],[-42.65601348876953,-22.90431785583496],[-42.67047882080078,-22.910831451416016],[-42.68079376220703,-22.910032272338867],[-42.676155090331974,-22.904329299926758],[-42.67718505859375,-22.899324417114144],[-42.67912292480463,-22.87885093688965],[-42.6720085144043,-22.870609283447266],[-42.66112518310547,-22.859075546264535],[-42.67020034790039,-22.857057571411076],[-42.69929122924805,-22.856164932250977],[-42.70204162597656,-22.84982872009266],[-42.715614318847656,-22.853979110717773],[-42.7335968017577,-22.84115219116211],[-42.749351501464844,-22.850723266601506],[-42.75656890869135,-22.850572586059513],[-42.7659072875976,-22.843643188476506],[-42.796958923339844,-22.850116729736328],[-42.81847763061512,-22.859615325927734],[-42.825794219970646,-22.85918617248535],[-42.8343048095702,-22.86960792541504],[-42.83731460571289,-22.87097930908203],[-42.846706390380746,-22.87288093566889],[-42.85921096801758,-22.869546890258732],[-42.86320114135731,-22.871795654296818],[-42.86600112915039,-22.872695922851562],[-42.87413024902344,-22.870138168334847],[-42.88589859008778,-22.86762237548828],[-42.90246200561518,-22.878202438354492],[-42.92680358886713,-22.88213348388672],[-42.94063186645502,-22.889604568481445],[-42.95451354980469,-22.892124176025277],[-42.95465469360346,-22.900966644287053],[-42.9554824829101,-22.908443450927734],[-42.974822998046875,-22.91852188110346],[-42.99226760864258,-22.939882278442383],[-42.99993133544916,-22.942537307739258],[-43.0222434997558,-22.960920333862248],[-43.02460479736328,-22.968900680541992],[-43.01814651489252,-22.97444343566889],[-43.01936721801758,-22.975971221923828]]]]},"properties":{"id_cidade":3302700,"cidade":"Maricá","id_microrregiao":330618,"id_mesorregiao":3306,"id_estado":33,"id_regiao":3}},{"type":"Feature","geometry":{"type":"Polygon","coordinates":[[[-43.714111328125,-22.561740875244084],[-43.712993621826115,-22.550403594970646],[-43.697917938232365,-22.541967391967717],[-43.71701049804682,-22.496143341064396],[-43.71713638305664,-22.49618148803711],[-43.74125289916981,-22.482528686523438],[-43.747722625732365,-22.47321128845209],[-43.751888275146484,-22.466402053833008],[-43.74942016601557,-22.46320152282709],[-43.754978179931584,-22.459970474243164],[-43.76605987548828,-22.459075927734375],[-43.76996994018555,-22.517711639404183],[-43.77830505371094,-22.531957626342717],[-43.792068481445256,-22.534877777099496],[-43.79780960083008,-22.551914215087834],[-43.79623031616211,-22.551034927368107],[-43.78837203979492,-22.5505752563476],[-43.782588958740234,-22.564491271972656],[-43.77688598632807,-22.56708145141596],[-43.77814102172846,-22.581634521484375],[-43.77177810668945,-22.59064865112299],[-43.77569580078125,-22.59759902954096],[-43.77217102050781,-22.60679054260254],[-43.77153015136719,-22.59590721130371],[-43.76641464233393,-22.59461212158203],[-43.72975158691406,-22.564371109008732],[-43.714111328125,-22.561740875244084]]]},"properties":{"id_cidade":3302809,"cidade":"Mendes","id_microrregiao":330614,"id_mesorregiao":3306,"id_estado":33,"id_regiao":3}},{"type":"Feature","geometry":{"type":"Polygon","coordinates":[[[-43.65324401855469,-22.615234374999943],[-43.62244415283203,-22.64234542846674],[-43.622474670410156,-22.64104270935053],[-43.62297058105463,-22.618829727172795],[-43.620330810546875,-22.614849090576172],[-43.58866119384754,-22.59254264831543],[-43.58358383178705,-22.581113815307617],[-43.56498718261713,-22.576763153076172],[-43.5632705688476,-22.57953453063959],[-43.559112548828125,-22.576831817626896],[-43.55810928344721,-22.567331314086857],[-43.550052642822266,-22.57301902770996],[-43.54496765136713,-22.571201324462834],[-43.54285812377924,-22.565479278564396],[-43.53627777099604,-22.570259094238168],[-43.53297424316406,-22.566030502319336],[-43.521663665771484,-22.567239761352482],[-43.51405715942377,-22.572490692138672],[-43.51008224487293,-22.571170806884766],[-43.49211120605469,-22.550403594970646],[-43.4857177734375,-22.549484252929688],[-43.472881317138615,-22.54022979736328],[-43.468441009521484,-22.544271469116097],[-43.46516799926758,-22.53826904296875],[-43.447242736816406,-22.527141571044865],[-43.41918182373041,-22.538158416748047],[-43.404190063476506,-22.535003662109375],[-43.38460922241211,-22.530464172363224],[-43.3749160766601,-22.520626068115234],[-43.367332458496094,-22.526823043823242],[-43.35622406005854,-22.522172927856445],[-43.331916809081974,-22.51921081542963],[-43.33213424682617,-22.512508392333984],[-43.320362091064396,-22.50041198730463],[-43.30043792724604,-22.483556747436523],[-43.296661376953125,-22.475742340087834],[-43.30337905883789,-22.474647521972656],[-43.30038070678711,-22.47144699096674],[-43.297637939453125,-22.46471214294428],[-43.29155349731445,-22.464893341064453],[-43.28877258300781,-22.460447311401367],[-43.298583984375,-22.452224731445312],[-43.306217193603516,-22.45731544494629],[-43.31298828125,-22.45514488220215],[-43.32364273071289,-22.458126068115234],[-43.34233474731445,-22.451774597167912],[-43.34999465942383,-22.451646804809513],[-43.35137939453119,-22.44887924194336],[-43.36563491821289,-22.453365325927734],[-43.37068557739258,-22.451868057250977],[-43.38330078124994,-22.460563659667912],[-43.39537811279297,-22.464157104492188],[-43.40510940551758,-22.469678878784123],[-43.42147064208979,-22.46935653686512],[-43.429161071777344,-22.472219467163086],[-43.43027877807617,-22.47579765319813],[-43.438518524169865,-22.471595764160156],[-43.441162109375,-22.467729568481445],[-43.43557739257807,-22.460542678833008],[-43.43830871582031,-22.456817626953125],[-43.44257736206055,-22.449386596679688],[-43.439773559570256,-22.445589065551758],[-43.44959640502924,-22.440063476562443],[-43.49158096313465,-22.419719696044922],[-43.492469787597656,-22.419090270996037],[-43.49300003051752,-22.41779136657709],[-43.50833129882807,-22.42652511596674],[-43.504974365234375,-22.434572219848576],[-43.51769256591791,-22.446733474731445],[-43.53080368041992,-22.44285011291504],[-43.539993286132756,-22.451456069946232],[-43.55480575561512,-22.52607345581049],[-43.560913085937386,-22.504566192626953],[-43.59783172607422,-22.56443977355957],[-43.598304748535156,-22.568986892700195],[-43.611854553222656,-22.583234786987305],[-43.65324401855469,-22.615234374999943]]]},"properties":{"id_cidade":3302908,"cidade":"Miguel Pereira","id_microrregiao":330614,"id_mesorregiao":3306,"id_estado":33,"id_regiao":3}},{"type":"Feature","geometry":{"type":"Polygon","coordinates":[[[-42.057865142822266,-21.43336105346674],[-42.03725051879883,-21.39610862731928],[-42.030170440673714,-21.390314102172795],[-42.03178787231434,-21.384365081786996],[-42.02839660644531,-21.376340866088867],[-42.03920364379877,-21.36605072021473],[-42.038089752197266,-21.357847213745117],[-42.03394317626953,-21.343147277831974],[-42.046199798583984,-21.348493576049805],[-42.05017471313471,-21.354042053222656],[-42.0657844543457,-21.355018615722656],[-42.069900512695256,-21.352380752563477],[-42.075321197509766,-21.355298995971623],[-42.096771240234375,-21.348154067993107],[-42.09314727783203,-21.344635009765625],[-42.10014343261713,-21.337919235229492],[-42.114456176757756,-21.336584091186523],[-42.12554168701172,-21.324357986450195],[-42.12581253051752,-21.319818496704045],[-42.131702423095646,-21.31753921508789],[-42.130611419677734,-21.308563232421875],[-42.13579559326172,-21.310218811035156],[-42.13908767700195,-21.312362670898324],[-42.142757415771484,-21.30600166320795],[-42.14684295654297,-21.30632019042963],[-42.16259765624994,-21.318187713623047],[-42.17323303222656,-21.31389045715332],[-42.19034194946289,-21.3139591217041],[-42.19823455810547,-21.316036224365234],[-42.20395278930664,-21.325012207031193],[-42.2218399047851,-21.33381462097168],[-42.22406768798828,-21.33798980712885],[-42.236167907714844,-21.34373664855957],[-42.22932815551758,-21.351137161254883],[-42.23255920410156,-21.35415267944336],[-42.22981262207031,-21.36656761169428],[-42.24178314208979,-21.373151779174748],[-42.24092483520502,-21.3779296875],[-42.25238800048828,-21.38651084899891],[-42.250118255615234,-21.390033721923828],[-42.23788833618164,-21.392955780029297],[-42.239089965820256,-21.40182685852045],[-42.24610900878906,-21.405582427978516],[-42.26076126098627,-21.41008186340332],[-42.267547607421875,-21.400175094604492],[-42.27901077270508,-21.410572052001896],[-42.27558135986328,-21.42845726013178],[-42.23739242553705,-21.449552536010742],[-42.202144622802734,-21.469188690185547],[-42.19700622558594,-21.46919822692871],[-42.13722229003906,-21.471139907836914],[-42.13491439819336,-21.470596313476562],[-42.123287200927734,-21.474365234374943],[-42.106781005859375,-21.45296669006342],[-42.099613189697266,-21.45104026794428],[-42.09403991699213,-21.45399665832514],[-42.083309173583984,-21.447385787963867],[-42.07987594604492,-21.450016021728516],[-42.057865142822266,-21.43336105346674]]]},"properties":{"id_cidade":3303005,"cidade":"Miracema","id_microrregiao":330102,"id_mesorregiao":3301,"id_estado":33,"id_regiao":3}},{"type":"Feature","geometry":{"type":"Polygon","coordinates":[[[-41.839340209960824,-21.08093070983881],[-41.83895111083979,-21.075023651123047],[-41.84257888793934,-21.073085784911996],[-41.840728759765625,-21.069231033325195],[-41.84778594970703,-21.07213592529297],[-41.84815216064453,-21.057220458984318],[-41.84578323364258,-21.057453155517578],[-41.83786392211914,-21.05211639404297],[-41.82464218139643,-21.031093597412053],[-41.8207893371582,-21.02534675598139],[-41.8011474609375,-20.986660003662053],[-41.81704330444336,-20.974157333374023],[-41.81106185913086,-20.961933135986328],[-41.81750106811512,-20.96329689025879],[-41.81993865966797,-20.955917358398438],[-41.827816009521484,-20.950948715209904],[-41.83704757690418,-20.956674575805607],[-41.855144500732365,-20.949970245361328],[-41.86180877685541,-20.9695987701416],[-41.86811447143549,-20.97319221496582],[-41.89280700683588,-20.97237014770502],[-41.89493942260731,-20.969875335693303],[-41.89748001098627,-20.96550941467285],[-41.90659713745117,-20.965553283691406],[-41.91594696044922,-20.954036712646428],[-41.91850662231445,-20.946779251098633],[-41.913063049316406,-20.940927505493107],[-41.91139602661133,-20.929288864135685],[-41.926506042480355,-20.933155059814396],[-41.932918548583984,-20.944271087646484],[-41.938388824462834,-20.94672966003418],[-41.94347763061512,-20.938581466674805],[-41.94892501831055,-20.93930435180664],[-41.9522590637207,-20.96010971069336],[-41.97961425781244,-20.95976448059082],[-41.980873107910156,-20.95705795288086],[-42.00239944458002,-20.9676513671875],[-42.000335693359375,-20.976795196533203],[-42.00295257568354,-20.976896286010685],[-42.003059387206974,-20.9827880859375],[-42.000343322753906,-20.98456954956049],[-42.004451751708984,-20.99275588989252],[-42.00030899047846,-20.99628257751465],[-42.002262115478516,-21.010351181030217],[-42.0037841796875,-21.010900497436523],[-42.00417709350586,-21.010084152221623],[-42.01227951049805,-21.013965606689453],[-42.04664230346674,-21.019929885864258],[-42.05086517333973,-21.023269653320256],[-42.060035705566406,-21.02182388305664],[-42.06664276123047,-21.025842666625977],[-42.084861755371094,-21.02288055419922],[-42.081912994384766,-21.030038833618164],[-42.051147460937386,-21.039154052734375],[-42.039554595947266,-21.066194534301758],[-42.03839874267578,-21.075603485107422],[-42.02507019042969,-21.073587417602482],[-42.01615142822254,-21.08182716369629],[-42.02387237548817,-21.09369659423828],[-42.023929595947266,-21.101192474365178],[-42.02920532226557,-21.10277557373047],[-42.03600311279297,-21.114120483398438],[-42.02794647216791,-21.132551193237305],[-42.015171051025334,-21.133796691894474],[-42.01622772216791,-21.126617431640625],[-42.00972747802729,-21.12250518798828],[-41.998992919921875,-21.12504577636713],[-41.97720336914057,-21.121030807495117],[-41.97453308105463,-21.13298225402832],[-41.96453475952143,-21.13411712646473],[-41.94533920288086,-21.150999069213867],[-41.930122375488224,-21.15655326843256],[-41.92478179931635,-21.15074920654297],[-41.92592239379877,-21.146068572998047],[-41.920669555664006,-21.136857986450195],[-41.91358947753906,-21.13600540161127],[-41.91900634765625,-21.130931854248047],[-41.916858673095646,-21.12935447692871],[-41.90510940551752,-21.137187957763672],[-41.89752960205078,-21.133005142211857],[-41.894317626953125,-21.117454528808594],[-41.87675857543945,-21.11585235595703],[-41.872642517089844,-21.101226806640625],[-41.8633918762207,-21.099670410156193],[-41.846084594726506,-21.089826583862305],[-41.839340209960824,-21.08093070983881]]]},"properties":{"id_cidade":3303104,"cidade":"Natividade","id_microrregiao":330101,"id_mesorregiao":3301,"id_estado":33,"id_regiao":3}},{"type":"Feature","geometry":{"type":"Polygon","coordinates":[[[-43.469966888427734,-22.84088706970215],[-43.463825225829964,-22.845529556274357],[-43.457969665527344,-22.84929084777832],[-43.425697326660156,-22.834383010864258],[-43.414833068847656,-22.821119308471566],[-43.391685485839844,-22.814247131347656],[-43.390003204345646,-22.814094543456974],[-43.39969253540039,-22.8050861358642],[-43.40218734741205,-22.802234649658203],[-43.41061782836914,-22.791936874389535],[-43.4254531860351,-22.800802230834904],[-43.437442779541016,-22.80884170532221],[-43.44846343994135,-22.82517433166504],[-43.469966888427734,-22.84088706970215]]]},"properties":{"id_cidade":3303203,"cidade":"Nilópolis","id_microrregiao":330618,"id_mesorregiao":3306,"id_estado":33,"id_regiao":3}},{"type":"Feature","geometry":{"type":"MultiPolygon","coordinates":[[[[-43.08124923706055,-22.985694885253906],[-43.08375167846674,-22.985694885253906],[-43.08708190917969,-22.987361907958928],[-43.0890274047851,-22.98791694641102],[-43.0890274047851,-22.989027023315373],[-43.08791732788086,-22.989860534667912],[-43.085693359374886,-22.989860534667912],[-43.08430480957031,-22.989027023315373],[-43.08319473266596,-22.989027023315373],[-43.08235931396473,-22.988195419311467],[-43.08152770996094,-22.98819351196289],[-43.08069610595703,-22.987361907958928],[-43.08069610595703,-22.986251831054574],[-43.08124923706055,-22.985694885253906]]],[[[-43.10235977172846,-22.955139160156193],[-43.1037483215332,-22.955417633056584],[-43.105415344238224,-22.956247329711857],[-43.105693817138615,-22.957361221313477],[-43.10235977172846,-22.957361221313477],[-43.102085113525334,-22.955972671508675],[-43.10235977172846,-22.955139160156193]]],[[[-43.06236267089844,-22.982084274291935],[-43.06402587890619,-22.982084274291935],[-43.06597137451172,-22.98291778564453],[-43.06763839721674,-22.98291778564453],[-43.06819534301758,-22.98347282409668],[-43.06791687011719,-22.9851398468017],[-43.06847381591797,-22.986251831054574],[-43.066806793212834,-22.986251831054574],[-43.06569290161133,-22.985416412353516],[-43.064582824706974,-22.985416412353516],[-43.06208419799805,-22.98374938964838],[-43.06236267089844,-22.982084274291935]]],[[[-43.01936721801758,-22.975971221923828],[-43.01814651489252,-22.97444343566889],[-43.02460479736328,-22.968900680541992],[-43.0222434997558,-22.960920333862248],[-42.99993133544916,-22.942537307739258],[-42.99226760864258,-22.939882278442383],[-42.974822998046875,-22.91852188110346],[-42.9554824829101,-22.908443450927734],[-42.95465469360346,-22.900966644287053],[-42.97490692138672,-22.906759262084847],[-42.98053741455078,-22.917129516601562],[-42.98629760742182,-22.911630630493164],[-42.98707199096674,-22.89389801025385],[-42.99062728881836,-22.88857078552246],[-43.00671386718744,-22.8922443389892],[-43.01177978515619,-22.89008140563965],[-43.029666900634766,-22.876686096191406],[-43.05129623413086,-22.874370574951115],[-43.09974670410156,-22.859268188476562],[-43.104026794433594,-22.85736083984375],[-43.105415344238224,-22.85791587829584],[-43.105693817138615,-22.858749389648438],[-43.106529235839844,-22.859027862548714],[-43.108196258544865,-22.860696792602425],[-43.108196258544865,-22.862638473510742],[-43.10958480834961,-22.862361907958928],[-43.10958480834961,-22.86347198486328],[-43.110694885253906,-22.863750457763672],[-43.111526489257756,-22.86291885375971],[-43.112640380859375,-22.863193511962834],[-43.112640380859375,-22.864305496215763],[-43.111804962158146,-22.864583969116154],[-43.11208343505854,-22.86708259582514],[-43.11347198486328,-22.8662490844726],[-43.11347198486328,-22.864583969116154],[-43.11430740356434,-22.864583969116154],[-43.1151390075683,-22.863750457763672],[-43.11708450317383,-22.865140914916992],[-43.11819458007807,-22.866806030273438],[-43.12041473388672,-22.86708259582514],[-43.1220817565918,-22.868749618530273],[-43.1220817565918,-22.86958122253418],[-43.12374877929676,-22.87152862548828],[-43.12458419799799,-22.87180328369135],[-43.125694274902344,-22.874307632446232],[-43.12541580200195,-22.876529693603516],[-43.121807098388615,-22.876529693603516],[-43.121528625488224,-22.87708282470703],[-43.120140075683594,-22.877361297607422],[-43.116249084472656,-22.877361297607422],[-43.11652755737305,-22.878471374511662],[-43.1151390075683,-22.879028320312443],[-43.1151390075683,-22.880695343017578],[-43.11652755737305,-22.881526947021428],[-43.11819458007807,-22.881526947021428],[-43.1198616027832,-22.878749847412053],[-43.121250152587834,-22.877639770507812],[-43.1220817565918,-22.877361297607422],[-43.12513732910156,-22.877361297607422],[-43.127361297607365,-22.87708282470703],[-43.127639770507756,-22.876249313354492],[-43.12874984741211,-22.876529693603516],[-43.131526947021484,-22.876529693603516],[-43.131526947021484,-22.87708282470703],[-43.13319396972656,-22.879028320312443],[-43.13347244262684,-22.879861831664982],[-43.13486099243164,-22.881250381469727],[-43.13541793823242,-22.882360458374023],[-43.13486099243164,-22.883472442626953],[-43.1343040466308,-22.883472442626953],[-43.13402938842768,-22.885139465331974],[-43.13263702392578,-22.885139465331974],[-43.13124847412104,-22.884582519531193],[-43.13069534301752,-22.886249542236328],[-43.131805419921875,-22.88680458068842],[-43.13069534301752,-22.88791847229004],[-43.1290283203125,-22.889028549194336],[-43.1290283203125,-22.890693664550668],[-43.12874984741211,-22.89180564880371],[-43.12513732910156,-22.89180564880371],[-43.12513732910156,-22.89291572570795],[-43.126251220703125,-22.89430618286127],[-43.127639770507756,-22.89430618286127],[-43.127918243408146,-22.894861221313477],[-43.1290283203125,-22.895139694213867],[-43.129581451416016,-22.895971298217717],[-43.131526947021484,-22.896249771118107],[-43.13291549682617,-22.89708328247059],[-43.13402938842768,-22.89708328247059],[-43.13541793823242,-22.897916793823242],[-43.13569259643555,-22.9012508392334],[-43.13680648803705,-22.903749465942383],[-43.13513946533203,-22.904861450195312],[-43.13486099243164,-22.905694961547795],[-43.13263702392578,-22.90736007690424],[-43.132362365722656,-22.90791702270502],[-43.13124847412104,-22.908193588256722],[-43.13124847412104,-22.9112491607666],[-43.129859924316406,-22.9112491607666],[-43.129859924316406,-22.908193588256722],[-43.1290283203125,-22.90791702270502],[-43.126251220703125,-22.90791702270502],[-43.12513732910156,-22.90708351135254],[-43.12458419799799,-22.905139923095703],[-43.12236022949219,-22.905139923095703],[-43.12097167968744,-22.90597152709961],[-43.1198616027832,-22.90597152709961],[-43.11819458007807,-22.905139923095703],[-43.11819458007807,-22.904306411743164],[-43.115970611572266,-22.904582977294865],[-43.11458206176752,-22.905694961547795],[-43.11430740356434,-22.90680503845215],[-43.11319351196289,-22.90736007690424],[-43.11208343505854,-22.908470153808594],[-43.111251831054574,-22.909860610961914],[-43.109859466552734,-22.910972595214787],[-43.10930633544922,-22.91208267211914],[-43.110137939453125,-22.91319656372059],[-43.111526489257756,-22.91347312927246],[-43.111526489257756,-22.915418624877873],[-43.111251831054574,-22.915695190429688],[-43.10902786254877,-22.915695190429688],[-43.10791778564442,-22.915136337280217],[-43.1051406860351,-22.915136337280217],[-43.1037483215332,-22.915695190429688],[-43.101528167724496,-22.915136337280217],[-43.09736251831055,-22.915136337280217],[-43.0948600769043,-22.916250228881836],[-43.0948600769043,-22.9193058013916],[-43.094581604003906,-22.92069435119629],[-43.09541702270502,-22.921249389648438],[-43.095138549804574,-22.92263793945301],[-43.095138549804574,-22.925138473510685],[-43.09541702270502,-22.926807403564396],[-43.096527099609375,-22.92763710021967],[-43.09763717651367,-22.92930793762207],[-43.09819412231445,-22.931528091430607],[-43.10069274902344,-22.93375015258789],[-43.10180664062494,-22.93375015258789],[-43.102085113525334,-22.934583663940373],[-43.10319519042969,-22.935417175292855],[-43.104305267333984,-22.935417175292855],[-43.104583740234375,-22.935972213745117],[-43.10625076293945,-22.935693740844727],[-43.105972290039006,-22.933195114135742],[-43.10736083984375,-22.933195114135742],[-43.10763931274414,-22.934305191039982],[-43.10958480834961,-22.93402862548828],[-43.1109733581543,-22.934860229492188],[-43.11208343505854,-22.934860229492188],[-43.1129150390625,-22.934305191039982],[-43.1129150390625,-22.932361602783146],[-43.111804962158146,-22.930416107177734],[-43.11208343505854,-22.92847251892084],[-43.11319351196289,-22.92819595336914],[-43.115970611572266,-22.92819595336914],[-43.116249084472656,-22.929582595825195],[-43.11541748046869,-22.929861068725586],[-43.11541748046869,-22.930694580078125],[-43.11680603027344,-22.930694580078125],[-43.11763763427729,-22.929582595825195],[-43.11763763427729,-22.92736053466797],[-43.11875152587885,-22.926807403564396],[-43.11958312988281,-22.925693511962777],[-43.11958312988281,-22.922639846801758],[-43.120418548583984,-22.92208290100092],[-43.12291717529297,-22.922361373901367],[-43.1243057250976,-22.92319488525385],[-43.12402725219721,-22.925138473510685],[-43.1243057250976,-22.926807403564396],[-43.12291717529297,-22.92791748046875],[-43.12374877929676,-22.929582595825195],[-43.12374877929676,-22.930416107177734],[-43.125972747802734,-22.930416107177734],[-43.12652587890625,-22.9320831298827],[-43.12708282470692,-22.93291664123535],[-43.12652587890625,-22.9334716796875],[-43.12652587890625,-22.934860229492188],[-43.127639770507756,-22.936250686645508],[-43.129581451416016,-22.93652725219721],[-43.13041687011713,-22.937360763549748],[-43.13319396972656,-22.937360763549748],[-43.13486099243164,-22.937082290649357],[-43.13541793823242,-22.938749313354492],[-43.132362365722656,-22.939304351806584],[-43.1290283203125,-22.939304351806584],[-43.12847137451172,-22.938749313354492],[-43.12291717529297,-22.938749313354492],[-43.12291717529297,-22.93847274780262],[-43.1198616027832,-22.93847274780262],[-43.11819458007807,-22.937360763549748],[-43.11652755737305,-22.937360763549748],[-43.115970611572266,-22.93819236755371],[-43.11652755737305,-22.939304351806584],[-43.11652755737305,-22.9415283203125],[-43.11763763427729,-22.942636489868164],[-43.12041473388672,-22.94375038146967],[-43.12041473388672,-22.94514083862299],[-43.11930465698242,-22.945972442626896],[-43.11708450317383,-22.946250915527344],[-43.11652755737305,-22.945693969726506],[-43.11402893066406,-22.945693969726506],[-43.11208343505854,-22.946805953979435],[-43.111251831054574,-22.94874954223627],[-43.111251831054574,-22.950138092041016],[-43.11347198486328,-22.950693130493107],[-43.11347198486328,-22.95180320739746],[-43.111526489257756,-22.952083587646428],[-43.1109733581543,-22.953750610351562],[-43.108196258544865,-22.953750610351562],[-43.10708236694336,-22.953472137451172],[-43.105972290039006,-22.953750610351562],[-43.105693817138615,-22.9545841217041],[-43.10319519042969,-22.954860687255803],[-43.102085113525334,-22.954025268554688],[-43.10124969482422,-22.95291519165039],[-43.09847259521473,-22.95291519165039],[-43.09791564941406,-22.953472137451172],[-43.09847259521473,-22.9545841217041],[-43.09763717651367,-22.9556941986084],[-43.096527099609375,-22.9556941986084],[-43.09541702270502,-22.953750610351562],[-43.09208297729481,-22.953750610351562],[-43.08930587768549,-22.954025268554688],[-43.086807250976506,-22.9545841217041],[-43.08263778686518,-22.9545841217041],[-43.08208465576172,-22.955139160156193],[-43.07958221435541,-22.955139160156193],[-43.07791519165039,-22.955972671508675],[-43.07374954223627,-22.955972671508675],[-43.07263946533203,-22.956529617309513],[-43.07208251953125,-22.957916259765568],[-43.070137023925724,-22.958471298217773],[-43.070137023925724,-22.960138320922795],[-43.068748474121094,-22.960138320922795],[-43.06791687011719,-22.959583282470703],[-43.066806793212834,-22.959583282470703],[-43.06513977050781,-22.960416793823185],[-43.061805725097656,-22.960416793823185],[-43.061527252197266,-22.960971832275334],[-43.05930709838867,-22.960971832275334],[-43.05875015258789,-22.96152687072754],[-43.05652618408203,-22.96152687072754],[-43.055694580078125,-22.96208381652832],[-43.05458450317377,-22.96208381652832],[-43.051807403564396,-22.9637508392334],[-43.0493049621582,-22.964860916137695],[-43.04902648925781,-22.9659748077392],[-43.04791641235346,-22.96763610839838],[-43.04791641235346,-22.968196868896428],[-43.04652786254883,-22.96847152709961],[-43.045417785644474,-22.971527099609318],[-43.045417785644474,-22.97291755676264],[-43.04597091674805,-22.9737491607666],[-43.04763793945307,-22.9737491607666],[-43.050140380859375,-22.976804733276367],[-43.051807403564396,-22.97791671752924],[-43.05374908447254,-22.97763824462885],[-43.05486297607416,-22.97902870178217],[-43.055137634277344,-22.980972290039006],[-43.05374908447254,-22.981250762939453],[-43.05263900756836,-22.980693817138615],[-43.05236053466797,-22.981807708740234],[-43.05069351196278,-22.98236083984375],[-43.04902648925781,-22.980693817138615],[-43.04652786254883,-22.980972290039006],[-43.04652786254883,-22.980415344238224],[-43.044029235839844,-22.97819328308094],[-43.04347229003906,-22.977083206176758],[-43.041248321533146,-22.977083206176758],[-43.039859771728516,-22.975971221923828],[-43.03874969482416,-22.97624969482422],[-43.03708267211914,-22.97624969482422],[-43.036529541015625,-22.975694656372013],[-43.034584045410156,-22.975694656372013],[-43.03319549560547,-22.975139617919922],[-43.03291702270508,-22.975971221923828],[-43.03097152709961,-22.97624969482422],[-43.0301399230957,-22.97791671752924],[-43.02986145019531,-22.980138778686523],[-43.02847290039051,-22.980972290039006],[-43.02402877807617,-22.980972290039006],[-43.02347183227539,-22.980693817138615],[-43.02347183227539,-22.977083206176758],[-43.02375030517578,-22.975971221923828],[-43.02264022827143,-22.975971221923828],[-43.02208328247059,-22.97652816772461],[-43.01936721801758,-22.975971221923828]]],[[[-43.13680648803705,-22.86652755737299],[-43.13708496093744,-22.867916107177734],[-43.1381950378418,-22.869304656982365],[-43.13763809204096,-22.870416641235295],[-43.13763809204096,-22.87180328369135],[-43.13708496093744,-22.872085571289006],[-43.13708496093744,-22.87347221374506],[-43.136528015136605,-22.874307632446232],[-43.13708496093744,-22.875694274902287],[-43.13597106933594,-22.875972747802678],[-43.13458251953119,-22.875139236450195],[-43.13347244262684,-22.875139236450195],[-43.13319396972656,-22.874584197998047],[-43.132083892822266,-22.874584197998047],[-43.131805419921875,-22.873193740844613],[-43.131805419921875,-22.87152862548828],[-43.13291549682617,-22.869861602783203],[-43.13263702392578,-22.867916107177734],[-43.13597106933594,-22.867916107177734],[-43.13680648803705,-22.86652755737299]]],[[[-43.13874816894531,-22.864305496215763],[-43.1390266418457,-22.864305496215763],[-43.1390266418457,-22.868194580078125],[-43.13847351074219,-22.86736106872553],[-43.13874816894531,-22.86652755737299],[-43.13874816894531,-22.864305496215763]]],[[[-43.11680603027344,-22.858192443847656],[-43.11958312988281,-22.859304428100586],[-43.12458419799799,-22.859304428100586],[-43.12458419799799,-22.86041450500477],[-43.12541580200195,-22.860696792602425],[-43.12652587890625,-22.86180686950678],[-43.12819290161127,-22.86152839660639],[-43.129581451416016,-22.862361907958928],[-43.13124847412104,-22.862361907958928],[-43.13041687011713,-22.863750457763672],[-43.13041687011713,-22.86486053466797],[-43.13124847412104,-22.8659725189209],[-43.13041687011713,-22.866806030273438],[-43.1290283203125,-22.8662490844726],[-43.127918243408146,-22.8662490844726],[-43.127361297607365,-22.86486053466797],[-43.126251220703125,-22.864305496215763],[-43.125972747802734,-22.86291885375971],[-43.12402725219721,-22.86291885375971],[-43.11847305297846,-22.863750457763672],[-43.11680603027344,-22.859582901000977],[-43.11680603027344,-22.858192443847656]]]]},"properties":{"id_cidade":3303302,"cidade":"Niterói","id_microrregiao":330618,"id_mesorregiao":3306,"id_estado":33,"id_regiao":3}},{"type":"Feature","geometry":{"type":"Polygon","coordinates":[[[-42.27906417846674,-22.402006149291992],[-42.29033660888672,-22.39108467102045],[-42.276729583740234,-22.37918472290039],[-42.259925842285156,-22.371435165405217],[-42.25836563110346,-22.36652946472168],[-42.25189971923817,-22.36743736267084],[-42.24053192138666,-22.36150932312006],[-42.22316741943354,-22.35865020751953],[-42.22600173950195,-22.352455139160156],[-42.21875762939453,-22.35529136657715],[-42.217815399169865,-22.35984992980957],[-42.211700439453125,-22.361663818359318],[-42.20631027221668,-22.36845588684082],[-42.216819763183594,-22.341976165771484],[-42.26195526123047,-22.32124900817871],[-42.266006469726506,-22.315956115722656],[-42.25122070312494,-22.307373046875],[-42.25104904174805,-22.306808471679688],[-42.25612258911133,-22.30404281616211],[-42.26578140258789,-22.307445526123047],[-42.2689476013183,-22.302627563476506],[-42.27397918701172,-22.302610397338754],[-42.27911376953125,-22.29438018798828],[-42.287899017333984,-22.293188095092773],[-42.315818786621094,-22.297985076904183],[-42.33603286743164,-22.30042648315424],[-42.346206665039006,-22.306175231933537],[-42.35182571411127,-22.301248550414982],[-42.35856246948242,-22.303117752075195],[-42.40861129760742,-22.26976776123047],[-42.45362091064453,-22.239931106567326],[-42.47548294067383,-22.22558975219721],[-42.475772857666016,-22.22394180297846],[-42.47237777709955,-22.21250915527338],[-42.48064041137695,-22.204078674316406],[-42.48553085327143,-22.200777053833008],[-42.48609542846674,-22.19396209716797],[-42.52553939819336,-22.160867691039982],[-42.52950668334955,-22.157325744628906],[-42.54526138305664,-22.155752182006836],[-42.553199768066406,-22.159793853759652],[-42.557682037353516,-22.16386604309082],[-42.55572891235346,-22.172128677368107],[-42.56459426879877,-22.172527313232422],[-42.56595993041992,-22.17854881286621],[-42.57209777832031,-22.175672531127816],[-42.57690429687494,-22.179040908813477],[-42.582008361816406,-22.177524566650334],[-42.592124938964844,-22.179004669189453],[-42.60320663452143,-22.189748764038086],[-42.60645675659174,-22.19353675842285],[-42.613014221191406,-22.196586608886662],[-42.63176727294922,-22.186088562011662],[-42.64107513427729,-22.187503814697266],[-42.641868591308594,-22.19135093688965],[-42.643402099609375,-22.196184158325195],[-42.638954162597656,-22.201719284057617],[-42.6473770141601,-22.205978393554688],[-42.643592834472656,-22.208755493164062],[-42.64474105834961,-22.21219253540039],[-42.6526260375976,-22.213890075683594],[-42.65890502929682,-22.20929718017578],[-42.659656524658146,-22.21823883056635],[-42.67123794555664,-22.223888397216797],[-42.674678802490234,-22.24062728881836],[-42.69003677368164,-22.2532958984375],[-42.70418167114258,-22.25900650024414],[-42.71207046508789,-22.266874313354492],[-42.71437072753906,-22.26752853393549],[-42.71827697753906,-22.277120590209904],[-42.71120834350586,-22.287773132324162],[-42.71204376220692,-22.2936954498291],[-42.71746444702143,-22.297243118286076],[-42.72051620483393,-22.306734085083008],[-42.72652053833002,-22.31596565246582],[-42.71829605102539,-22.328281402587834],[-42.71986389160145,-22.33167076110834],[-42.723964691161996,-22.33541488647461],[-42.72817611694336,-22.33578872680664],[-42.72571563720703,-22.340553283691406],[-42.72328948974604,-22.35073280334467],[-42.72748184204096,-22.355579376220646],[-42.71737670898432,-22.35724639892578],[-42.710819244384766,-22.362195968627873],[-42.71171951293945,-22.373468399047738],[-42.71173477172846,-22.37792778015131],[-42.69754028320307,-22.3797988891601],[-42.6961555480957,-22.388042449951172],[-42.684322357177734,-22.393032073974553],[-42.66278839111328,-22.385812759399414],[-42.65568161010731,-22.387601852416992],[-42.65681838989252,-22.392721176147404],[-42.651878356933594,-22.39554786682129],[-42.63449096679682,-22.392681121826058],[-42.61687088012684,-22.38520050048828],[-42.6102180480957,-22.374490737914982],[-42.59624481201166,-22.368711471557617],[-42.585205078124886,-22.355512619018498],[-42.561954498291016,-22.361261367797738],[-42.56276321411127,-22.365840911865234],[-42.55440521240223,-22.373762130737305],[-42.55821228027338,-22.37725830078125],[-42.55150985717768,-22.386638641357365],[-42.55712127685547,-22.396087646484318],[-42.55815887451172,-22.405963897705078],[-42.559619903564396,-22.411970138549748],[-42.55518341064453,-22.41149139404297],[-42.55888748168934,-22.424633026122933],[-42.57617950439453,-22.440649032592773],[-42.572288513183594,-22.443065643310547],[-42.5723876953125,-22.44818687438965],[-42.558841705322266,-22.44789886474598],[-42.550594329833984,-22.452770233154297],[-42.5522346496582,-22.45524787902832],[-42.54354476928711,-22.45784950256342],[-42.536453247070256,-22.456192016601506],[-42.51193237304682,-22.433950424194336],[-42.50970458984375,-22.436607360839844],[-42.500736236572266,-22.434795379638672],[-42.492683410644474,-22.437366485595703],[-42.48308181762695,-22.442052841186523],[-42.477874755859375,-22.44847869873047],[-42.46631622314453,-22.446935653686523],[-42.457454681396484,-22.44317626953125],[-42.45295715332031,-22.434919357299805],[-42.433845520019474,-22.432107925414982],[-42.42328643798828,-22.4282169342041],[-42.409873962402344,-22.428213119506836],[-42.40447998046869,-22.42909622192377],[-42.38998031616205,-22.421590805053654],[-42.37155914306635,-22.425397872924805],[-42.36642456054682,-22.41988563537592],[-42.35505294799799,-22.4293975830077],[-42.34406280517578,-22.424531936645508],[-42.33564758300781,-22.429384231567383],[-42.33370590209955,-22.425785064697266],[-42.32575988769531,-22.426183700561467],[-42.324951171874886,-22.4212589263916],[-42.315616607666016,-22.42485618591303],[-42.27906417846674,-22.402006149291992]]]},"properties":{"id_cidade":3303401,"cidade":"Nova Friburgo","id_microrregiao":330307,"id_mesorregiao":3303,"id_estado":33,"id_regiao":3}},{"type":"Feature","geometry":{"type":"Polygon","coordinates":[[[-43.674442291259766,-22.864704132080078],[-43.66269302368164,-22.864610671996957],[-43.64424514770502,-22.8562393188476],[-43.624820709228516,-22.862722396850586],[-43.597141265869084,-22.857809066772404],[-43.59344482421875,-22.860393524169922],[-43.58819580078125,-22.8386287689209],[-43.567173004150334,-22.831092834472656],[-43.516281127929574,-22.82083511352539],[-43.494705200195256,-22.816722869873047],[-43.490329742431584,-22.81601905822754],[-43.48289871215809,-22.832077026367188],[-43.469966888427734,-22.84088706970215],[-43.44846343994135,-22.82517433166504],[-43.437442779541016,-22.80884170532221],[-43.4254531860351,-22.800802230834904],[-43.41061782836914,-22.791936874389535],[-43.39655303955078,-22.77740478515625],[-43.41632461547846,-22.764825820922795],[-43.41460800170893,-22.75490951538086],[-43.422912597656136,-22.75045585632313],[-43.43048095703125,-22.733013153076115],[-43.43476867675781,-22.722484588623047],[-43.428497314453125,-22.716703414916992],[-43.43077087402344,-22.70361137390131],[-43.423221588134766,-22.70418930053711],[-43.41079711914057,-22.699953079223633],[-43.407470703125,-22.694328308105355],[-43.386802673339844,-22.689844131469727],[-43.384468078613224,-22.69175148010254],[-43.38191604614258,-22.688810348510685],[-43.37030792236328,-22.69369697570795],[-43.365486145019474,-22.685518264770508],[-43.365879058837834,-22.67999649047846],[-43.375247955322266,-22.672525405883732],[-43.39535522460926,-22.66433143615717],[-43.40160369873047,-22.65658187866211],[-43.392330169677734,-22.64199256896967],[-43.38288879394531,-22.631210327148438],[-43.38302230834955,-22.62219619750971],[-43.4015998840332,-22.61106872558588],[-43.41080474853504,-22.611518859863224],[-43.415138244628906,-22.601083755493107],[-43.414997100829964,-22.593488693237305],[-43.403465270996094,-22.5878849029541],[-43.38823318481445,-22.572143554687443],[-43.392417907714844,-22.556196212768555],[-43.40944290161127,-22.545339584350586],[-43.404335021972656,-22.54207992553711],[-43.404190063476506,-22.535003662109375],[-43.41918182373041,-22.538158416748047],[-43.447242736816406,-22.527141571044865],[-43.46516799926758,-22.53826904296875],[-43.468441009521484,-22.544271469116097],[-43.472881317138615,-22.54022979736328],[-43.4857177734375,-22.549484252929688],[-43.49211120605469,-22.550403594970646],[-43.51008224487293,-22.571170806884766],[-43.51405715942377,-22.572490692138672],[-43.521663665771484,-22.567239761352482],[-43.53297424316406,-22.566030502319336],[-43.53627777099604,-22.570259094238168],[-43.54285812377924,-22.565479278564396],[-43.54496765136713,-22.571201324462834],[-43.550052642822266,-22.57301902770996],[-43.55810928344721,-22.567331314086857],[-43.559112548828125,-22.576831817626896],[-43.5632705688476,-22.57953453063959],[-43.56498718261713,-22.576763153076172],[-43.58358383178705,-22.581113815307617],[-43.58866119384754,-22.59254264831543],[-43.620330810546875,-22.614849090576172],[-43.62297058105463,-22.618829727172795],[-43.622474670410156,-22.64104270935053],[-43.62174987792963,-22.641258239746094],[-43.594966888427734,-22.620876312255803],[-43.56916046142578,-22.609100341796875],[-43.56846618652344,-22.62379646301264],[-43.57338714599604,-22.631557464599553],[-43.55916595458979,-22.636297225952035],[-43.55326843261713,-22.646326065063477],[-43.55436325073242,-22.650529861450195],[-43.547718048095646,-22.655162811279297],[-43.53449630737293,-22.654453277587834],[-43.543941497802734,-22.668905258178654],[-43.55063247680664,-22.670328140258732],[-43.5561637878418,-22.67704772949213],[-43.55647277832031,-22.678539276123047],[-43.542049407958984,-22.68010139465332],[-43.534301757812386,-22.68853759765625],[-43.51373291015625,-22.690689086914006],[-43.514305114746094,-22.694309234619084],[-43.52149581909174,-22.694494247436523],[-43.53608322143549,-22.703466415405273],[-43.534996032714844,-22.707834243774414],[-43.54194641113281,-22.715173721313477],[-43.538246154785156,-22.717605590820312],[-43.54263687133789,-22.735898971557617],[-43.53232955932617,-22.73866844177246],[-43.534828186035156,-22.74825477600092],[-43.535186767578125,-22.75163459777832],[-43.541969299316406,-22.75433158874506],[-43.55979537963867,-22.75806236267084],[-43.569358825683594,-22.75292205810547],[-43.59313583374018,-22.7544002532959],[-43.60194778442383,-22.747465133666935],[-43.613052368164006,-22.74808692932129],[-43.61705017089838,-22.763339996337834],[-43.62716674804682,-22.77223014831543],[-43.6226692199707,-22.774877548217773],[-43.62336349487299,-22.78253555297846],[-43.63496780395508,-22.782989501953068],[-43.62747192382807,-22.80678939819336],[-43.62932205200195,-22.811464309692326],[-43.623191833496094,-22.820486068725586],[-43.62455368041992,-22.82667922973627],[-43.65472793579096,-22.848390579223576],[-43.67169189453119,-22.853063583373967],[-43.674442291259766,-22.864704132080078]]]},"properties":{"id_cidade":3303500,"cidade":"Nova Iguaçu","id_microrregiao":330618,"id_mesorregiao":3306,"id_estado":33,"id_regiao":3}},{"type":"Feature","geometry":{"type":"Polygon","coordinates":[[[-43.78547286987299,-22.692564010620004],[-43.785247802734375,-22.693294525146484],[-43.78363800048828,-22.696090698242188],[-43.77211380004877,-22.693130493164062],[-43.765754699706974,-22.70191764831543],[-43.759719848632756,-22.702976226806584],[-43.7538108825683,-22.69970703125],[-43.74811172485346,-22.685018539428654],[-43.7111701965332,-22.647388458251896],[-43.712905883789006,-22.641479492187443],[-43.70919418334955,-22.63993263244629],[-43.69158172607422,-22.650144577026367],[-43.678226470947266,-22.64740371704096],[-43.6700325012207,-22.65284538269043],[-43.66972732543934,-22.644636154174805],[-43.66410827636719,-22.621826171874943],[-43.65324401855469,-22.615234374999943],[-43.611854553222656,-22.583234786987305],[-43.598304748535156,-22.568986892700195],[-43.59783172607422,-22.56443977355957],[-43.622562408447266,-22.526105880737305],[-43.625251770019474,-22.529428482055664],[-43.62347030639637,-22.542697906494027],[-43.6351318359375,-22.557205200195312],[-43.63435745239258,-22.57109069824213],[-43.671974182128906,-22.586793899536076],[-43.69336318969721,-22.57733154296875],[-43.690635681152344,-22.57458305358881],[-43.690219879150334,-22.567703247070312],[-43.68202972412098,-22.558120727539006],[-43.68305587768549,-22.555843353271428],[-43.68983840942377,-22.551721572875977],[-43.70541763305664,-22.564361572265625],[-43.714111328125,-22.561740875244084],[-43.72975158691406,-22.564371109008732],[-43.76641464233393,-22.59461212158203],[-43.77153015136719,-22.59590721130371],[-43.77217102050781,-22.60679054260254],[-43.778968811035156,-22.611709594726506],[-43.79389190673817,-22.614606857299805],[-43.79989242553705,-22.62597465515131],[-43.821224212646484,-22.638456344604435],[-43.83980178833008,-22.648582458496094],[-43.834804534911996,-22.65590476989746],[-43.825225830078125,-22.657886505126896],[-43.817108154296875,-22.66770935058588],[-43.817798614501896,-22.67420959472645],[-43.820026397704964,-22.679452896118164],[-43.814632415771484,-22.681871414184513],[-43.815555572509766,-22.686994552612305],[-43.81036758422846,-22.68789482116688],[-43.80461120605469,-22.69113540649414],[-43.78547286987299,-22.692564010620004]]]},"properties":{"id_cidade":3303609,"cidade":"Paracambi","id_microrregiao":330614,"id_mesorregiao":3306,"id_estado":33,"id_regiao":3}},{"type":"Feature","geometry":{"type":"Polygon","coordinates":[[[-43.181495666503906,-22.301073074340763],[-43.17779541015619,-22.29932403564453],[-43.18299102783203,-22.296455383300668],[-43.175106048583984,-22.26991653442377],[-43.17732620239252,-22.26478195190424],[-43.17296600341797,-22.243255615234375],[-43.16391372680664,-22.22422218322754],[-43.16724395751953,-22.214609146118164],[-43.1630744934082,-22.212385177612248],[-43.16050720214844,-22.203378677368164],[-43.1596565246582,-22.193195343017578],[-43.163803100585824,-22.192916870117188],[-43.167938232421875,-22.18735694885254],[-43.19821929931635,-22.200958251953068],[-43.201026916503906,-22.177957534789982],[-43.245620727539006,-22.138004302978516],[-43.25013732910156,-22.13136863708496],[-43.259433746337834,-22.102958679199105],[-43.25532913208002,-22.056617736816406],[-43.262271881103516,-22.059936523437443],[-43.268550872802734,-22.07234764099121],[-43.27444076538086,-22.075109481811523],[-43.28133010864258,-22.073387145996037],[-43.28298950195307,-22.067066192626896],[-43.29252624511713,-22.0688858032226],[-43.29827880859375,-22.06396293640131],[-43.31682586669922,-22.064905166625977],[-43.340488433837834,-22.050243377685547],[-43.34605407714844,-22.054519653320312],[-43.34679794311518,-22.004055023193303],[-43.3470726013183,-22.0038166046142],[-43.35204696655268,-22.00875282287592],[-43.365859985351506,-22.011611938476562],[-43.36852645874018,-22.02049827575678],[-43.419219970703125,-22.053796768188363],[-43.428134918212834,-22.054687499999943],[-43.4371452331543,-22.059408187866154],[-43.42616653442383,-22.109987258911133],[-43.40302276611328,-22.21640968322754],[-43.397632598876896,-22.222734451293945],[-43.39695739746088,-22.223321914672795],[-43.36383056640625,-22.258962631225586],[-43.34913635253906,-22.2750625610351],[-43.32978057861328,-22.295616149902344],[-43.28326416015619,-22.364038467407227],[-43.27437973022461,-22.346492767333928],[-43.26902389526367,-22.340276718139535],[-43.269203186035156,-22.33512687683094],[-43.26268768310541,-22.334230422973633],[-43.26399612426752,-22.32231712341303],[-43.253787994384766,-22.314109802246094],[-43.250022888183594,-22.314413070678654],[-43.248409271240234,-22.311527252197152],[-43.24747085571289,-22.307086944580078],[-43.24143981933594,-22.303508758544865],[-43.23610305786133,-22.31173896789545],[-43.2280540466308,-22.310321807861328],[-43.223907470703125,-22.30491065979004],[-43.216716766357365,-22.305313110351506],[-43.20916748046869,-22.299217224121037],[-43.20177459716797,-22.30352210998535],[-43.181495666503906,-22.301073074340763]]]},"properties":{"id_cidade":3303708,"cidade":"Paraíba do Sul","id_microrregiao":330305,"id_mesorregiao":3303,"id_estado":33,"id_regiao":3}},{"type":"Feature","geometry":{"type":"MultiPolygon","coordinates":[[[[-44.63069534301758,-23.27263832092285],[-44.631805419921875,-23.27263832092285],[-44.631526947021484,-23.27402687072754],[-44.62985992431635,-23.274305343627816],[-44.62985992431635,-23.272916793823242],[-44.63069534301758,-23.27263832092285]]],[[[-44.67124938964838,-23.354583740234375],[-44.672359466552734,-23.354583740234375],[-44.672916412353516,-23.355138778686523],[-44.672916412353516,-23.356807708740234],[-44.67180633544922,-23.35652542114252],[-44.670696258544865,-23.355693817138615],[-44.67124938964838,-23.354583740234375]]],[[[-44.567081451416016,-23.347639083862248],[-44.56930541992182,-23.347639083862248],[-44.57013702392578,-23.348472595214844],[-44.57013702392578,-23.35041618347168],[-44.57097244262695,-23.35152816772461],[-44.57069396972656,-23.35291671752924],[-44.56819534301758,-23.35124969482422],[-44.567359924316406,-23.349027633666992],[-44.56680679321289,-23.3487491607666],[-44.567081451416016,-23.347639083862248]]],[[[-44.55486297607422,-23.21986198425293],[-44.55625152587885,-23.220138549804688],[-44.55819320678711,-23.222360610961914],[-44.557640075683594,-23.224029541015625],[-44.5559730529784,-23.22374725341797],[-44.555416107177734,-23.2218074798584],[-44.55458450317383,-23.22097206115717],[-44.55486297607422,-23.21986198425293]]],[[[-44.690139770507756,-23.214862823486328],[-44.69291687011713,-23.21541595458973],[-44.69319534301752,-23.216527938842773],[-44.69263839721668,-23.216806411743164],[-44.69263839721668,-23.21819305419922],[-44.69097137451172,-23.218471527099496],[-44.690139770507756,-23.217916488647404],[-44.689861297607365,-23.216527938842773],[-44.690139770507756,-23.214862823486328]]],[[[-44.63896560668945,-22.9141845703125],[-44.63940048217768,-22.91502952575678],[-44.65943527221674,-22.927873611450195],[-44.673843383789006,-22.918287277221623],[-44.687854766845646,-22.936107635498047],[-44.688308715820256,-22.936405181884766],[-44.696109771728516,-22.932250976562443],[-44.70094299316406,-22.93486785888672],[-44.70466995239258,-22.934890747070312],[-44.71187210083002,-22.9299697875976],[-44.719078063964844,-22.934663772583008],[-44.72072219848633,-22.93598556518549],[-44.74154663085932,-22.946643829345646],[-44.743797302246094,-22.94758987426752],[-44.75221633911127,-22.962444305419922],[-44.749324798583984,-22.970003128051758],[-44.749488830566406,-22.97034263610834],[-44.756492614746094,-22.975860595703125],[-44.7552375793457,-22.980297088623047],[-44.75942611694336,-22.978944778442326],[-44.76526641845703,-22.983390808105355],[-44.781330108642464,-22.979072570800724],[-44.787071228027344,-22.982767105102425],[-44.79242706298828,-22.982154846191406],[-44.79326248168945,-22.99370384216303],[-44.80259323120106,-22.999134063720703],[-44.793094635009766,-23.010242462158203],[-44.79861831665039,-23.020217895507812],[-44.79697799682617,-23.023664474487248],[-44.801597595214844,-23.031414031982422],[-44.80310821533203,-23.04949951171875],[-44.81151580810547,-23.054502487182617],[-44.807273864746094,-23.062122344970703],[-44.813961029052734,-23.067621231079045],[-44.81310272216797,-23.074962615966797],[-44.81487655639643,-23.080974578857422],[-44.8183708190918,-23.09015083312977],[-44.81231689453119,-23.09206771850586],[-44.812835693359375,-23.09848785400385],[-44.808986663818246,-23.099729537963867],[-44.816158294677734,-23.110197067260742],[-44.81115341186518,-23.11511039733881],[-44.813564300536996,-23.121612548828125],[-44.8110618591308,-23.125709533691406],[-44.819763183593636,-23.133220672607422],[-44.81682205200195,-23.14076423645014],[-44.825401306152344,-23.14371109008789],[-44.824825286865234,-23.16147041320795],[-44.825569152831974,-23.162794113159123],[-44.84027099609375,-23.167005538940373],[-44.844322204589844,-23.16860008239746],[-44.84620666503906,-23.17303466796875],[-44.8541526794433,-23.17278671264637],[-44.85329055786133,-23.176742553710938],[-44.860687255859375,-23.18148422241211],[-44.87300491333008,-23.184301376342773],[-44.87529754638672,-23.19243240356434],[-44.876319885253906,-23.197895050048828],[-44.882987976074105,-23.204154968261662],[-44.88134765624994,-23.21596145629877],[-44.88888168334955,-23.224496841430607],[-44.88545989990229,-23.232425689697266],[-44.87823486328125,-23.232818603515625],[-44.87500762939453,-23.24915695190424],[-44.85438156127918,-23.24898529052723],[-44.836902618408146,-23.256799697875977],[-44.840091705322266,-23.26380157470703],[-44.83050537109369,-23.269845962524414],[-44.82721710205078,-23.279754638671818],[-44.82400894165039,-23.280862808227482],[-44.82655715942383,-23.291236877441293],[-44.80734252929682,-23.283367156982422],[-44.80530548095703,-23.29003143310547],[-44.78741836547846,-23.300071716308537],[-44.787719726562386,-23.306045532226562],[-44.78044891357416,-23.315780639648438],[-44.782012939453125,-23.32642936706543],[-44.77670669555664,-23.33379364013672],[-44.778266906738224,-23.33901023864746],[-44.760093688964844,-23.342489242553654],[-44.75009536743164,-23.358524322509766],[-44.74276733398432,-23.358461380004883],[-44.733863830566406,-23.364622116088754],[-44.725418090820256,-23.36964607238764],[-44.724029541015625,-23.368749618530273],[-44.724029541015625,-23.3679141998291],[-44.725139617919865,-23.36708259582514],[-44.72624969482422,-23.366804122924748],[-44.72847366333002,-23.364305496215763],[-44.729026794433594,-23.364305496215763],[-44.73152923583979,-23.36180496215809],[-44.73152923583979,-23.359861373901367],[-44.7320823669433,-23.35847282409668],[-44.73069381713867,-23.356250762939396],[-44.729305267333984,-23.354860305786076],[-44.72791671752924,-23.354305267333984],[-44.72597122192383,-23.354305267333984],[-44.724861145019474,-23.354860305786076],[-44.723751068115234,-23.356250762939396],[-44.72263717651367,-23.356807708740234],[-44.7220840454101,-23.35791778564453],[-44.72013854980469,-23.359582901000977],[-44.719028472900334,-23.359582901000977],[-44.71847152709955,-23.358747482299805],[-44.71875,-23.35763740539545],[-44.72041702270508,-23.35763740539545],[-44.72097396850586,-23.35652542114252],[-44.72041702270508,-23.355138778686523],[-44.719581604003906,-23.354583740234375],[-44.719581604003906,-23.353750228881722],[-44.72069549560547,-23.353750228881722],[-44.7220840454101,-23.35291671752924],[-44.7220840454101,-23.350973129272404],[-44.72013854980469,-23.34791755676264],[-44.719306945800724,-23.3470840454101],[-44.71847152709955,-23.3470840454101],[-44.71736145019531,-23.345972061157227],[-44.71597290039057,-23.345972061157227],[-44.71458435058594,-23.345140457153263],[-44.71208190917963,-23.345140457153263],[-44.710693359375,-23.344583511352482],[-44.709304809570256,-23.343471527099553],[-44.70652770996088,-23.343471527099553],[-44.70458221435547,-23.343748092651367],[-44.70402908325195,-23.342082977294922],[-44.70264053344721,-23.34041404724121],[-44.70097351074219,-23.340694427490178],[-44.69985961914057,-23.34180450439453],[-44.69985961914057,-23.343471527099553],[-44.69930648803705,-23.344026565551758],[-44.69736099243164,-23.344026565551758],[-44.69625091552729,-23.343196868896428],[-44.69513702392578,-23.343196868896428],[-44.69347381591791,-23.343748092651367],[-44.69291687011713,-23.34430694580078],[-44.69180679321289,-23.34430694580078],[-44.69069290161127,-23.345693588256836],[-44.69069290161127,-23.347639083862248],[-44.689861297607365,-23.348194122314453],[-44.68736267089838,-23.348194122314453],[-44.6868057250976,-23.347639083862248],[-44.68569564819336,-23.347639083862248],[-44.68513870239258,-23.348194122314453],[-44.68513870239258,-23.349582672119084],[-44.6868057250976,-23.35124969482422],[-44.6868057250976,-23.352083206176758],[-44.68541717529297,-23.352083206176758],[-44.683750152587834,-23.350139617919865],[-44.682640075683594,-23.349861145019474],[-44.68097305297846,-23.34791755676264],[-44.68125152587885,-23.346250534057617],[-44.6823616027832,-23.345418930053654],[-44.683193206786996,-23.345418930053654],[-44.68347167968744,-23.342636108398324],[-44.682918548583984,-23.34180450439453],[-44.68208312988281,-23.341527938842717],[-44.68208312988281,-23.34041404724121],[-44.68152618408203,-23.339305877685547],[-44.67930603027344,-23.339305877685547],[-44.67819595336914,-23.339027404785156],[-44.67597198486328,-23.33708381652832],[-44.674026489257756,-23.33708381652832],[-44.6734733581543,-23.33763885498047],[-44.6734733581543,-23.339305877685547],[-44.674026489257756,-23.339582443237305],[-44.674026489257756,-23.343471527099553],[-44.6734733581543,-23.344583511352482],[-44.672359466552734,-23.345418930053654],[-44.67097091674799,-23.345972061157227],[-44.66958236694336,-23.345972061157227],[-44.669029235839844,-23.34680557250971],[-44.66236114501953,-23.34680557250971],[-44.66180419921869,-23.347639083862248],[-44.65986251831055,-23.347639083862248],[-44.65819549560541,-23.34680557250971],[-44.65874862670893,-23.345140457153263],[-44.66013717651367,-23.34430694580078],[-44.66180419921869,-23.344583511352482],[-44.66236114501953,-23.34430694580078],[-44.66236114501953,-23.343196868896428],[-44.66319274902344,-23.342636108398324],[-44.66319274902344,-23.34041404724121],[-44.66236114501953,-23.339305877685547],[-44.66013717651367,-23.339305877685547],[-44.66013717651367,-23.339860916137695],[-44.6584739685058,-23.341249465942326],[-44.657638549804574,-23.342636108398324],[-44.65597152709961,-23.343196868896428],[-44.65430450439453,-23.343196868896428],[-44.652915954589844,-23.342918395996037],[-44.65208435058588,-23.34180450439453],[-44.65069580078125,-23.340694427490178],[-44.65069580078125,-23.339582443237305],[-44.64958190917969,-23.33819389343256],[-44.649028778076115,-23.33819389343256],[-44.64791488647461,-23.33597183227539],[-44.64625167846674,-23.334304809570256],[-44.64402770996094,-23.334304809570256],[-44.642917633056584,-23.33375167846674],[-44.64097213745117,-23.33208274841303],[-44.637916564941406,-23.33208274841303],[-44.63652801513666,-23.33236122131342],[-44.63624954223627,-23.332916259765625],[-44.63486099243164,-23.332916259765625],[-44.63458251953125,-23.333469390869084],[-44.632915496826115,-23.334583282470703],[-44.632083892822266,-23.334583282470703],[-44.63097381591797,-23.33652687072754],[-44.62985992431635,-23.33680534362793],[-44.629306793212834,-23.33763885498047],[-44.629306793212834,-23.343196868896428],[-44.62985992431635,-23.34430694580078],[-44.631248474121094,-23.345140457153263],[-44.632083892822266,-23.346250534057617],[-44.632915496826115,-23.34791755676264],[-44.633193969726506,-23.349582672119084],[-44.634029388427734,-23.349582672119084],[-44.63513946533203,-23.35041618347168],[-44.63513946533203,-23.35180473327631],[-44.63430404663086,-23.35263824462885],[-44.631805419921875,-23.35291671752924],[-44.631526947021484,-23.35236167907715],[-44.63041687011719,-23.352083206176758],[-44.62874984741211,-23.350694656371957],[-44.62847137451172,-23.349306106567383],[-44.626804351806584,-23.347639083862248],[-44.627082824706974,-23.345140457153263],[-44.62625122070307,-23.343471527099553],[-44.62625122070307,-23.342082977294922],[-44.62486267089844,-23.340139389038086],[-44.62236022949219,-23.340139389038086],[-44.62125015258789,-23.341527938842717],[-44.6195831298827,-23.341527938842717],[-44.61902618408203,-23.342082977294922],[-44.61902618408203,-23.34430694580078],[-44.618473052978516,-23.345418930053654],[-44.61708450317377,-23.346250534057617],[-44.61708450317377,-23.348194122314453],[-44.61736297607416,-23.349306106567383],[-44.618473052978516,-23.350973129272404],[-44.618194580078125,-23.352083206176758],[-44.617637634277344,-23.35236167907715],[-44.61486053466797,-23.349582672119084],[-44.6129150390625,-23.348194122314453],[-44.6118049621582,-23.348194122314453],[-44.61152648925781,-23.349306106567383],[-44.61013793945307,-23.349306106567383],[-44.60902786254883,-23.348472595214844],[-44.607917785644474,-23.348472595214844],[-44.6070823669433,-23.349027633666992],[-44.606803894042855,-23.349861145019474],[-44.606803894042855,-23.352083206176758],[-44.607917785644474,-23.35291671752924],[-44.607917785644474,-23.35402870178217],[-44.60874938964844,-23.355693817138615],[-44.60874938964844,-23.35763740539545],[-44.60819625854492,-23.358747482299805],[-44.60819625854492,-23.365417480468693],[-44.607639312744084,-23.366527557373047],[-44.60625076293945,-23.36763954162592],[-44.60486221313471,-23.36763954162592],[-44.60402679443354,-23.366804122924748],[-44.60402679443354,-23.364860534667855],[-44.60347366333008,-23.362916946411133],[-44.602359771728516,-23.36180496215809],[-44.60097122192377,-23.36180496215809],[-44.59930419921875,-23.360971450805607],[-44.598751068115234,-23.360139846801644],[-44.597637176513615,-23.359582901000977],[-44.596248626708984,-23.359582901000977],[-44.59541702270508,-23.360139846801644],[-44.594306945800724,-23.360139846801644],[-44.59347152709961,-23.361251831054688],[-44.591804504394474,-23.362916946411133],[-44.59097290039051,-23.362916946411133],[-44.58986282348633,-23.36180496215809],[-44.58874893188471,-23.36180496215809],[-44.58541488647455,-23.359861373901367],[-44.58541488647455,-23.35902976989746],[-44.58430480957031,-23.358747482299805],[-44.583194732666016,-23.35791778564453],[-44.58124923706043,-23.355972290039006],[-44.57958221435547,-23.353750228881722],[-44.579029083251896,-23.353471755981445],[-44.579029083251896,-23.35236167907715],[-44.577083587646484,-23.35124969482422],[-44.577083587646484,-23.350694656371957],[-44.57597351074213,-23.349861145019474],[-44.57597351074213,-23.349306106567383],[-44.5745849609375,-23.34791755676264],[-44.57402801513672,-23.34791755676264],[-44.572360992431584,-23.345972061157227],[-44.572360992431584,-23.345140457153263],[-44.571250915527344,-23.34430694580078],[-44.571250915527344,-23.343471527099553],[-44.56958389282221,-23.341527938842717],[-44.56930541992182,-23.34041404724121],[-44.56791687011719,-23.339027404785156],[-44.56569290161127,-23.33597183227539],[-44.564029693603516,-23.334304809570256],[-44.562915802001896,-23.33236122131342],[-44.562915802001896,-23.331247329711914],[-44.561527252197266,-23.329860687255746],[-44.561527252197266,-23.327915191650334],[-44.561805725097656,-23.326528549194336],[-44.562362670898324,-23.32625007629389],[-44.56486129760742,-23.32374954223627],[-44.56486129760742,-23.32263946533203],[-44.56347274780268,-23.321805953979492],[-44.563751220703125,-23.321252822875977],[-44.563751220703125,-23.318750381469613],[-44.56208419799805,-23.31708335876465],[-44.56041717529297,-23.31652641296381],[-44.55958175659174,-23.31541633605957],[-44.55958175659174,-23.314582824706974],[-44.56041717529297,-23.313749313354492],[-44.561805725097656,-23.313194274902344],[-44.561527252197266,-23.3118057250976],[-44.56013870239252,-23.3118057250976],[-44.559307098388615,-23.310972213745117],[-44.5584716796875,-23.308750152587834],[-44.5573616027832,-23.30791664123535],[-44.557083129882756,-23.306804656982422],[-44.556526184081974,-23.306528091430607],[-44.5559730529784,-23.304861068725586],[-44.55458450317383,-23.30347251892084],[-44.55208206176758,-23.30347251892084],[-44.55208206176758,-23.30763816833496],[-44.55152893066406,-23.308195114135742],[-44.55014038085932,-23.308195114135742],[-44.54902648925781,-23.306804656982422],[-44.54875183105469,-23.304861068725586],[-44.547916412353516,-23.30430793762207],[-44.546249389648324,-23.30430793762207],[-44.54569625854492,-23.30347251892084],[-44.54430389404291,-23.302915573120004],[-44.542640686035156,-23.30319404602045],[-44.542640686035156,-23.304861068725586],[-44.542083740234375,-23.305416107177678],[-44.54097366333002,-23.305416107177678],[-44.53958511352539,-23.304029464721623],[-44.53958511352539,-23.302085876464787],[-44.54041671752924,-23.301250457763558],[-44.54041671752924,-23.299861907958984],[-44.5398597717284,-23.298194885253793],[-44.537918090820256,-23.29680633544922],[-44.537082672119084,-23.2954158782959],[-44.537082672119084,-23.294584274291935],[-44.535972595214844,-23.294027328491154],[-44.53347396850586,-23.29125022888178],[-44.531528472900334,-23.29097175598139],[-44.5301399230957,-23.29013633728016],[-44.52930450439453,-23.289026260375977],[-44.527362823486214,-23.288194656372013],[-44.52541732788086,-23.288194656372013],[-44.52458190917963,-23.289026260375977],[-44.52458190917963,-23.290695190429688],[-44.52291488647461,-23.29153060913086],[-44.521526336669865,-23.29180526733387],[-44.5184707641601,-23.29180526733387],[-44.518196105956974,-23.292358398437443],[-44.5140266418457,-23.292358398437443],[-44.51374816894531,-23.2926406860351],[-44.51374816894531,-23.2954158782959],[-44.512638092041016,-23.296249389648438],[-44.51013946533203,-23.29597282409668],[-44.50986099243164,-23.29680633544922],[-44.50986099243164,-23.299861907958984],[-44.51013946533203,-23.301250457763558],[-44.508472442626896,-23.301250457763558],[-44.50763702392578,-23.300416946411076],[-44.506526947021484,-23.300416946411076],[-44.50569534301752,-23.299583435058594],[-44.50541687011713,-23.298471450805664],[-44.50430679321289,-23.29708290100092],[-44.502639770507756,-23.296527862548828],[-44.502082824706974,-23.29569435119629],[-44.502082824706974,-23.294027328491154],[-44.50347137451172,-23.2926406860351],[-44.50430679321289,-23.290418624877873],[-44.50569534301752,-23.290418624877873],[-44.506248474121094,-23.29097175598139],[-44.507362365722656,-23.29097175598139],[-44.508472442626896,-23.29153060913086],[-44.51152801513666,-23.29153060913086],[-44.51235961914057,-23.29097175598139],[-44.5140266418457,-23.287914276123047],[-44.51458358764637,-23.287639617919922],[-44.51486206054682,-23.285972595214787],[-44.51652908325195,-23.284305572509766],[-44.51958465576172,-23.284305572509766],[-44.519859313964844,-23.28291702270502],[-44.51874923706049,-23.28180503845209],[-44.5184707641601,-23.28097152709961],[-44.51874923706049,-23.279306411743164],[-44.521526336669865,-23.279582977294865],[-44.522083282470646,-23.279029846191293],[-44.522083282470646,-23.27736091613758],[-44.523193359375,-23.277082443237305],[-44.52347183227539,-23.276525497436523],[-44.52513885498041,-23.276525497436523],[-44.52569580078125,-23.275972366333008],[-44.52569580078125,-23.27402687072754],[-44.52819442749018,-23.272083282470703],[-44.52986145019531,-23.27097129821766],[-44.53125,-23.27097129821766],[-44.532081604003906,-23.270139694213867],[-44.53319549560547,-23.270139694213867],[-44.53402709960932,-23.269582748413086],[-44.53541564941406,-23.269582748413086],[-44.53486251831049,-23.26819419860834],[-44.536529541015625,-23.26680564880371],[-44.537639617919865,-23.26680564880371],[-44.53819274902344,-23.26625061035145],[-44.54013824462885,-23.26652717590332],[-44.54097366333002,-23.268472671508732],[-44.54291534423828,-23.270139694213867],[-44.54319381713856,-23.271249771118107],[-44.54458236694336,-23.272361755371094],[-44.54569625854492,-23.272916793823242],[-44.54708480834955,-23.272916793823242],[-44.547637939453125,-23.273471832275334],[-44.54958343505848,-23.273471832275334],[-44.54986190795893,-23.272361755371094],[-44.550693511962834,-23.271804809570312],[-44.550693511962834,-23.27097129821766],[-44.55152893066406,-23.270416259765568],[-44.552639007568246,-23.270416259765568],[-44.55430603027344,-23.271528244018498],[-44.5559730529784,-23.271528244018498],[-44.557918548583984,-23.272916793823242],[-44.55986022949213,-23.273193359374943],[-44.561248779296875,-23.272083282470703],[-44.56319427490229,-23.271528244018498],[-44.56513977050781,-23.271528244018498],[-44.56597137451166,-23.27069473266596],[-44.567359924316406,-23.27069473266596],[-44.5676383972168,-23.271249771118107],[-44.572917938232365,-23.271249771118107],[-44.57402801513672,-23.270416259765568],[-44.57402801513672,-23.269582748413086],[-44.57485961914051,-23.268749237060547],[-44.57624816894531,-23.268749237060547],[-44.577362060546875,-23.269582748413086],[-44.578750610351506,-23.270139694213867],[-44.579029083251896,-23.27069473266596],[-44.58041763305664,-23.27069473266596],[-44.58180618286127,-23.270139694213867],[-44.582916259765625,-23.269306182861328],[-44.583194732666016,-23.26819419860834],[-44.5837516784668,-23.267915725707894],[-44.58402633666992,-23.26625061035145],[-44.58486175537104,-23.265417098998967],[-44.58486175537104,-23.264305114746037],[-44.582916259765625,-23.26291847229004],[-44.58208465576166,-23.26291847229004],[-44.580970764160156,-23.26208305358881],[-44.58124923706043,-23.26069450378418],[-44.58124923706043,-23.258192062377816],[-44.58041763305664,-23.257917404174805],[-44.57930374145502,-23.25680541992176],[-44.578750610351506,-23.255416870117188],[-44.57597351074213,-23.253751754760742],[-44.57513809204096,-23.251247406005803],[-44.57513809204096,-23.248193740844727],[-44.577083587646484,-23.248472213745117],[-44.57791519165039,-23.247915267944336],[-44.57819366455067,-23.24652862548828],[-44.577083587646484,-23.24513816833496],[-44.5765266418457,-23.24513816833496],[-44.57485961914051,-23.243749618530273],[-44.57430648803711,-23.242916107177734],[-44.57347106933594,-23.24263954162592],[-44.572917938232365,-23.2412490844726],[-44.57097244262695,-23.239305496215707],[-44.56819534301758,-23.23791885375971],[-44.5676383972168,-23.236526489257812],[-44.56569290161127,-23.235137939453068],[-44.56458282470703,-23.234861373901367],[-44.561248779296875,-23.23152732849121],[-44.55958175659174,-23.230693817138672],[-44.559307098388615,-23.229583740234375],[-44.559307098388615,-23.2270832061767],[-44.56013870239252,-23.22652816772461],[-44.56208419799805,-23.22652816772461],[-44.56319427490229,-23.2270832061767],[-44.56347274780268,-23.228195190429574],[-44.56430435180664,-23.228471755981445],[-44.56541824340809,-23.229583740234375],[-44.567359924316406,-23.229583740234375],[-44.56902694702143,-23.229305267333928],[-44.57069396972656,-23.229860305786076],[-44.571804046630746,-23.230972290039062],[-44.571804046630746,-23.2318058013916],[-44.572917938232365,-23.23263931274414],[-44.57430648803711,-23.233194351196232],[-44.57569503784174,-23.233194351196232],[-44.5765266418457,-23.23263931274414],[-44.578472137451115,-23.232915878295785],[-44.58069610595703,-23.232915878295785],[-44.58152770996088,-23.232360839843693],[-44.58736038208008,-23.232360839843693],[-44.58736038208008,-23.232082366943303],[-44.590415954589844,-23.232082366943303],[-44.59319305419922,-23.23263931274414],[-44.594306945800724,-23.233749389648438],[-44.59569549560547,-23.233749389648438],[-44.597084045410156,-23.234304428100586],[-44.597915649414006,-23.23541831970215],[-44.59847259521479,-23.23541831970215],[-44.59958267211914,-23.236526489257812],[-44.599029541015625,-23.238193511962834],[-44.59736251831043,-23.238471984863224],[-44.59736251831043,-23.240140914916935],[-44.596527099609375,-23.24180603027338],[-44.596805572509766,-23.243471145629826],[-44.59847259521479,-23.24513816833496],[-44.59930419921875,-23.24513816833496],[-44.60208511352539,-23.247915267944336],[-44.60319519042969,-23.247915267944336],[-44.60458374023432,-23.248472213745117],[-44.60569381713867,-23.249584197998047],[-44.606529235839844,-23.250972747802678],[-44.60819625854492,-23.250972747802678],[-44.60874938964844,-23.25152969360346],[-44.61013793945307,-23.251806259155273],[-44.613471984863224,-23.251806259155273],[-44.61486053466797,-23.252916336059513],[-44.61680603027338,-23.254028320312443],[-44.61708450317377,-23.255416870117188],[-44.618194580078125,-23.256526947021484],[-44.62041854858393,-23.258192062377816],[-44.6209716796875,-23.259027481079045],[-44.6209716796875,-23.261249542236328],[-44.62152862548828,-23.26208305358881],[-44.62152862548828,-23.263471603393555],[-44.62374877929682,-23.26569366455078],[-44.62347412109369,-23.26819419860834],[-44.624305725097656,-23.26819419860834],[-44.62541580200195,-23.269306182861328],[-44.62597274780262,-23.270416259765568],[-44.626804351806584,-23.27069473266596],[-44.626804351806584,-23.272083282470703],[-44.62819290161133,-23.273750305175724],[-44.62819290161133,-23.274860382080078],[-44.62874984741211,-23.27513885498047],[-44.629028320312386,-23.277082443237305],[-44.63013839721674,-23.278194427490234],[-44.62985992431635,-23.280694961547738],[-44.631805419921875,-23.28208351135254],[-44.632083892822266,-23.283750534057504],[-44.63458251953125,-23.285139083862305],[-44.63597106933588,-23.28708267211914],[-44.63597106933588,-23.287914276123047],[-44.637638092041016,-23.289583206176758],[-44.63930511474604,-23.289583206176758],[-44.64097213745117,-23.288749694824162],[-44.64208221435541,-23.288749694824162],[-44.641803741454964,-23.28680419921875],[-44.642917633056584,-23.28680419921875],[-44.64319610595703,-23.28736114501953],[-44.64430618286133,-23.287639617919922],[-44.64625167846674,-23.28986167907715],[-44.64625167846674,-23.290695190429688],[-44.64430618286133,-23.292083740234318],[-44.64430618286133,-23.294027328491154],[-44.64319610595703,-23.294305801391545],[-44.64319610595703,-23.295139312744084],[-44.64097213745117,-23.29680633544922],[-44.64069366455078,-23.29736137390131],[-44.63930511474604,-23.297916412353516],[-44.637916564941406,-23.299028396606445],[-44.637916564941406,-23.301250457763558],[-44.64319610595703,-23.301250457763558],[-44.64430618286133,-23.30097198486328],[-44.64485931396473,-23.30180549621582],[-44.64597320556635,-23.30180549621582],[-44.64625167846674,-23.301250457763558],[-44.647361755371094,-23.301250457763558],[-44.647361755371094,-23.299583435058594],[-44.64652633666992,-23.29736137390131],[-44.648193359374886,-23.297637939453125],[-44.649307250976506,-23.29736137390131],[-44.649307250976506,-23.29597282409668],[-44.65013885498047,-23.294862747192383],[-44.65124893188465,-23.294862747192383],[-44.652915954589844,-23.294305801391545],[-44.653472900390625,-23.293750762939453],[-44.65569305419916,-23.293750762939453],[-44.65680694580078,-23.293193817138672],[-44.65680694580078,-23.29153060913086],[-44.655139923095646,-23.289304733276367],[-44.65402603149414,-23.28847312927246],[-44.65124893188465,-23.288194656372013],[-44.64958190917969,-23.286527633666992],[-44.649028778076115,-23.285139083862305],[-44.649028778076115,-23.284027099609375],[-44.648193359374886,-23.28291702270502],[-44.64652633666992,-23.28152847290039],[-44.64458465576172,-23.279582977294865],[-44.64458465576172,-23.279029846191293],[-44.642917633056584,-23.27763938903803],[-44.6423606872558,-23.27763938903803],[-44.64097213745117,-23.2762508392334],[-44.64097213745117,-23.274860382080078],[-44.64041519165039,-23.274305343627816],[-44.64041519165039,-23.271249771118107],[-44.639026641845646,-23.270139694213867],[-44.637359619140625,-23.269306182861328],[-44.63597106933588,-23.267915725707894],[-44.63569259643549,-23.26680564880371],[-44.63569259643549,-23.263748168945256],[-44.63458251953125,-23.26208305358881],[-44.634029388427734,-23.26180458068842],[-44.634029388427734,-23.258750915527344],[-44.632915496826115,-23.258192062377816],[-44.63236236572254,-23.256526947021484],[-44.63097381591797,-23.255416870117188],[-44.63097381591797,-23.25486183166504],[-44.629028320312386,-23.253194808959904],[-44.629028320312386,-23.252639770507812],[-44.62736129760742,-23.250694274902287],[-44.62597274780262,-23.249860763549748],[-44.62597274780262,-23.24763870239252],[-44.62625122070307,-23.24652862548828],[-44.62513732910156,-23.24541664123535],[-44.62513732910156,-23.244583129882756],[-44.62374877929682,-23.243749618530273],[-44.62236022949219,-23.243749618530273],[-44.62152862548828,-23.242916107177734],[-44.61930465698242,-23.242361068725472],[-44.61902618408203,-23.24152755737299],[-44.61736297607416,-23.239305496215707],[-44.61541748046875,-23.237636566161996],[-44.61513900756836,-23.236526489257812],[-44.613471984863224,-23.23569679260254],[-44.6129150390625,-23.234861373901367],[-44.613471984863224,-23.233472824096623],[-44.61458206176758,-23.233194351196232],[-44.618194580078125,-23.233194351196232],[-44.61902618408203,-23.233472824096623],[-44.62125015258789,-23.235139846801758],[-44.62180709838867,-23.236249923705998],[-44.62291717529291,-23.23680686950678],[-44.62458419799805,-23.23680686950678],[-44.62541580200195,-23.236249923705998],[-44.62736129760742,-23.236249923705998],[-44.62763977050781,-23.237083435058594],[-44.629028320312386,-23.237636566161996],[-44.63097381591797,-23.23986053466797],[-44.633472442626896,-23.23986053466797],[-44.63430404663086,-23.238195419311523],[-44.63597106933588,-23.238471984863224],[-44.637638092041016,-23.23680686950678],[-44.637359619140625,-23.234582901000977],[-44.637916564941406,-23.234027862548828],[-44.63986206054682,-23.234304428100586],[-44.64319610595703,-23.234304428100586],[-44.64458465576172,-23.23569679260254],[-44.64569473266596,-23.23569679260254],[-44.6470832824707,-23.234861373901367],[-44.65208435058588,-23.234861373901367],[-44.652915954589844,-23.235139846801758],[-44.653472900390625,-23.23597145080555],[-44.653472900390625,-23.237361907958984],[-44.65430450439453,-23.238750457763615],[-44.654861450195256,-23.239028930664062],[-44.6584739685058,-23.239028930664062],[-44.659305572509766,-23.239583969116154],[-44.65986251831055,-23.24152755737299],[-44.66069412231445,-23.24180603027338],[-44.66097259521473,-23.24263954162592],[-44.66097259521473,-23.244861602783146],[-44.66236114501953,-23.24513816833496],[-44.66291809082031,-23.246803283691406],[-44.66374969482422,-23.24736022949213],[-44.66513824462885,-23.24763870239252],[-44.667083740234375,-23.24763870239252],[-44.667915344238224,-23.248193740844727],[-44.66958236694336,-23.248193740844727],[-44.66958236694336,-23.24736022949213],[-44.667915344238224,-23.24625015258789],[-44.667915344238224,-23.24513816833496],[-44.66875076293945,-23.244304656982365],[-44.66986083984375,-23.244304656982365],[-44.67124938964838,-23.24541664123535],[-44.67152786254877,-23.24652862548828],[-44.673751831054574,-23.24652862548828],[-44.674026489257756,-23.246803283691406],[-44.674026489257756,-23.248750686645394],[-44.675140380859375,-23.250137329101562],[-44.67625045776367,-23.250417709350586],[-44.678470611572266,-23.250417709350586],[-44.67930603027344,-23.251247406005803],[-44.67930603027344,-23.25208282470703],[-44.68097305297846,-23.252639770507812],[-44.682918548583984,-23.252639770507812],[-44.68347167968744,-23.25208282470703],[-44.6845817565918,-23.25208282470703],[-44.68541717529297,-23.25152969360346],[-44.68541717529297,-23.250694274902287],[-44.6845817565918,-23.250137329101562],[-44.6823616027832,-23.24763870239252],[-44.68013763427729,-23.24763870239252],[-44.67930603027344,-23.24652862548828],[-44.67902755737305,-23.24541664123535],[-44.68152618408203,-23.242916107177734],[-44.68347167968744,-23.242916107177734],[-44.683750152587834,-23.24180603027338],[-44.68208312988281,-23.24152755737299],[-44.68180465698242,-23.242082595825195],[-44.67958450317383,-23.242082595825195],[-44.67902755737305,-23.24263954162592],[-44.67597198486328,-23.24263954162592],[-44.674026489257756,-23.24180603027338],[-44.672916412353516,-23.24041748046875],[-44.67097091674799,-23.24041748046875],[-44.669029235839844,-23.240694046020508],[-44.667915344238224,-23.23986053466797],[-44.6676406860351,-23.238471984863224],[-44.67013931274414,-23.238750457763615],[-44.6734733581543,-23.238750457763615],[-44.6754150390625,-23.239028930664062],[-44.67569351196289,-23.239583969116154],[-44.67736053466791,-23.239583969116154],[-44.67791748046869,-23.239028930664062],[-44.6776390075683,-23.237361907958984],[-44.67652893066406,-23.237361907958984],[-44.67625045776367,-23.23597145080555],[-44.67569351196289,-23.23597145080555],[-44.674026489257756,-23.234027862548828],[-44.674026489257756,-23.233194351196232],[-44.673194885253906,-23.23263931274414],[-44.672637939453125,-23.23152732849121],[-44.67152786254877,-23.23152732849121],[-44.66986083984375,-23.233194351196232],[-44.66986083984375,-23.234861373901367],[-44.66930389404297,-23.23541831970215],[-44.66597366333008,-23.23541831970215],[-44.66430664062494,-23.234027862548828],[-44.66430664062494,-23.233472824096623],[-44.66319274902344,-23.232915878295785],[-44.662082672119084,-23.232915878295785],[-44.66125106811518,-23.2318058013916],[-44.659027099609375,-23.23152732849121],[-44.65819549560541,-23.230693817138672],[-44.65791702270502,-23.229305267333928],[-44.65680694580078,-23.228195190429574],[-44.65458297729481,-23.2270832061767],[-44.65458297729481,-23.224861145019418],[-44.65597152709961,-23.224306106567326],[-44.65625,-23.22374725341797],[-44.65791702270502,-23.22374725341797],[-44.6584739685058,-23.224861145019418],[-44.65819549560541,-23.22652816772461],[-44.66069412231445,-23.22680473327631],[-44.66125106811518,-23.227638244628906],[-44.66291809082031,-23.227638244628906],[-44.66347122192383,-23.2270832061767],[-44.66347122192383,-23.22597312927246],[-44.66291809082031,-23.22569465637207],[-44.66069412231445,-23.223472595214844],[-44.65986251831055,-23.223472595214844],[-44.65874862670893,-23.222637176513615],[-44.65874862670893,-23.21986198425293],[-44.66013717651367,-23.219028472900334],[-44.66041564941406,-23.217361450195312],[-44.66097259521473,-23.217081069946232],[-44.66069412231445,-23.215139389038086],[-44.65819549560541,-23.215139389038086],[-44.657081604003906,-23.21541595458973],[-44.657081604003906,-23.217361450195312],[-44.65597152709961,-23.218471527099496],[-44.654861450195256,-23.218471527099496],[-44.65430450439453,-23.217916488647404],[-44.65263748168945,-23.21819305419922],[-44.65263748168945,-23.22097206115717],[-44.6515274047851,-23.222360610961914],[-44.65013885498047,-23.22208595275879],[-44.648750305175724,-23.22097206115717],[-44.648193359374886,-23.21958351135254],[-44.647361755371094,-23.21930313110346],[-44.647361755371094,-23.218471527099496],[-44.64625167846674,-23.217361450195312],[-44.64513778686518,-23.217361450195312],[-44.64402770996094,-23.216527938842773],[-44.64263916015619,-23.215972900390568],[-44.64097213745117,-23.214305877685547],[-44.63958358764643,-23.214027404785156],[-44.63958358764643,-23.215139389038086],[-44.64041519165039,-23.215694427490178],[-44.64041519165039,-23.217081069946232],[-44.64097213745117,-23.21875],[-44.64041519165039,-23.21930313110346],[-44.63847351074219,-23.217361450195312],[-44.63624954223627,-23.217081069946232],[-44.633472442626896,-23.217638015747013],[-44.632637023925724,-23.21875],[-44.632637023925724,-23.21986198425293],[-44.633750915527344,-23.22125053405756],[-44.633750915527344,-23.222360610961914],[-44.632915496826115,-23.222915649414006],[-44.63013839721674,-23.223194122314453],[-44.629306793212834,-23.224306106567326],[-44.627082824706974,-23.224029541015625],[-44.626804351806584,-23.223472595214844],[-44.625694274902344,-23.223194122314453],[-44.62458419799805,-23.222360610961914],[-44.62458419799805,-23.217638015747013],[-44.624027252197266,-23.217361450195312],[-44.624027252197266,-23.215972900390568],[-44.62347412109369,-23.215139389038086],[-44.624305725097656,-23.214305877685547],[-44.62486267089844,-23.214582443237248],[-44.626804351806584,-23.214582443237248],[-44.627082824706974,-23.212917327880803],[-44.624305725097656,-23.210136413574162],[-44.624305725097656,-23.208749771118164],[-44.6231956481933,-23.207914352416935],[-44.6231956481933,-23.207361221313363],[-44.6209716796875,-23.20652770996088],[-44.619861602783146,-23.206804275512695],[-44.61624908447254,-23.206804275512695],[-44.615970611572266,-23.20652770996088],[-44.615970611572266,-23.204305648803597],[-44.61652755737299,-23.203472137451115],[-44.618194580078125,-23.203472137451115],[-44.619861602783146,-23.204305648803597],[-44.62180709838867,-23.204305648803597],[-44.6220817565918,-23.203750610351506],[-44.62374877929682,-23.203750610351506],[-44.624305725097656,-23.202360153198242],[-44.627082824706974,-23.202360153198242],[-44.627082824706974,-23.20013809204096],[-44.62652969360346,-23.199029922485295],[-44.62652969360346,-23.196525573730412],[-44.626804351806584,-23.19625091552723],[-44.62958145141596,-23.19625091552723],[-44.63069534301758,-23.195415496826172],[-44.631805419921875,-23.195415496826172],[-44.63236236572254,-23.195972442626953],[-44.63541793823231,-23.195972442626953],[-44.63597106933588,-23.195415496826172],[-44.63569259643549,-23.194305419921818],[-44.63486099243164,-23.193471908569336],[-44.63486099243164,-23.192638397216797],[-44.63624954223627,-23.192638397216797],[-44.637359619140625,-23.193471908569336],[-44.637359619140625,-23.1945858001709],[-44.63652801513666,-23.195415496826172],[-44.639026641845646,-23.195415496826172],[-44.63930511474604,-23.195972442626953],[-44.64125061035156,-23.196525573730412],[-44.64319610595703,-23.196525573730412],[-44.64374923706055,-23.19625091552723],[-44.64402770996094,-23.1945858001709],[-44.64458465576172,-23.194305419921818],[-44.64458465576172,-23.19208335876459],[-44.64513778686518,-23.19041633605957],[-44.64430618286133,-23.18958282470703],[-44.64374923706055,-23.187639236450195],[-44.643470764160156,-23.18569374084467],[-44.64458465576172,-23.18541717529297],[-44.64597320556635,-23.187360763549805],[-44.647361755371094,-23.187639236450195],[-44.6515274047851,-23.187639236450195],[-44.653194427490234,-23.188472747802734],[-44.65430450439453,-23.19069480895996],[-44.655139923095646,-23.19124984741211],[-44.65541839599604,-23.19208335876459],[-44.65541839599604,-23.195138931274357],[-44.65597152709961,-23.197360992431584],[-44.65680694580078,-23.198194503784123],[-44.65791702270502,-23.198472976684513],[-44.65819549560541,-23.20013809204096],[-44.657638549804574,-23.20041656494135],[-44.657638549804574,-23.20541572570795],[-44.6584739685058,-23.207082748413086],[-44.659305572509766,-23.207914352416935],[-44.66069412231445,-23.207914352416935],[-44.662082672119084,-23.20624923706049],[-44.66374969482422,-23.20597267150879],[-44.664585113525334,-23.20624923706049],[-44.66513824462885,-23.20819664001459],[-44.6662483215332,-23.209026336669808],[-44.6662483215332,-23.20624923706049],[-44.666526794433594,-23.20541763305664],[-44.66736221313465,-23.20513916015625],[-44.66930389404297,-23.20597267150879],[-44.669029235839844,-23.207361221313363],[-44.67013931274414,-23.208749771118164],[-44.67097091674799,-23.210418701171875],[-44.6734733581543,-23.210418701171875],[-44.674026489257756,-23.21097183227539],[-44.67625045776367,-23.21097183227539],[-44.67736053466791,-23.21236038208002],[-44.67708206176752,-23.213472366333008],[-44.67597198486328,-23.213472366333008],[-44.6754150390625,-23.214305877685547],[-44.673194885253906,-23.215139389038086],[-44.673194885253906,-23.216249465942383],[-44.67486190795893,-23.217916488647404],[-44.67597198486328,-23.218471527099496],[-44.67708206176752,-23.21958351135254],[-44.67958450317383,-23.21986198425293],[-44.68013763427729,-23.22041511535639],[-44.68152618408203,-23.22069358825678],[-44.6823616027832,-23.222360610961914],[-44.68347167968744,-23.223472595214844],[-44.68541717529297,-23.223194122314453],[-44.68652725219721,-23.221525192260742],[-44.689861297607365,-23.221525192260742],[-44.69097137451172,-23.223194122314453],[-44.69097137451172,-23.224029541015625],[-44.69180679321289,-23.225139617919865],[-44.69263839721668,-23.225139617919865],[-44.69347381591791,-23.22624969482422],[-44.69347381591791,-23.227916717529297],[-44.694026947021484,-23.228750228881836],[-44.69763946533203,-23.230417251586857],[-44.69847106933594,-23.23263931274414],[-44.70097351074219,-23.23263931274414],[-44.70124816894531,-23.233194351196232],[-44.70430374145508,-23.233194351196232],[-44.7059707641601,-23.23152732849121],[-44.707637786865234,-23.23152732849121],[-44.708194732666016,-23.232360839843693],[-44.709304809570256,-23.232360839843693],[-44.71041488647461,-23.234027862548828],[-44.71263885498041,-23.234027862548828],[-44.713470458984375,-23.233472824096623],[-44.713748931884766,-23.232082366943303],[-44.71458435058594,-23.230693817138672],[-44.71430587768555,-23.229028701782227],[-44.71236038208002,-23.22680473327631],[-44.71097183227539,-23.22597312927246],[-44.71097183227539,-23.224306106567326],[-44.71152877807617,-23.224306106567326],[-44.71319580078125,-23.222637176513615],[-44.71263885498041,-23.22097206115717],[-44.70986175537104,-23.22069358825678],[-44.709304809570256,-23.21986198425293],[-44.709583282470646,-23.217638015747013],[-44.71041488647461,-23.217081069946232],[-44.710693359375,-23.215694427490178],[-44.71152877807617,-23.215139389038086],[-44.71152877807617,-23.213750839233285],[-44.71041488647461,-23.21236038208002],[-44.71041488647461,-23.21125030517578],[-44.71097183227539,-23.21069526672352],[-44.71319580078125,-23.21069526672352],[-44.714027404785156,-23.209583282470646],[-44.715137481689396,-23.209583282470646],[-44.71625137329096,-23.20763969421381],[-44.71708297729492,-23.20763969421381],[-44.719028472900334,-23.20541572570795],[-44.719581604003906,-23.20402717590332],[-44.7198600769043,-23.202360153198242],[-44.72069549560547,-23.20152854919428],[-44.72097396850586,-23.199583053588867],[-44.72097396850586,-23.197360992431584],[-44.72013854980469,-23.195138931274357],[-44.719306945800724,-23.194305419921818],[-44.717918395996094,-23.194305419921818],[-44.71708297729492,-23.195415496826172],[-44.714027404785156,-23.194026947021428],[-44.713748931884766,-23.192916870117188],[-44.713748931884766,-23.189861297607308],[-44.71263885498041,-23.189861297607308],[-44.71208190917963,-23.19041633605957],[-44.710140228271484,-23.190139770507756],[-44.70986175537104,-23.189306259155217],[-44.709026336669865,-23.189306259155217],[-44.708194732666016,-23.188472747802734],[-44.707637786865234,-23.18708419799799],[-44.70680618286133,-23.186805725097543],[-44.70652770996088,-23.18569374084467],[-44.70680618286133,-23.18458366394043],[-44.71236038208002,-23.18458366394043],[-44.71319580078125,-23.18541717529297],[-44.713748931884766,-23.187360763549805],[-44.71486282348633,-23.187360763549805],[-44.71541595458979,-23.18625068664545],[-44.71625137329096,-23.18597221374506],[-44.71680450439453,-23.185140609741097],[-44.71680450439453,-23.183750152587834],[-44.71597290039057,-23.182918548583984],[-44.71430587768555,-23.182918548583984],[-44.714027404785156,-23.183471679687386],[-44.71236038208002,-23.183471679687386],[-44.71180725097645,-23.182361602783203],[-44.710693359375,-23.181526184081974],[-44.710693359375,-23.17958259582514],[-44.71097183227539,-23.1784725189209],[-44.710140228271484,-23.177917480468693],[-44.710140228271484,-23.177082061767464],[-44.709026336669865,-23.176527023315373],[-44.70680618286133,-23.174028396606445],[-44.7059707641601,-23.174028396606445],[-44.70458221435547,-23.175973892211857],[-44.70375061035156,-23.176805496215763],[-44.70236206054676,-23.177082061767464],[-44.70124816894531,-23.175138473510742],[-44.69847106933594,-23.175138473510742],[-44.69819259643555,-23.174028396606445],[-44.699028015136605,-23.172916412353516],[-44.699028015136605,-23.17152976989746],[-44.69791793823242,-23.17069435119629],[-44.69791793823242,-23.16986083984375],[-44.699028015136605,-23.168193817138615],[-44.69985961914057,-23.168472290039006],[-44.702915191650334,-23.168472290039006],[-44.70402908325195,-23.168750762939396],[-44.70513916015625,-23.167638778686523],[-44.70652770996088,-23.166803359985295],[-44.70652770996088,-23.164583206176758],[-44.70541763305653,-23.16374969482422],[-44.70541763305653,-23.162361145019474],[-44.70652770996088,-23.161527633666992],[-44.70652770996088,-23.157636642455998],[-44.70458221435547,-23.155971527099553],[-44.69930648803705,-23.155971527099553],[-44.69874954223633,-23.155418395996037],[-44.69763946533203,-23.155418395996037],[-44.69513702392578,-23.15291404724121],[-44.694862365722656,-23.149860382080078],[-44.69541549682617,-23.148195266723576],[-44.694862365722656,-23.147638320922795],[-44.69374847412104,-23.147638320922795],[-44.69291687011713,-23.146528244018555],[-44.69291687011713,-23.14541625976551],[-44.69541549682617,-23.14541625976551],[-44.69569396972656,-23.14458274841303],[-44.69763946533203,-23.142637252807617],[-44.69791793823242,-23.1420841217041],[-44.69791793823242,-23.137916564941406],[-44.69736099243164,-23.137361526489144],[-44.69708251953119,-23.13597106933588],[-44.69791793823242,-23.13513946533203],[-44.699028015136605,-23.134862899780217],[-44.699028015136605,-23.133193969726506],[-44.69847106933594,-23.132083892822266],[-44.69736099243164,-23.13152885437006],[-44.6968040466308,-23.13069534301752],[-44.69597244262684,-23.13069534301752],[-44.69513702392578,-23.131805419921875],[-44.694305419921875,-23.13125038146967],[-44.69208526611328,-23.13125038146967],[-44.68930435180664,-23.12930679321289],[-44.68930435180664,-23.12874984741211],[-44.688194274902344,-23.127639770507812],[-44.68791580200195,-23.12513923645014],[-44.68958282470692,-23.12402725219721],[-44.69069290161127,-23.12402725219721],[-44.69263839721668,-23.122360229492188],[-44.69374847412104,-23.122360229492188],[-44.69513702392578,-23.12291717529297],[-44.69597244262684,-23.123750686645508],[-44.6968040466308,-23.123750686645508],[-44.69791793823242,-23.122638702392578],[-44.69791793823242,-23.117361068725586],[-44.69763946533203,-23.115137100219613],[-44.6968040466308,-23.113750457763615],[-44.6968040466308,-23.112361907958984],[-44.69597244262684,-23.111249923706055],[-44.69569396972656,-23.10930633544922],[-44.69347381591791,-23.10819435119629],[-44.69347381591791,-23.105693817138672],[-44.694583892822266,-23.104583740234318],[-44.69513702392578,-23.102361679077035],[-44.69513702392578,-23.09958267211914],[-44.694862365722656,-23.097917556762695],[-44.694305419921875,-23.097639083862305],[-44.694305419921875,-23.096527099609375],[-44.69347381591791,-23.095972061157113],[-44.69347381591791,-23.09486007690424],[-44.69069290161127,-23.090694427490234],[-44.68930435180664,-23.090972900390625],[-44.688751220703125,-23.091806411743164],[-44.68736267089838,-23.091249465942383],[-44.68736267089838,-23.087915420532227],[-44.688194274902344,-23.08763885498047],[-44.688194274902344,-23.086805343627873],[-44.68958282470692,-23.085971832275334],[-44.68958282470692,-23.085416793823242],[-44.69069290161127,-23.084583282470703],[-44.69069290161127,-23.083749771118107],[-44.689861297607365,-23.082916259765568],[-44.688194274902344,-23.082916259765568],[-44.68708419799799,-23.081527709960938],[-44.68624877929676,-23.081249237060547],[-44.68513870239258,-23.08013916015625],[-44.6845817565918,-23.07902717590332],[-44.68652725219721,-23.078472137451058],[-44.68736267089838,-23.077917098998967],[-44.68736267089838,-23.076250076293945],[-44.68486022949219,-23.072639465331974],[-44.684307098388615,-23.072082519531136],[-44.68180465698242,-23.072082519531136],[-44.68097305297846,-23.0729141235351],[-44.678470611572266,-23.0729141235351],[-44.67736053466791,-23.072360992431584],[-44.67625045776367,-23.070692062377873],[-44.67625045776367,-23.067916870117188],[-44.6754150390625,-23.06708335876465],[-44.6754150390625,-23.066251754760742],[-44.67652893066406,-23.065971374511662],[-44.67791748046869,-23.064861297607422],[-44.67791748046869,-23.063472747802678],[-44.67652893066406,-23.062360763549805],[-44.67652893066406,-23.061525344848576],[-44.674304962158146,-23.060415267944336],[-44.674026489257756,-23.05958366394043],[-44.67180633544922,-23.057361602783146],[-44.670696258544865,-23.057361602783146],[-44.66875076293945,-23.055416107177734],[-44.66875076293945,-23.05486106872553],[-44.66597366333008,-23.05402755737299],[-44.66347122192383,-23.05402755737299],[-44.66180419921869,-23.05513954162592],[-44.66180419921869,-23.056249618530273],[-44.66041564941406,-23.056249618530273],[-44.66041564941406,-23.05513954162592],[-44.659584045410156,-23.05430603027338],[-44.65819549560541,-23.05402755737299],[-44.65791702270502,-23.0534725189209],[-44.65597152709961,-23.0534725189209],[-44.65430450439453,-23.055416107177734],[-44.653472900390625,-23.055416107177734],[-44.65263748168945,-23.056528091430664],[-44.65041732788086,-23.056528091430664],[-44.648750305175724,-23.05486106872553],[-44.648193359374886,-23.05486106872553],[-44.6470832824707,-23.0534725189209],[-44.647361755371094,-23.052083969116154],[-44.647361755371094,-23.04819679260254],[-44.64569473266596,-23.047361373901367],[-44.64485931396473,-23.047361373901367],[-44.64402770996094,-23.048471450805607],[-44.64208221435541,-23.048471450805607],[-44.64125061035156,-23.047914505004883],[-44.63958358764643,-23.047914505004883],[-44.639026641845646,-23.048749923705998],[-44.637916564941406,-23.04930686950678],[-44.637916564941406,-23.051250457763672],[-44.63847351074219,-23.051528930664062],[-44.63847351074219,-23.052640914916935],[-44.6370849609375,-23.052640914916935],[-44.63652801513666,-23.051805496215763],[-44.63541793823231,-23.051250457763672],[-44.633750915527344,-23.051250457763672],[-44.633193969726506,-23.05041885375971],[-44.632083892822266,-23.05041885375971],[-44.631248474121094,-23.049583435058594],[-44.63013839721674,-23.049583435058594],[-44.62958145141596,-23.04902839660639],[-44.62597274780262,-23.047361373901367],[-44.624027252197266,-23.046249389648438],[-44.62180709838867,-23.045694351196232],[-44.62041854858393,-23.044582366943303],[-44.61930465698242,-23.0443058013916],[-44.61569595336914,-23.0443058013916],[-44.614028930664006,-23.045972824096623],[-44.614028930664006,-23.047361373901367],[-44.61458206176758,-23.047914505004883],[-44.614307403564396,-23.048749923705998],[-44.614307403564396,-23.051528930664062],[-44.613471984863224,-23.051528930664062],[-44.612361907958984,-23.050136566162053],[-44.61152648925781,-23.049583435058594],[-44.61152648925781,-23.04819679260254],[-44.60958480834961,-23.04819679260254],[-44.60930633544922,-23.04986190795887],[-44.607917785644474,-23.050136566162053],[-44.606529235839844,-23.04902839660639],[-44.60541534423828,-23.04902839660639],[-44.605140686035156,-23.048471450805607],[-44.603748321533146,-23.047914505004883],[-44.59930419921875,-23.047914505004883],[-44.59736251831043,-23.045694351196232],[-44.59486007690424,-23.045694351196232],[-44.5926399230957,-23.047361373901367],[-44.5926399230957,-23.04819679260254],[-44.591804504394474,-23.04902839660639],[-44.590694427490234,-23.04902839660639],[-44.58986282348633,-23.04986190795887],[-44.58986282348633,-23.051250457763672],[-44.59347152709961,-23.05486106872553],[-44.59347152709961,-23.056528091430664],[-44.59402847290028,-23.056804656982365],[-44.594306945800724,-23.057916641235238],[-44.596805572509766,-23.05819320678711],[-44.598751068115234,-23.05958366394043],[-44.599029541015625,-23.060693740844727],[-44.60013961791992,-23.061525344848576],[-44.60013961791992,-23.062639236450195],[-44.59930419921875,-23.063747406005803],[-44.598194122314396,-23.063747406005803],[-44.59736251831043,-23.06458282470703],[-44.59541702270508,-23.06430625915516],[-44.594306945800724,-23.063194274902287],[-44.594306945800724,-23.062360763549805],[-44.5926399230957,-23.060972213745004],[-44.592082977294865,-23.05958366394043],[-44.590415954589844,-23.05875015258789],[-44.58874893188471,-23.05902862548828],[-44.58819580078119,-23.05986022949213],[-44.58680725097656,-23.05986022949213],[-44.58514022827143,-23.05875015258789],[-44.5837516784668,-23.0584716796875],[-44.5837516784668,-23.056804656982365],[-44.58235931396479,-23.055971145629883],[-44.58069610595703,-23.055416107177734],[-44.57930374145502,-23.055416107177734],[-44.579029083251896,-23.05486106872553],[-44.577640533447266,-23.05402755737299],[-44.577083587646484,-23.05291748046875],[-44.577083587646484,-23.051528930664062],[-44.5765266418457,-23.051250457763672],[-44.57624816894531,-23.047914505004883],[-44.57485961914051,-23.047637939453068],[-44.572639465331974,-23.047637939453068],[-44.57208251953119,-23.04819679260254],[-44.57069396972656,-23.04819679260254],[-44.56874847412104,-23.046804428100586],[-44.56708526611328,-23.04513931274414],[-44.56652832031244,-23.043750762939396],[-44.56486129760742,-23.04347229003895],[-44.56208419799805,-23.04347229003895],[-44.561527252197266,-23.042917251586857],[-44.561527252197266,-23.041250228881836],[-44.55958175659174,-23.03902816772461],[-44.55875015258789,-23.03874969482422],[-44.557918548583984,-23.037639617919865],[-44.556804656982365,-23.037082672119027],[-44.55402755737305,-23.037082672119027],[-44.55347061157221,-23.03791618347168],[-44.55208206176758,-23.03819465637207],[-44.55152893066406,-23.037082672119027],[-44.54902648925781,-23.035137176513615],[-44.54735946655268,-23.03458595275879],[-44.546249389648324,-23.03347206115717],[-44.54319381713856,-23.032361984252816],[-44.542640686035156,-23.03180313110346],[-44.5412483215332,-23.03180313110346],[-44.53874969482422,-23.030693054199105],[-44.537918090820256,-23.029861450195312],[-44.536251068115234,-23.029581069946232],[-44.53486251831049,-23.028472900390568],[-44.53291702270508,-23.028194427490178],[-44.53180694580078,-23.027360916137695],[-44.539241790771484,-23.02386474609375],[-44.53932571411133,-23.023939132690373],[-44.546787261962834,-23.020566940307617],[-44.54415130615223,-23.008743286132756],[-44.54892349243164,-23.009519577026367],[-44.54948425292963,-23.006402969360295],[-44.545623779296875,-23.006395339965763],[-44.54140090942383,-22.9986515045166],[-44.5450439453125,-22.992023468017578],[-44.54290390014643,-22.986440658569336],[-44.550209045410156,-22.972740173339844],[-44.55506896972656,-22.974466323852482],[-44.559898376464844,-22.97197723388672],[-44.557483673095646,-22.963024139404297],[-44.56179046630848,-22.954851150512695],[-44.57667541503906,-22.94739913940424],[-44.59457015991205,-22.947715759277287],[-44.605625152587834,-22.943611145019474],[-44.61030960083002,-22.939476013183594],[-44.62145614624018,-22.93930816650385],[-44.629905700683594,-22.91758918762207],[-44.63896560668945,-22.9141845703125]]],[[[-44.57041549682617,-23.26680564880371],[-44.56930541992182,-23.265972137451172],[-44.56930541992182,-23.26485824584961],[-44.57041549682617,-23.264862060546875],[-44.571250915527344,-23.265972137451172],[-44.57208251953119,-23.265972137451172],[-44.571804046630746,-23.267915725707894],[-44.57041549682617,-23.267360687255803],[-44.57041549682617,-23.26680564880371]]],[[[-44.63680648803711,-23.224029541015625],[-44.63847351074219,-23.224861145019418],[-44.639026641845646,-23.22597312927246],[-44.639026641845646,-23.22736167907709],[-44.640140533447266,-23.228195190429574],[-44.64263916015619,-23.228195190429574],[-44.642917633056584,-23.227638244628906],[-44.64597320556635,-23.227638244628906],[-44.6470832824707,-23.2270832061767],[-44.64791488647461,-23.228750228881836],[-44.64958190917969,-23.229305267333928],[-44.649307250976506,-23.230693817138672],[-44.6470832824707,-23.230138778686467],[-44.64458465576172,-23.230138778686467],[-44.6423606872558,-23.229028701782227],[-44.63930511474604,-23.229305267333928],[-44.637916564941406,-23.228195190429574],[-44.63680648803711,-23.22652816772461],[-44.63430404663086,-23.22652816772461],[-44.633750915527344,-23.22569465637207],[-44.63486099243164,-23.225139617919865],[-44.63541793823231,-23.224306106567326],[-44.63680648803711,-23.224029541015625]]],[[[-44.583194732666016,-23.210136413574162],[-44.58486175537104,-23.210136413574162],[-44.58541488647455,-23.21125030517578],[-44.58402633666992,-23.21208381652832],[-44.582916259765625,-23.21125030517578],[-44.583194732666016,-23.210136413574162]]],[[[-44.57319259643555,-23.195138931274357],[-44.57430648803711,-23.195138931274357],[-44.57485961914051,-23.195972442626953],[-44.57402801513672,-23.196807861328068],[-44.572360992431584,-23.196807861328068],[-44.57208251953119,-23.195693969726562],[-44.57319259643555,-23.195138931274357]]],[[[-44.606803894042855,-23.194860458373967],[-44.60847091674805,-23.195138931274357],[-44.60847091674805,-23.196525573730412],[-44.60736083984369,-23.196807861328068],[-44.606529235839844,-23.19625091552723],[-44.606803894042855,-23.194860458373967]]],[[[-44.58013916015625,-23.198194503784123],[-44.58208465576166,-23.198194503784123],[-44.583473205566406,-23.198749542236328],[-44.58458328247059,-23.199583053588867],[-44.58458328247059,-23.20097160339344],[-44.58402633666992,-23.20125007629389],[-44.58402633666992,-23.202360153198242],[-44.583194732666016,-23.202917098999023],[-44.58180618286127,-23.203193664550724],[-44.57958221435547,-23.203193664550724],[-44.578472137451115,-23.201805114746094],[-44.578472137451115,-23.199861526489258],[-44.58013916015625,-23.198194503784123]]],[[[-44.592918395996094,-23.201805114746094],[-44.59458160400385,-23.201805114746094],[-44.59541702270508,-23.203193664550724],[-44.597084045410156,-23.203750610351506],[-44.597637176513615,-23.20458221435547],[-44.59930419921875,-23.20458221435547],[-44.60069274902338,-23.20624923706049],[-44.60069274902338,-23.207082748413086],[-44.60152816772455,-23.207914352416935],[-44.601806640625,-23.209304809570256],[-44.602359771728516,-23.209861755371037],[-44.602638244628906,-23.211528778076172],[-44.60430526733393,-23.212917327880803],[-44.60430526733393,-23.213750839233285],[-44.60541534423828,-23.215139389038086],[-44.606529235839844,-23.21541595458973],[-44.60958480834961,-23.21541595458973],[-44.61125183105463,-23.215972900390568],[-44.612083435058594,-23.216806411743164],[-44.61458206176758,-23.217081069946232],[-44.61458206176758,-23.217638015747013],[-44.61569595336914,-23.219028472900334],[-44.61652755737299,-23.219028472900334],[-44.61736297607416,-23.21986198425293],[-44.618751525878906,-23.21986198425293],[-44.619861602783146,-23.22069358825678],[-44.619861602783146,-23.22125053405756],[-44.6209716796875,-23.2218074798584],[-44.62152862548828,-23.222637176513615],[-44.62069320678705,-23.223472595214844],[-44.61930465698242,-23.224029541015625],[-44.61902618408203,-23.224861145019418],[-44.614028930664006,-23.224861145019418],[-44.614028930664006,-23.22458267211914],[-44.61013793945307,-23.22458267211914],[-44.60930633544922,-23.224029541015625],[-44.606529235839844,-23.224029541015625],[-44.60625076293945,-23.223472595214844],[-44.60486221313471,-23.222915649414006],[-44.60347366333008,-23.222915649414006],[-44.60208511352539,-23.222360610961914],[-44.60152816772455,-23.22125053405756],[-44.6004180908202,-23.22041511535639],[-44.60069274902338,-23.21986198425293],[-44.60069274902338,-23.217361450195312],[-44.59958267211914,-23.216806411743164],[-44.599029541015625,-23.215972900390568],[-44.597915649414006,-23.215972900390568],[-44.597637176513615,-23.216527938842773],[-44.59541702270508,-23.216527938842773],[-44.59402847290028,-23.216806411743164],[-44.59347152709961,-23.215694427490178],[-44.59236145019531,-23.21541595458973],[-44.591804504394474,-23.214027404785156],[-44.590694427490234,-23.213472366333008],[-44.590694427490234,-23.212917327880803],[-44.58930587768555,-23.211805343627873],[-44.587638854980355,-23.210136413574162],[-44.58569335937494,-23.209583282470646],[-44.58569335937494,-23.208471298217717],[-44.58625030517578,-23.207914352416935],[-44.58625030517578,-23.206804275512695],[-44.58569335937494,-23.20597267150879],[-44.58430480957031,-23.20513916015625],[-44.58486175537104,-23.203750610351506],[-44.58625030517578,-23.20402717590332],[-44.58736038208008,-23.20513916015625],[-44.58736038208008,-23.2056941986084],[-44.58958435058594,-23.2056941986084],[-44.59125137329096,-23.20486068725586],[-44.591526031494084,-23.203472137451115],[-44.592918395996094,-23.202360153198242],[-44.592918395996094,-23.201805114746094]]],[[[-44.657638549804574,-23.181249618530273],[-44.659027099609375,-23.181249618530273],[-44.659584045410156,-23.181804656982422],[-44.659584045410156,-23.182918548583984],[-44.659027099609375,-23.183195114135685],[-44.659027099609375,-23.18458366394043],[-44.65986251831055,-23.185140609741097],[-44.65986251831055,-23.186805725097543],[-44.659305572509766,-23.188194274902344],[-44.65819549560541,-23.188749313354435],[-44.657081604003906,-23.188749313354435],[-44.65652847290039,-23.187360763549805],[-44.657081604003906,-23.186805725097543],[-44.657081604003906,-23.185140609741097],[-44.65625,-23.18458366394043],[-44.65625,-23.183195114135685],[-44.657638549804574,-23.181804656982422],[-44.657638549804574,-23.181249618530273]]],[[[-44.682640075683594,-23.177082061767464],[-44.684028625488224,-23.177082061767464],[-44.6845817565918,-23.178192138671818],[-44.683193206786996,-23.179304122924748],[-44.68180465698242,-23.178749084472656],[-44.68180465698242,-23.177917480468693],[-44.682640075683594,-23.177082061767464]]],[[[-44.662082672119084,-23.159027099609318],[-44.66430664062494,-23.159027099609318],[-44.66513824462885,-23.160139083862248],[-44.666526794433594,-23.160972595214844],[-44.666526794433594,-23.162361145019474],[-44.66569519042969,-23.163471221923828],[-44.664028167724496,-23.163471221923828],[-44.66291809082031,-23.162361145019474],[-44.66291809082031,-23.161806106567383],[-44.66152954101557,-23.160694122314453],[-44.66152954101557,-23.159584045410156],[-44.662082672119084,-23.159027099609318]]],[[[-44.674304962158146,-23.169584274291935],[-44.67680740356434,-23.169584274291935],[-44.678749084472656,-23.17013931274414],[-44.678749084472656,-23.172361373901254],[-44.67680740356434,-23.172361373901254],[-44.6754150390625,-23.17069435119629],[-44.674304962158146,-23.17013931274414],[-44.674304962158146,-23.169584274291935]]],[[[-44.684028625488224,-23.15097236633295],[-44.68541717529297,-23.15097236633295],[-44.68597412109375,-23.151527404785156],[-44.68736267089838,-23.151527404785156],[-44.688472747802734,-23.15430450439453],[-44.689861297607365,-23.155696868896428],[-44.69124984741211,-23.155971527099553],[-44.69263839721668,-23.155696868896428],[-44.694583892822266,-23.155696868896428],[-44.69541549682617,-23.157361984252873],[-44.69541549682617,-23.160694122314453],[-44.694305419921875,-23.161806106567383],[-44.69374847412104,-23.162916183471566],[-44.69374847412104,-23.164304733276367],[-44.69180679321289,-23.16597175598133],[-44.69180679321289,-23.167360305786133],[-44.69291687011713,-23.16986083984375],[-44.69069290161127,-23.169584274291935],[-44.688194274902344,-23.167360305786133],[-44.68791580200195,-23.16541671752924],[-44.68791580200195,-23.162916183471566],[-44.68624877929676,-23.1612491607666],[-44.68541717529297,-23.160972595214844],[-44.68486022949219,-23.160139083862248],[-44.68486022949219,-23.158750534057617],[-44.684307098388615,-23.15791893005371],[-44.68180465698242,-23.15791893005371],[-44.68152618408203,-23.15680694580078],[-44.683193206786996,-23.15513610839838],[-44.683193206786996,-23.151805877685433],[-44.684028625488224,-23.15097236633295]]],[[[-44.62180709838867,-23.189027786254826],[-44.62347412109369,-23.189861297607308],[-44.62374877929682,-23.19124984741211],[-44.62152862548828,-23.19124984741211],[-44.6209716796875,-23.189861297607308],[-44.62180709838867,-23.189027786254826]]],[[[-44.57374954223633,-23.182918548583984],[-44.57485961914051,-23.182918548583984],[-44.57597351074213,-23.183471679687386],[-44.577083587646484,-23.18458366394043],[-44.57791519165039,-23.18597221374506],[-44.57791519165039,-23.187639236450195],[-44.577362060546875,-23.189027786254826],[-44.5765266418457,-23.189861297607308],[-44.5745849609375,-23.189861297607308],[-44.57402801513672,-23.189027786254826],[-44.57319259643555,-23.188749313354435],[-44.57319259643555,-23.18708419799799],[-44.572639465331974,-23.18569374084467],[-44.572639465331974,-23.183750152587834],[-44.57374954223633,-23.182918548583984]]],[[[-44.68486022949219,-23.128196716308594],[-44.68652725219721,-23.128196716308594],[-44.68736267089838,-23.12902641296381],[-44.68736267089838,-23.13041877746582],[-44.6868057250976,-23.13125038146967],[-44.68569564819336,-23.130971908569222],[-44.684028625488224,-23.12986183166504],[-44.684028625488224,-23.12902641296381],[-44.68486022949219,-23.128196716308594]]],[[[-44.67791748046869,-23.1245822906493],[-44.67930603027344,-23.125415802001953],[-44.67958450317383,-23.126804351806584],[-44.678470611572266,-23.127082824706974],[-44.6776390075683,-23.125972747802734],[-44.67791748046869,-23.1245822906493]]],[[[-44.67486190795893,-23.11069488525385],[-44.67680740356434,-23.11069488525385],[-44.6776390075683,-23.110971450805664],[-44.678470611572266,-23.112083435058594],[-44.678470611572266,-23.114307403564396],[-44.67736053466791,-23.115137100219613],[-44.675140380859375,-23.11486053466797],[-44.673194885253906,-23.112916946411076],[-44.673194885253906,-23.111249923706055],[-44.67486190795893,-23.11069488525385]]],[[[-44.67958450317383,-23.1079158782959],[-44.68097305297846,-23.10930633544922],[-44.68013763427729,-23.110416412353402],[-44.678749084472656,-23.110137939453125],[-44.678749084472656,-23.109027862548828],[-44.67958450317383,-23.1079158782959]]],[[[-44.68763732910156,-23.10930633544922],[-44.68597412109375,-23.107360839843693],[-44.68597412109375,-23.105972290039062],[-44.6868057250976,-23.105972290039062],[-44.68791580200195,-23.107084274291992],[-44.688751220703125,-23.10847282409668],[-44.688472747802734,-23.10958290100092],[-44.68763732910156,-23.10930633544922]]],[[[-44.67097091674799,-23.095972061157113],[-44.67180633544922,-23.095972061157113],[-44.672359466552734,-23.097082138061467],[-44.673751831054574,-23.09819221496582],[-44.6734733581543,-23.09930419921875],[-44.67152786254877,-23.09930419921875],[-44.67097091674799,-23.098472595214787],[-44.67013931274414,-23.09819221496582],[-44.67013931274414,-23.096805572509766],[-44.67097091674799,-23.095972061157113]]],[[[-44.68347167968744,-23.086526870727425],[-44.6845817565918,-23.086805343627873],[-44.6845817565918,-23.088472366333008],[-44.683193206786996,-23.088193893432617],[-44.682640075683594,-23.086805343627873],[-44.68347167968744,-23.086526870727425]]],[[[-44.59375,-23.085416793823242],[-44.59486007690424,-23.085416793823242],[-44.59569549560547,-23.087085723876953],[-44.59597396850586,-23.0887508392334],[-44.59486007690424,-23.08930778503418],[-44.59319305419922,-23.08763885498047],[-44.59319305419922,-23.085693359374943],[-44.59375,-23.085416793823242]]],[[[-44.59458160400385,-23.065139770507812],[-44.596805572509766,-23.065416336059513],[-44.597084045410156,-23.066804885864258],[-44.596527099609375,-23.067361831664925],[-44.59486007690424,-23.067361831664925],[-44.594306945800724,-23.066528320312443],[-44.59458160400385,-23.065139770507812]]],[[[-44.5537490844726,-23.05513954162592],[-44.556804656982365,-23.05513954162592],[-44.5584716796875,-23.056804656982365],[-44.55875015258789,-23.05819320678711],[-44.56041717529297,-23.05986022949213],[-44.561248779296875,-23.06013870239252],[-44.562915802001896,-23.062084197998047],[-44.56347274780268,-23.062084197998047],[-44.56458282470703,-23.063194274902287],[-44.56486129760742,-23.06430625915516],[-44.56458282470703,-23.066251754760742],[-44.56458282470703,-23.06847190856928],[-44.56347274780268,-23.067916870117188],[-44.562362670898324,-23.065971374511662],[-44.561527252197266,-23.065971374511662],[-44.560970306396484,-23.065139770507812],[-44.55902862548817,-23.063472747802678],[-44.5573616027832,-23.063472747802678],[-44.55625152587885,-23.062360763549805],[-44.55625152587885,-23.06125068664545],[-44.556804656982365,-23.06013870239252],[-44.555694580078125,-23.0584716796875],[-44.5537490844726,-23.05875015258789],[-44.55347061157221,-23.05819320678711],[-44.55180740356445,-23.057361602783146],[-44.55208206176758,-23.055971145629883],[-44.5537490844726,-23.05513954162592]]],[[[-44.60208511352539,-23.066804885864258],[-44.603748321533146,-23.066804885864258],[-44.60458374023432,-23.068195343017578],[-44.6029167175293,-23.069305419921818],[-44.601806640625,-23.068750381469727],[-44.60208511352539,-23.066804885864258]]],[[[-44.63541793823231,-23.067638397216797],[-44.63624954223627,-23.067638397216797],[-44.6370849609375,-23.06847190856928],[-44.63847351074219,-23.068750381469727],[-44.639026641845646,-23.06958389282221],[-44.640140533447266,-23.06958389282221],[-44.64041519165039,-23.06847190856928],[-44.641803741454964,-23.067916870117188],[-44.64430618286133,-23.070692062377873],[-44.64430618286133,-23.071527481079045],[-44.64513778686518,-23.072082519531136],[-44.64513778686518,-23.0748615264892],[-44.64458465576172,-23.07541847229004],[-44.643470764160156,-23.07541847229004],[-44.642917633056584,-23.07458305358881],[-44.64069366455078,-23.07458305358881],[-44.63958358764643,-23.07430458068842],[-44.63847351074219,-23.073474884033146],[-44.637359619140625,-23.072082519531136],[-44.63680648803711,-23.070417404174805],[-44.63513946533203,-23.068750381469727],[-44.63541793823231,-23.067638397216797]]],[[[-44.63013839721674,-23.067638397216797],[-44.63236236572254,-23.067638397216797],[-44.633472442626896,-23.06902694702137],[-44.633472442626896,-23.070138931274414],[-44.632083892822266,-23.070972442626953],[-44.631526947021484,-23.072360992431584],[-44.62985992431635,-23.072082519531136],[-44.62874984741211,-23.070972442626953],[-44.62874984741211,-23.06958389282221],[-44.62958145141596,-23.06902694702137],[-44.63013839721674,-23.067638397216797]]],[[[-44.627082824706974,-23.059303283691293],[-44.6279182434082,-23.059303283691293],[-44.629306793212834,-23.06125068664545],[-44.629306793212834,-23.062639236450195],[-44.62874984741211,-23.063194274902287],[-44.62763977050781,-23.063194274902287],[-44.62625122070307,-23.061807632446232],[-44.62652587890619,-23.06013870239252],[-44.627082824706974,-23.059303283691293]]],[[[-44.56013870239252,-23.051250457763672],[-44.56208419799805,-23.051250457763672],[-44.562915802001896,-23.051805496215763],[-44.56319427490229,-23.05291748046875],[-44.562362670898324,-23.0534725189209],[-44.56041717529297,-23.0534725189209],[-44.55958175659174,-23.05291748046875],[-44.55958175659174,-23.051805496215763],[-44.56013870239252,-23.051250457763672]]],[[[-44.60069274902338,-23.055694580078125],[-44.6029167175293,-23.056528091430664],[-44.60347366333008,-23.05763816833496],[-44.60458374023432,-23.057916641235238],[-44.60486221313471,-23.0584716796875],[-44.6070823669433,-23.05902862548828],[-44.60930633544922,-23.06125068664545],[-44.60902786254883,-23.062639236450195],[-44.60902786254883,-23.06430625915516],[-44.60736083984369,-23.064029693603516],[-44.606803894042855,-23.062360763549805],[-44.60541534423828,-23.06125068664545],[-44.60402679443354,-23.05958366394043],[-44.60319519042969,-23.05958366394043],[-44.60208511352539,-23.05819320678711],[-44.6004180908202,-23.056804656982365],[-44.60069274902338,-23.055694580078125]]],[[[-44.62180709838867,-23.056804656982365],[-44.6231956481933,-23.056804656982365],[-44.624027252197266,-23.057361602783146],[-44.624027252197266,-23.05958366394043],[-44.6231956481933,-23.060415267944336],[-44.622638702392464,-23.05958366394043],[-44.62152862548828,-23.05958366394043],[-44.62125015258789,-23.05902862548828],[-44.61930465698242,-23.05902862548828],[-44.6209716796875,-23.057083129882756],[-44.62180709838867,-23.056804656982365]]]]},"properties":{"id_cidade":3303807,"cidade":"Paraty","id_microrregiao":330513,"id_mesorregiao":3305,"id_estado":33,"id_regiao":3}},{"type":"Feature","geometry":{"type":"Polygon","coordinates":[[[-43.49300003051752,-22.41779136657709],[-43.492469787597656,-22.419090270996037],[-43.49158096313465,-22.419719696044922],[-43.44959640502924,-22.440063476562443],[-43.439773559570256,-22.445589065551758],[-43.44257736206055,-22.449386596679688],[-43.43830871582031,-22.456817626953125],[-43.43557739257807,-22.460542678833008],[-43.441162109375,-22.467729568481445],[-43.438518524169865,-22.471595764160156],[-43.43027877807617,-22.47579765319813],[-43.429161071777344,-22.472219467163086],[-43.42147064208979,-22.46935653686512],[-43.40510940551758,-22.469678878784123],[-43.39537811279297,-22.464157104492188],[-43.38330078124994,-22.460563659667912],[-43.37068557739258,-22.451868057250977],[-43.371494293212834,-22.446935653686523],[-43.377262115478516,-22.44348526000971],[-43.371944427490234,-22.441635131835938],[-43.37377166748041,-22.43509864807129],[-43.36238479614258,-22.425783157348633],[-43.36119079589838,-22.42015838623047],[-43.33810424804682,-22.41584587097168],[-43.33513641357422,-22.405527114868164],[-43.327964782714844,-22.402250289916935],[-43.32704925537104,-22.39525985717762],[-43.319412231445256,-22.391149520874023],[-43.31835556030268,-22.384532928466797],[-43.31331253051752,-22.37984848022461],[-43.30554962158203,-22.377292633056584],[-43.289344787597656,-22.363943099975586],[-43.28326416015619,-22.364038467407227],[-43.32978057861328,-22.295616149902344],[-43.34913635253906,-22.2750625610351],[-43.505889892578125,-22.311166763305607],[-43.51394271850586,-22.329570770263672],[-43.513248443603516,-22.334161758422795],[-43.507137298583984,-22.332611083984375],[-43.498497009277344,-22.364612579345646],[-43.49522399902344,-22.370418548583984],[-43.4883079528808,-22.373571395874023],[-43.48907852172846,-22.378910064697266],[-43.502700805664006,-22.392087936401367],[-43.50808334350586,-22.401691436767578],[-43.49300003051752,-22.41779136657709]]]},"properties":{"id_cidade":3303856,"cidade":"Paty do Alferes","id_microrregiao":330614,"id_mesorregiao":3306,"id_estado":33,"id_regiao":3}},{"type":"Feature","geometry":{"type":"Polygon","coordinates":[[[-43.296661376953125,-22.475742340087834],[-43.275997161865234,-22.48837661743164],[-43.23838424682617,-22.51041221618641],[-43.233020782470646,-22.519269943237248],[-43.22671508789057,-22.51666831970215],[-43.22162628173828,-22.521238327026367],[-43.22610855102539,-22.52315711975092],[-43.22669219970703,-22.529003143310547],[-43.23377609252924,-22.522806167602482],[-43.24643325805664,-22.52693557739252],[-43.25294113159174,-22.54298400878895],[-43.2607421875,-22.561254501342773],[-43.25463104248047,-22.575149536132812],[-43.225242614746094,-22.563735961914006],[-43.19635772705078,-22.561866760253793],[-43.14963150024414,-22.539012908935547],[-43.12260818481445,-22.530561447143555],[-43.10779190063471,-22.533470153808594],[-43.07146453857416,-22.504505157470703],[-43.0711555480957,-22.498725891113224],[-43.077671051025334,-22.491416931152344],[-43.08035278320301,-22.49013137817377],[-43.078125,-22.487049102783203],[-43.0622673034668,-22.483650207519474],[-43.05596160888672,-22.47940444946289],[-43.05818557739258,-22.47473907470703],[-43.05535125732416,-22.467481613159123],[-43.0478515625,-22.46023178100586],[-43.04235076904297,-22.459745407104435],[-43.04074096679682,-22.455921173095703],[-43.03337860107422,-22.46204376220703],[-43.025993347167855,-22.455324172973633],[-43.02415466308588,-22.442350387573242],[-43.02240753173828,-22.440650939941293],[-43.03248977661133,-22.433374404907227],[-43.03540420532221,-22.42356872558588],[-43.03190994262684,-22.420186996459904],[-43.0387725830077,-22.416385650634766],[-43.02779388427729,-22.392980575561467],[-43.034019470214844,-22.39014434814453],[-43.02943801879883,-22.377748489379826],[-43.03413391113281,-22.369951248168945],[-43.02484512329096,-22.35980796813959],[-43.02037811279297,-22.355669021606445],[-43.026710510253906,-22.35279464721674],[-43.0282096862793,-22.34579086303711],[-43.03390884399403,-22.344987869262695],[-43.02544021606445,-22.33938217163086],[-43.03030014038086,-22.338556289672795],[-43.0340461730957,-22.328636169433594],[-43.0484619140625,-22.32707405090332],[-43.044303894042855,-22.318265914916992],[-43.03943252563471,-22.31183624267578],[-43.0247688293457,-22.306900024414062],[-43.01321792602528,-22.298791885375863],[-43.017105102539006,-22.290111541748047],[-43.00562286376953,-22.287542343139535],[-42.99704360961914,-22.28113365173334],[-43.01793670654297,-22.276172637939453],[-43.023563385009766,-22.263702392578125],[-43.014190673828125,-22.248369216918945],[-43.01874923706043,-22.245832443237248],[-43.02005004882807,-22.242128372192326],[-43.01393508911133,-22.238147735595703],[-43.009689331054574,-22.22933387756342],[-43.01865768432617,-22.224119186401254],[-43.02347183227539,-22.210996627807617],[-43.02667236328125,-22.205980300903263],[-43.02922058105463,-22.20350837707514],[-43.04746627807617,-22.208782196044865],[-43.0645637512207,-22.218301773071175],[-43.08118820190424,-22.227886199951058],[-43.08935546875,-22.237215042114258],[-43.09393310546875,-22.2421817779541],[-43.09101486206049,-22.250776290893555],[-43.09048843383789,-22.26156997680664],[-43.09507369995117,-22.26635551452631],[-43.101325988769474,-22.264514923095703],[-43.1090469360351,-22.282114028930664],[-43.11054611206055,-22.28382110595703],[-43.12704086303711,-22.275291442871094],[-43.12936019897455,-22.27904319763178],[-43.13755035400385,-22.294782638549748],[-43.145545959472656,-22.297527313232422],[-43.14630126953125,-22.304540634155273],[-43.151374816894474,-22.30796241760254],[-43.155857086181584,-22.306785583496094],[-43.161468505859375,-22.311328887939396],[-43.17329788208008,-22.309747695922795],[-43.174751281738224,-22.312570571899414],[-43.181495666503906,-22.301073074340763],[-43.20177459716797,-22.30352210998535],[-43.20916748046869,-22.299217224121037],[-43.216716766357365,-22.305313110351506],[-43.223907470703125,-22.30491065979004],[-43.2280540466308,-22.310321807861328],[-43.23610305786133,-22.31173896789545],[-43.24143981933594,-22.303508758544865],[-43.24747085571289,-22.307086944580078],[-43.248409271240234,-22.311527252197152],[-43.250022888183594,-22.314413070678654],[-43.253787994384766,-22.314109802246094],[-43.26399612426752,-22.32231712341303],[-43.26268768310541,-22.334230422973633],[-43.269203186035156,-22.33512687683094],[-43.26902389526367,-22.340276718139535],[-43.27437973022461,-22.346492767333928],[-43.28326416015619,-22.364038467407227],[-43.289344787597656,-22.363943099975586],[-43.30554962158203,-22.377292633056584],[-43.31331253051752,-22.37984848022461],[-43.31835556030268,-22.384532928466797],[-43.319412231445256,-22.391149520874023],[-43.32704925537104,-22.39525985717762],[-43.327964782714844,-22.402250289916935],[-43.33513641357422,-22.405527114868164],[-43.33810424804682,-22.41584587097168],[-43.36119079589838,-22.42015838623047],[-43.36238479614258,-22.425783157348633],[-43.37377166748041,-22.43509864807129],[-43.371944427490234,-22.441635131835938],[-43.377262115478516,-22.44348526000971],[-43.371494293212834,-22.446935653686523],[-43.37068557739258,-22.451868057250977],[-43.36563491821289,-22.453365325927734],[-43.35137939453119,-22.44887924194336],[-43.34999465942383,-22.451646804809513],[-43.34233474731445,-22.451774597167912],[-43.32364273071289,-22.458126068115234],[-43.31298828125,-22.45514488220215],[-43.306217193603516,-22.45731544494629],[-43.298583984375,-22.452224731445312],[-43.28877258300781,-22.460447311401367],[-43.29155349731445,-22.464893341064453],[-43.297637939453125,-22.46471214294428],[-43.30038070678711,-22.47144699096674],[-43.30337905883789,-22.474647521972656],[-43.296661376953125,-22.475742340087834]]]},"properties":{"id_cidade":3303906,"cidade":"Petrópolis","id_microrregiao":330615,"id_mesorregiao":3306,"id_estado":33,"id_regiao":3}},{"type":"Feature","geometry":{"type":"Polygon","coordinates":[[[-44.06819534301758,-22.592151641845703],[-44.03938674926758,-22.58188819885254],[-44.024089813232365,-22.58078193664545],[-44.01116943359375,-22.5856876373291],[-44.003398895263615,-22.583869934081974],[-43.99620056152344,-22.580881118774357],[-43.99434280395502,-22.5719757080077],[-43.994060516357365,-22.57143783569336],[-43.99266815185547,-22.561384201049805],[-43.98297119140619,-22.548305511474553],[-43.95650100708008,-22.56302261352539],[-43.91523361206055,-22.522527694702035],[-43.912693023681584,-22.52063369750971],[-43.94358825683588,-22.51526451110834],[-43.952308654785156,-22.519338607788086],[-43.98064422607422,-22.51557540893549],[-43.9922256469726,-22.517131805419865],[-43.9988899230957,-22.51405715942377],[-44.003284454345646,-22.509225845336914],[-44.00422286987305,-22.5000381469726],[-44.01702117919916,-22.486482620239258],[-44.0210075378418,-22.484294891357365],[-44.02716827392578,-22.48621749877924],[-44.03070068359375,-22.497173309326115],[-44.03120803833008,-22.504377365112248],[-44.02808761596674,-22.50726127624506],[-44.02977752685547,-22.52013397216797],[-44.03569793701172,-22.531333923339787],[-44.03305816650385,-22.538427352905217],[-44.03800964355463,-22.540605545043945],[-44.04138946533203,-22.551614761352425],[-44.05439376831055,-22.55359649658203],[-44.06819534301758,-22.592151641845703]]]},"properties":{"id_cidade":3303955,"cidade":"Pinheiral","id_microrregiao":330511,"id_mesorregiao":3305,"id_estado":33,"id_regiao":3}},{"type":"Feature","geometry":{"type":"Polygon","coordinates":[[[-43.87928009033203,-22.812053680419922],[-43.86987304687494,-22.80779457092285],[-43.83902359008789,-22.798147201538086],[-43.823162078857365,-22.78313255310053],[-43.82327651977539,-22.77671051025385],[-43.81291580200195,-22.77166175842285],[-43.82192230224604,-22.766353607177734],[-43.8288841247558,-22.767856597900277],[-43.83797836303711,-22.7606201171875],[-43.83958435058594,-22.75503349304188],[-43.834556579589844,-22.751188278198185],[-43.83641815185541,-22.74584007263178],[-43.83261489868153,-22.741071701049748],[-43.83291244506836,-22.72992706298828],[-43.78547286987299,-22.692564010620004],[-43.80461120605469,-22.69113540649414],[-43.81036758422846,-22.68789482116688],[-43.815555572509766,-22.686994552612305],[-43.814632415771484,-22.681871414184513],[-43.820026397704964,-22.679452896118164],[-43.817798614501896,-22.67420959472645],[-43.817108154296875,-22.66770935058588],[-43.825225830078125,-22.657886505126896],[-43.834804534911996,-22.65590476989746],[-43.83980178833008,-22.648582458496094],[-43.821224212646484,-22.638456344604435],[-43.79989242553705,-22.62597465515131],[-43.79389190673817,-22.614606857299805],[-43.778968811035156,-22.611709594726506],[-43.77217102050781,-22.60679054260254],[-43.77569580078125,-22.59759902954096],[-43.77177810668945,-22.59064865112299],[-43.77814102172846,-22.581634521484375],[-43.77688598632807,-22.56708145141596],[-43.782588958740234,-22.564491271972656],[-43.78837203979492,-22.5505752563476],[-43.79623031616211,-22.551034927368107],[-43.79780960083008,-22.551914215087834],[-43.80900192260742,-22.553863525390625],[-43.81244659423828,-22.548341751098576],[-43.8178596496582,-22.54827880859375],[-43.81716156005848,-22.536134719848576],[-43.82029724121088,-22.534099578857365],[-43.80511474609369,-22.52136039733881],[-43.81174850463867,-22.512039184570312],[-43.82447433471674,-22.51710128784174],[-43.84011077880854,-22.51049613952631],[-43.84477996826172,-22.503650665283203],[-43.85477828979492,-22.507114410400334],[-43.85417556762695,-22.516681671142578],[-43.865032196044865,-22.524105072021484],[-43.865474700927734,-22.52911758422846],[-43.912693023681584,-22.52063369750971],[-43.91523361206055,-22.522527694702035],[-43.95650100708008,-22.56302261352539],[-43.98297119140619,-22.548305511474553],[-43.99266815185547,-22.561384201049805],[-43.994060516357365,-22.57143783569336],[-43.99434280395502,-22.5719757080077],[-43.99620056152344,-22.580881118774357],[-44.003398895263615,-22.583869934081974],[-44.01116943359375,-22.5856876373291],[-44.024089813232365,-22.58078193664545],[-44.03938674926758,-22.58188819885254],[-44.06819534301758,-22.592151641845703],[-44.086143493652344,-22.642288208007812],[-44.08872985839844,-22.648691177368107],[-44.0803337097168,-22.647214889526367],[-44.085132598876896,-22.653463363647347],[-44.08447647094715,-22.672372817993164],[-44.07951354980463,-22.680721282958984],[-44.07805633544916,-22.68248176574707],[-44.07583999633789,-22.681169509887695],[-44.07886505126953,-22.671537399291992],[-44.074451446533146,-22.669416427612305],[-44.075252532958984,-22.666219711303654],[-44.07091522216791,-22.655387878417912],[-44.05683898925781,-22.6482696533202],[-44.04848098754883,-22.639835357666016],[-44.0286979675293,-22.640348434448242],[-44.02414321899414,-22.64384651184082],[-44.017860412597656,-22.640575408935547],[-44.009254455566406,-22.65187454223627],[-44.017810821533146,-22.663255691528263],[-44.01669692993164,-22.66998672485346],[-44.02089309692383,-22.675678253173828],[-44.0109748840332,-22.684904098510685],[-44.003089904785156,-22.686777114868164],[-43.993648529052734,-22.684049606323185],[-43.97133636474604,-22.662328720092717],[-43.96083450317383,-22.66363334655756],[-43.95798110961914,-22.685333251953068],[-43.95436477661127,-22.684476852416992],[-43.942546844482365,-22.696203231811523],[-43.946949005126896,-22.702928543090763],[-43.94330978393549,-22.71112632751459],[-43.931365966796875,-22.708944320678654],[-43.92741775512695,-22.700714111328068],[-43.923057556152344,-22.699344635009766],[-43.91977691650379,-22.699140548705998],[-43.91333770751953,-22.707189559936523],[-43.91261672973627,-22.71366310119629],[-43.90238952636713,-22.70882034301752],[-43.89967727661133,-22.709678649902287],[-43.893447875976506,-22.708770751953125],[-43.88906097412104,-22.701887130737248],[-43.881752014160156,-22.701955795288086],[-43.88314819335932,-22.711034774780217],[-43.87994384765625,-22.714046478271428],[-43.88066864013666,-22.728195190429688],[-43.885059356689396,-22.728183746337777],[-43.88528060913086,-22.732065200805664],[-43.8907737731933,-22.735054016113168],[-43.89869308471674,-22.734458923339787],[-43.89866256713867,-22.744039535522404],[-43.903640747070256,-22.744548797607422],[-43.902423858642464,-22.74917984008789],[-43.907615661621094,-22.748584747314396],[-43.90559005737305,-22.75315093994135],[-43.88619613647455,-22.756225585937386],[-43.8898353576659,-22.75923728942871],[-43.88672637939453,-22.76355361938471],[-43.89177703857422,-22.766050338745117],[-43.88913726806635,-22.77426338195795],[-43.89591979980463,-22.77743148803711],[-43.89158248901367,-22.780864715576172],[-43.89167404174805,-22.789768218994084],[-43.885417938232365,-22.794334411621037],[-43.88547134399414,-22.804708480834904],[-43.87928009033203,-22.812053680419922]]]},"properties":{"id_cidade":3304003,"cidade":"Piraí","id_microrregiao":330511,"id_mesorregiao":3305,"id_estado":33,"id_regiao":3}},{"type":"Feature","geometry":{"type":"Polygon","coordinates":[[[-41.775760650634766,-20.799884796142578],[-41.79442214965809,-20.7989559173584],[-41.801143646240234,-20.805572509765568],[-41.813804626464844,-20.805265426635742],[-41.80700302124018,-20.797639846801758],[-41.816814422607365,-20.8009357452392],[-41.82846832275379,-20.796602249145508],[-41.825531005859375,-20.78858566284174],[-41.84808731079096,-20.77513122558588],[-41.853790283203125,-20.764144897460938],[-41.871765136718636,-20.767257690429688],[-41.87298965454096,-20.76642417907709],[-41.87485885620117,-20.766815185546875],[-41.8734130859375,-20.770931243896428],[-41.87902069091797,-20.774101257324162],[-41.87874984741211,-20.778717041015625],[-41.8855094909668,-20.78528594970703],[-41.8966445922851,-20.789508819580078],[-41.90114974975586,-20.796241760253906],[-41.906257629394474,-20.797235488891488],[-41.915996551513615,-20.79278945922846],[-41.92808151245117,-20.794990539550668],[-41.925289154052734,-20.801576614379883],[-41.9353408813476,-20.828559875488168],[-41.92612075805653,-20.838081359863224],[-41.92961883544916,-20.844961166381836],[-41.93559265136719,-20.85464286804188],[-41.94973373413086,-20.857955932617188],[-41.954673767089844,-20.86550521850586],[-41.950279235839844,-20.87440109252924],[-41.960365295410156,-20.88282775878895],[-41.96514129638672,-20.892864227294922],[-41.96740722656244,-20.899900436401367],[-41.96403884887695,-20.906507492065373],[-41.967281341552734,-20.916835784912053],[-41.9728164672851,-20.916112899780273],[-41.97959136962885,-20.922357559203988],[-41.97661209106445,-20.935501098632812],[-41.99862289428711,-20.926467895507756],[-42.004539489746094,-20.932031631469727],[-42.0233154296875,-20.92547416687006],[-42.02772521972656,-20.928129196166992],[-42.038482666015625,-20.92745018005371],[-42.0461311340332,-20.93324661254877],[-42.06569290161133,-20.938634872436467],[-42.08739089965809,-20.939144134521484],[-42.093528747558594,-20.93620491027832],[-42.109371185302734,-20.947965621948242],[-42.115177154541016,-20.950231552124023],[-42.11553955078125,-20.9592227935791],[-42.12181472778309,-20.959735870361328],[-42.12543106079096,-20.955839157104492],[-42.13835144042969,-20.960554122924805],[-42.1516227722168,-20.97438049316395],[-42.150543212890625,-20.98061752319336],[-42.14152526855463,-20.987096786498967],[-42.14118576049805,-20.99315071105957],[-42.12644577026367,-21.003583908080998],[-42.11695861816406,-21.00258445739746],[-42.11573028564453,-21.009914398193303],[-42.10922622680653,-21.01462745666504],[-42.102645874023324,-21.01446342468256],[-42.084861755371094,-21.02288055419922],[-42.06664276123047,-21.025842666625977],[-42.060035705566406,-21.02182388305664],[-42.05086517333973,-21.023269653320256],[-42.04664230346674,-21.019929885864258],[-42.01227951049805,-21.013965606689453],[-42.00417709350586,-21.010084152221623],[-42.0037841796875,-21.010900497436523],[-42.002262115478516,-21.010351181030217],[-42.00030899047846,-20.99628257751465],[-42.004451751708984,-20.99275588989252],[-42.000343322753906,-20.98456954956049],[-42.003059387206974,-20.9827880859375],[-42.00295257568354,-20.976896286010685],[-42.000335693359375,-20.976795196533203],[-42.00239944458002,-20.9676513671875],[-41.980873107910156,-20.95705795288086],[-41.97961425781244,-20.95976448059082],[-41.9522590637207,-20.96010971069336],[-41.94892501831055,-20.93930435180664],[-41.94347763061512,-20.938581466674805],[-41.938388824462834,-20.94672966003418],[-41.932918548583984,-20.944271087646484],[-41.926506042480355,-20.933155059814396],[-41.91139602661133,-20.929288864135685],[-41.90570068359369,-20.924528121948185],[-41.896152496337834,-20.927774429321232],[-41.88350296020508,-20.925302505493107],[-41.89255523681629,-20.91333389282221],[-41.89995956420893,-20.90259552001953],[-41.903812408447266,-20.901885986328068],[-41.90446472167963,-20.877994537353516],[-41.9034423828125,-20.87689590454096],[-41.86975860595692,-20.869239807128906],[-41.86225509643555,-20.863975524902344],[-41.859317779541016,-20.856279373168945],[-41.85225296020508,-20.85631179809559],[-41.8269309997558,-20.841571807861328],[-41.80934143066406,-20.82895278930664],[-41.799751281738224,-20.81556510925293],[-41.786643981933594,-20.80994033813471],[-41.775760650634766,-20.799884796142578]]]},"properties":{"id_cidade":3304102,"cidade":"Porciúncula","id_microrregiao":330101,"id_mesorregiao":3301,"id_estado":33,"id_regiao":3}},{"type":"Feature","geometry":{"type":"Polygon","coordinates":[[[-44.3300895690918,-22.491662979125977],[-44.33665084838867,-22.469745635986328],[-44.33314895629883,-22.467472076416016],[-44.319534301757756,-22.46894454956049],[-44.308307647704964,-22.452844619750977],[-44.30159759521479,-22.447877883911133],[-44.2983283996582,-22.44123077392578],[-44.27852249145502,-22.41921615600586],[-44.27494430541992,-22.41257667541504],[-44.27439880371094,-22.406278610229492],[-44.30736541748047,-22.397659301757812],[-44.31467437744135,-22.402778625488224],[-44.325733184814396,-22.414707183837834],[-44.33744430541992,-22.414899826049805],[-44.35116958618164,-22.413913726806584],[-44.34970474243164,-22.43379020690918],[-44.355628967285156,-22.44462585449213],[-44.37004852294922,-22.453851699829045],[-44.373325347900334,-22.461652755737248],[-44.36691665649414,-22.465875625610238],[-44.36386871337885,-22.4697208404541],[-44.36295700073242,-22.476566314697266],[-44.35105895996094,-22.491592407226562],[-44.3300895690918,-22.491662979125977]]]},"properties":{"id_cidade":3304110,"cidade":"Porto Real","id_microrregiao":330511,"id_mesorregiao":3305,"id_estado":33,"id_regiao":3}},{"type":"Feature","geometry":{"type":"Polygon","coordinates":[[[-44.31467437744135,-22.402778625488224],[-44.30736541748047,-22.397659301757812],[-44.27439880371094,-22.406278610229492],[-44.27494430541992,-22.41257667541504],[-44.27852249145502,-22.41921615600586],[-44.2983283996582,-22.44123077392578],[-44.30159759521479,-22.447877883911133],[-44.29769897460932,-22.450679779052734],[-44.289966583251896,-22.455493927001896],[-44.287078857421875,-22.4587345123291],[-44.259033203125,-22.475343704223633],[-44.2572021484375,-22.482826232910156],[-44.246726989746094,-22.485488891601562],[-44.24114608764643,-22.487508773803654],[-44.23417663574213,-22.483842849731445],[-44.23106384277344,-22.477210998535156],[-44.22198104858393,-22.4800186157226],[-44.22523117065424,-22.474422454833984],[-44.221591949462834,-22.47315788269043],[-44.21772384643555,-22.46368408203125],[-44.2220840454101,-22.463970184326172],[-44.22561645507807,-22.45853233337391],[-44.22564697265625,-22.4547119140625],[-44.2198371887207,-22.453380584716797],[-44.22158813476557,-22.43509864807129],[-44.21834945678705,-22.433143615722656],[-44.21652984619135,-22.422674179077035],[-44.21142578125,-22.419143676757812],[-44.214088439941406,-22.412635803222656],[-44.21208953857422,-22.403863906860295],[-44.204700469970646,-22.39344787597645],[-44.20786285400385,-22.38702964782715],[-44.20273590087879,-22.383836746215763],[-44.18703079223633,-22.380899429321232],[-44.17186737060547,-22.37525177001953],[-44.15714645385731,-22.375810623168945],[-44.1552848815918,-22.37289237976063],[-44.168609619140625,-22.332931518554688],[-44.147464752197266,-22.3311252593993],[-44.14811706542969,-22.320566177368164],[-44.15478515625,-22.31819534301752],[-44.15753936767578,-22.31281280517578],[-44.1464729309082,-22.302595138549748],[-44.1462287902832,-22.296009063720703],[-44.150642395019474,-22.2935848236084],[-44.146564483642464,-22.281265258789006],[-44.16859054565418,-22.270370483398438],[-44.156753540039006,-22.25766181945795],[-44.157005310058594,-22.25250244140625],[-44.15942382812494,-22.249536514282227],[-44.16425704956055,-22.252147674560547],[-44.17553329467768,-22.241823196411076],[-44.18019866943354,-22.24374580383295],[-44.181785583496094,-22.24010467529297],[-44.189483642578125,-22.240709304809513],[-44.201648712158146,-22.25155830383295],[-44.20380783081055,-22.248832702636662],[-44.20848083496094,-22.251052856445256],[-44.213279724121094,-22.246257781982365],[-44.22439193725586,-22.252985000610295],[-44.22433853149414,-22.25931739807129],[-44.235427856445256,-22.266197204589787],[-44.23909378051758,-22.26293182373047],[-44.246677398681584,-22.266998291015625],[-44.25075149536133,-22.26068687438965],[-44.26024246215809,-22.268360137939453],[-44.258934020996094,-22.28363227844227],[-44.25709915161133,-22.286445617675668],[-44.256446838378906,-22.29086494445795],[-44.25975799560541,-22.3010196685791],[-44.236763000488224,-22.315134048461914],[-44.239112854003906,-22.318176269531193],[-44.24482727050781,-22.31568527221674],[-44.261951446533146,-22.304260253906193],[-44.27164077758789,-22.310155868530273],[-44.27231216430664,-22.320322036743107],[-44.29259490966797,-22.31920623779297],[-44.30102920532221,-22.328458786010742],[-44.31848144531244,-22.3355712890625],[-44.32770919799805,-22.33249855041504],[-44.33295822143555,-22.343210220336857],[-44.332069396972656,-22.357120513916016],[-44.340484619140625,-22.35992622375477],[-44.3401260375976,-22.368513107299805],[-44.34201431274414,-22.377916336059513],[-44.33326339721674,-22.384916305541992],[-44.33559799194336,-22.388683319091797],[-44.32870101928705,-22.396072387695312],[-44.31467437744135,-22.402778625488224]]]},"properties":{"id_cidade":3304128,"cidade":"Quatis","id_microrregiao":330511,"id_mesorregiao":3305,"id_estado":33,"id_regiao":3}},{"type":"Feature","geometry":{"type":"Polygon","coordinates":[[[-43.63496780395508,-22.782989501953068],[-43.62336349487299,-22.78253555297846],[-43.6226692199707,-22.774877548217773],[-43.62716674804682,-22.77223014831543],[-43.61705017089838,-22.763339996337834],[-43.613052368164006,-22.74808692932129],[-43.60194778442383,-22.747465133666935],[-43.59313583374018,-22.7544002532959],[-43.569358825683594,-22.75292205810547],[-43.55979537963867,-22.75806236267084],[-43.541969299316406,-22.75433158874506],[-43.535186767578125,-22.75163459777832],[-43.534828186035156,-22.74825477600092],[-43.53232955932617,-22.73866844177246],[-43.54263687133789,-22.735898971557617],[-43.538246154785156,-22.717605590820312],[-43.54194641113281,-22.715173721313477],[-43.534996032714844,-22.707834243774414],[-43.53608322143549,-22.703466415405273],[-43.52149581909174,-22.694494247436523],[-43.514305114746094,-22.694309234619084],[-43.51373291015625,-22.690689086914006],[-43.534301757812386,-22.68853759765625],[-43.542049407958984,-22.68010139465332],[-43.55647277832031,-22.678539276123047],[-43.556995391845646,-22.68901824951172],[-43.585235595703125,-22.692214965820256],[-43.59727478027344,-22.6849746704101],[-43.60383224487305,-22.692001342773438],[-43.610214233398324,-22.691921234130803],[-43.61433410644531,-22.699110031127873],[-43.62905502319336,-22.721910476684513],[-43.63872528076166,-22.719966888427678],[-43.640625,-22.728319168090763],[-43.644443511962834,-22.737131118774414],[-43.64399719238281,-22.7543106079101],[-43.632293701171875,-22.774898529052678],[-43.63496780395508,-22.782989501953068]]]},"properties":{"id_cidade":3304144,"cidade":"Queimados","id_microrregiao":330618,"id_mesorregiao":3306,"id_estado":33,"id_regiao":3}},{"type":"Feature","geometry":{"type":"Polygon","coordinates":[[[-41.69319152832031,-22.109081268310547],[-41.63820266723627,-22.123079299926758],[-41.59265899658203,-22.13464927673334],[-41.57471466064453,-22.139251708984375],[-41.557437896728516,-22.155754089355412],[-41.55260467529297,-22.164752960204964],[-41.547523498535156,-22.179353713989258],[-41.54365158081055,-22.187118530273438],[-41.539127349853516,-22.190338134765625],[-41.53905487060547,-22.1962833404541],[-41.549537658691406,-22.2005996704101],[-41.55326461791992,-22.20192527770996],[-41.54751968383789,-22.220487594604435],[-41.54927444458008,-22.225326538085938],[-41.534545898437386,-22.229164123535156],[-41.53794097900385,-22.232639312744084],[-41.53597259521473,-22.232360839843693],[-41.534584045410156,-22.231250762939453],[-41.5323600769043,-22.230138778686523],[-41.53125,-22.230138778686523],[-41.53097152709961,-22.229585647583008],[-41.52930450439453,-22.22930335998535],[-41.527915954589844,-22.228473663330078],[-41.52708435058588,-22.227638244628906],[-41.52541732788086,-22.227638244628906],[-41.52486038208008,-22.227081298828125],[-41.522640228271484,-22.227081298828125],[-41.5220832824707,-22.22569465637207],[-41.52041625976557,-22.22541618347168],[-41.51874923706055,-22.22458267211914],[-41.51541519165039,-22.223194122314396],[-41.51486206054682,-22.222637176513615],[-41.512638092041016,-22.222084045410156],[-41.50930404663086,-22.220972061157113],[-41.508472442626896,-22.22041893005371],[-41.506248474121094,-22.21958351135254],[-41.50569534301758,-22.21902847290039],[-41.504585266113224,-22.21902847290039],[-41.504028320312386,-22.21958351135254],[-41.501804351806584,-22.21875],[-41.50041580200195,-22.21875],[-41.49958419799805,-22.218196868896484],[-41.49791717529291,-22.217916488647404],[-41.4970817565918,-22.217084884643555],[-41.49652862548828,-22.215974807739258],[-41.494861602783146,-22.215974807739258],[-41.493194580078125,-22.215692520141545],[-41.49041748046875,-22.214584350585938],[-41.488750457763615,-22.213752746581974],[-41.488750457763615,-22.212917327880746],[-41.48652648925781,-22.212917327880746],[-41.48597335815424,-22.212360382080078],[-41.48458480834961,-22.212360382080078],[-41.48374938964844,-22.211805343627873],[-41.48125076293945,-22.211805343627873],[-41.48069381713867,-22.21125030517578],[-41.47958374023432,-22.21125030517578],[-41.47930526733393,-22.210695266723633],[-41.47819519042969,-22.210695266723633],[-41.477638244628906,-22.20986175537098],[-41.474029541015625,-22.209028244018498],[-41.472637176513615,-22.209028244018498],[-41.472084045410156,-22.207916259765625],[-41.47069549560547,-22.207361221313477],[-41.46875,-22.207361221313477],[-41.467082977294865,-22.207639694213867],[-41.466526031494084,-22.207082748413086],[-41.465415954589844,-22.207082748413086],[-41.465415954589844,-22.206249237060547],[-41.464027404785156,-22.20569419860834],[-41.46014022827143,-22.20569419860834],[-41.4587516784668,-22.20486068725586],[-41.457916259765625,-22.20486068725586],[-41.455970764160156,-22.20402717590332],[-41.45430374145502,-22.202917098998967],[-41.453472137451115,-22.202917098998967],[-41.452083587646484,-22.202081680297795],[-41.447917938232365,-22.202081680297795],[-41.44708251953119,-22.20097351074213],[-41.4448623657226,-22.20097351074213],[-41.44347381591797,-22.200693130493164],[-41.44319534301758,-22.19986343383789],[-41.44097137451166,-22.19986343383789],[-41.44041824340809,-22.19930648803711],[-41.439029693603516,-22.19930458068842],[-41.436805725097656,-22.198749542236328],[-41.43597412109375,-22.19819450378418],[-41.43375015258789,-22.19791603088379],[-41.432918548583984,-22.197359085083008],[-41.430694580078125,-22.197082519531136],[-41.42986297607422,-22.196527481079045],[-41.4287490844726,-22.196527481079045],[-41.42541503906244,-22.19541740417469],[-41.42458343505848,-22.194860458374023],[-41.422916412353516,-22.194860458374023],[-41.42208480834955,-22.194305419921818],[-41.41930389404291,-22.193750381469727],[-41.416805267333984,-22.193750381469727],[-41.414306640625,-22.19347190856928],[-41.414306640625,-22.192638397216797],[-41.41319274902344,-22.192361831664925],[-41.411251068115234,-22.192361831664925],[-41.41013717651367,-22.191528320312443],[-41.40819549560547,-22.191528320312443],[-41.40458297729492,-22.19069671630848],[-41.401248931884766,-22.189306259155217],[-41.39986038208002,-22.18902778625477],[-41.399307250976506,-22.188474655151367],[-41.39791488647461,-22.188474655151367],[-41.396804809570256,-22.187915802001896],[-41.39236068725586,-22.187915802001896],[-41.39236068725586,-22.186527252197266],[-41.39152908325195,-22.186527252197266],[-41.39152908325195,-22.187915802001896],[-41.38958358764637,-22.187915802001896],[-41.389305114746094,-22.186527252197266],[-41.38708496093744,-22.18625259399414],[-41.38652801513666,-22.185693740844727],[-41.38291549682617,-22.185693740844727],[-41.381526947021484,-22.18486022949213],[-41.37985992431629,-22.1834716796875],[-41.37680435180653,-22.1834716796875],[-41.3743057250976,-22.182638168334847],[-41.37291717529297,-22.181526184081974],[-41.371250152587834,-22.180973052978516],[-41.36791610717768,-22.180973052978516],[-41.366249084472656,-22.17986106872553],[-41.36375045776367,-22.17958259582508],[-41.3629150390625,-22.1784725189209],[-41.361804962158146,-22.1784725189209],[-41.360694885253906,-22.177917480468636],[-41.35763931274403,-22.177917480468636],[-41.356529235839844,-22.177085876464844],[-41.35486221313471,-22.177085876464844],[-41.354305267333984,-22.176250457763672],[-41.352638244628906,-22.176527023315373],[-41.35180664062494,-22.175695419311523],[-41.35013961791992,-22.175695419311523],[-41.34847259521479,-22.175138473510742],[-41.3459739685058,-22.175138473510742],[-41.34402847290039,-22.174303054809513],[-41.34291839599604,-22.174303054809513],[-41.340972900390625,-22.173471450805607],[-41.340694427490234,-22.172916412353516],[-41.33847045898426,-22.172916412353516],[-41.336250305175724,-22.172082901000977],[-41.334861755371094,-22.172082901000977],[-41.3345832824707,-22.171527862548714],[-41.33208465576172,-22.171527862548714],[-41.33124923706055,-22.170694351196232],[-41.32958221435541,-22.170694351196232],[-41.32791519165039,-22.17041587829584],[-41.32708358764643,-22.16986083984375],[-41.3256950378418,-22.169584274291992],[-41.32374954223627,-22.169582366943303],[-41.32263946533192,-22.1693058013916],[-41.321250915527344,-22.16847229003895],[-41.319305419921875,-22.168193817138672],[-41.317085266113224,-22.168193817138672],[-41.31597137451172,-22.167917251586857],[-41.31569290161133,-22.167083740234375],[-41.31319427490223,-22.166805267333984],[-41.31013870239252,-22.16541671752924],[-41.30764007568354,-22.165138244628793],[-41.307361602783146,-22.1645832061767],[-41.306251525878906,-22.1645832061767],[-41.30486297607416,-22.16374969482422],[-41.30236053466797,-22.16374969482422],[-41.300415039062386,-22.16319465637207],[-41.300415039062386,-22.162639617919865],[-41.29875183105469,-22.162639617919865],[-41.29735946655268,-22.161806106567383],[-41.29319381713867,-22.161806106567383],[-41.29291534423828,-22.161249160766545],[-41.29152679443354,-22.160692214965763],[-41.28958511352539,-22.160692214965763],[-41.28902816772461,-22.160139083862305],[-41.287918090820256,-22.160139083862305],[-41.28736114501953,-22.159582138061523],[-41.285137176513615,-22.15930557250971],[-41.284027099609375,-22.15819358825678],[-41.28236007690424,-22.15819358825678],[-41.27847290039057,-22.157638549804688],[-41.27569580078119,-22.156528472900334],[-41.27458190917969,-22.156528472900334],[-41.273193359375,-22.15541648864746],[-41.270973205566406,-22.15541648864746],[-41.26930618286127,-22.154582977294922],[-41.26791763305664,-22.154582977294922],[-41.265140533447266,-22.153194427490178],[-41.26374816894531,-22.153194427490178],[-41.26291656494135,-22.152639389038086],[-41.26097106933594,-22.152639389038086],[-41.260139465331974,-22.152082443237248],[-41.2540283203125,-22.150138854980412],[-41.252918243408146,-22.150138854980412],[-41.251251220703125,-22.149585723876896],[-41.25069427490229,-22.14902687072754],[-41.249305725097656,-22.14902687072754],[-41.24375152587885,-22.146528244018555],[-41.24180603027344,-22.146528244018555],[-41.24041748046869,-22.145694732666016],[-41.23847198486328,-22.145416259765625],[-41.23680496215809,-22.144859313964844],[-41.2359733581543,-22.14402770996088],[-41.23430633544916,-22.14402770996088],[-41.23347091674793,-22.1431941986084],[-41.23152923583979,-22.142915725708008],[-41.230140686035156,-22.14236068725586],[-41.229862213134766,-22.141805648803654],[-41.22847366333002,-22.141250610351562],[-41.22708511352539,-22.141250610351562],[-41.225139617919865,-22.140138626098633],[-41.22402954101551,-22.140138626098633],[-41.22180557250971,-22.139305114746094],[-41.22124862670893,-22.13875007629389],[-41.21930694580078,-22.13875007629389],[-41.21902847290039,-22.137916564941406],[-41.21708297729492,-22.137083053588867],[-41.215972900390625,-22.137083053588867],[-41.21541595458979,-22.136528015136605],[-41.213470458984375,-22.136528015136605],[-41.21263885498047,-22.135414123535156],[-41.210140228271484,-22.13513946533203],[-41.20680618286133,-22.133752822875977],[-41.20680618286133,-22.13319206237793],[-41.20513916015619,-22.132917404174748],[-41.20458221435547,-22.132083892822266],[-41.20375061035156,-22.132083892822266],[-41.20264053344721,-22.131252288818303],[-41.200416564941406,-22.13041687011713],[-41.19902801513666,-22.13041687011713],[-41.19763946533203,-22.129861831664982],[-41.195693969726506,-22.12874984741211],[-41.194305419921875,-22.127639770507756],[-41.19235992431635,-22.127639770507756],[-41.19069290161133,-22.126249313354435],[-41.189304351806584,-22.126249313354435],[-41.188751220703125,-22.125417709350472],[-41.18763732910156,-22.125417709350472],[-41.18708419799799,-22.12458419799799],[-41.18624877929682,-22.12458419799799],[-41.1845817565918,-22.12347221374506],[-41.18402862548828,-22.122638702392578],[-41.18291854858393,-22.122638702392578],[-41.178749084472656,-22.120695114135742],[-41.178470611572266,-22.120138168334904],[-41.17708206176752,-22.120138168334904],[-41.175140380859375,-22.11902809143055],[-41.174583435058594,-22.118471145629883],[-41.17347335815424,-22.118471145629883],[-41.170696258544865,-22.11708259582514],[-41.16847229003906,-22.116527557373047],[-41.16847229003906,-22.115694046020508],[-41.16680526733387,-22.115694046020508],[-41.16569519042969,-22.11458396911621],[-41.16374969482416,-22.11347198486328],[-41.163471221923714,-22.112916946411076],[-41.16152954101557,-22.11263847351063],[-41.16041564941395,-22.111528396606445],[-41.158748626708984,-22.111528396606445],[-41.15819549560541,-22.110696792602482],[-41.15708160400379,-22.110696792602482],[-41.15680694580078,-22.10958480834961],[-41.155418395996094,-22.10958480834961],[-41.15263748168945,-22.107362747192326],[-41.15124893188471,-22.10708045959467],[-41.15097045898432,-22.106252670288086],[-41.14902877807617,-22.105138778686523],[-41.147361755371094,-22.105138778686523],[-41.1462516784668,-22.104860305786133],[-41.145973205566406,-22.103748321533203],[-41.14513778686518,-22.103748321533203],[-41.14402770996094,-22.102916717529297],[-41.143470764160156,-22.101804733276367],[-41.1423606872558,-22.101804733276367],[-41.14041519165039,-22.09986114501953],[-41.139583587646484,-22.09986114501953],[-41.13819503784168,-22.0987491607666],[-41.13819503784168,-22.098194122314453],[-41.13597106933588,-22.098194122314453],[-41.13458251953125,-22.097085952758732],[-41.13319396972656,-22.097085952758732],[-41.132637023925724,-22.094863891601562],[-41.132637023925724,-22.09291648864746],[-41.1323623657226,-22.091249465942326],[-41.13180541992176,-22.090644836425724],[-41.132358551025334,-22.090402603149357],[-41.14581298828119,-22.089908599853516],[-41.14159393310541,-22.09514045715332],[-41.14571380615229,-22.098775863647404],[-41.14907455444336,-22.09576988220215],[-41.152214050292855,-22.098957061767578],[-41.15217971801752,-22.095006942749023],[-41.15599060058594,-22.096481323242188],[-41.158626556396484,-22.09392547607422],[-41.1606826782226,-22.10213851928711],[-41.176876068115234,-22.095685958862305],[-41.17968368530262,-22.09922027587885],[-41.18951416015625,-22.09913253784174],[-41.18978881835926,-22.10039329528803],[-41.192367553710824,-22.100694656372013],[-41.19154739379883,-22.103574752807504],[-41.19579315185541,-22.10479736328125],[-41.19926452636719,-22.101825714111328],[-41.20151519775385,-22.104003906249886],[-41.20796203613281,-22.096586227416935],[-41.22379684448242,-22.097763061523438],[-41.23006820678711,-22.095397949218693],[-41.240379333496094,-22.09919548034668],[-41.257007598876896,-22.09967041015625],[-41.27729415893555,-22.0654354095459],[-41.30963134765619,-22.049053192138615],[-41.440410614013615,-21.9826602935791],[-41.45187759399414,-21.973852157592717],[-41.45307540893549,-21.9827938079834],[-41.466575622558594,-21.986248016357422],[-41.470439910888615,-22.000974655151367],[-41.47518539428711,-22.003202438354492],[-41.479827880859375,-21.999094009399414],[-41.493831634521484,-22.006921768188477],[-41.520164489746094,-22.017953872680664],[-41.5428581237793,-22.05336761474598],[-41.55779647827143,-22.054544448852482],[-41.560466766357365,-22.05383682250971],[-41.59056091308594,-22.047643661499023],[-41.59510803222656,-22.047058105468693],[-41.60152053833008,-22.051559448242188],[-41.61674880981434,-22.0467472076416],[-41.6240234375,-22.051223754882812],[-41.64287948608387,-22.053123474121094],[-41.652881622314396,-22.05849075317377],[-41.65800094604492,-22.057758331298828],[-41.662193298339844,-22.057966232299748],[-41.6634407043457,-22.068811416625977],[-41.66749572753906,-22.068456649780217],[-41.67530441284168,-22.07672500610346],[-41.69319152832031,-22.109081268310547]]]},"properties":{"id_cidade":3304151,"cidade":"Quissamã","id_microrregiao":330204,"id_mesorregiao":3302,"id_estado":33,"id_regiao":3}},{"type":"Feature","geometry":{"type":"Polygon","coordinates":[[[-44.66034698486328,-22.379558563232422],[-44.66643524169922,-22.373184204101562],[-44.678710937499886,-22.374210357666016],[-44.691577911376896,-22.370088577270508],[-44.7054824829101,-22.37330245971674],[-44.72393035888672,-22.35994529724121],[-44.73084640502924,-22.361614227294922],[-44.744400024414006,-22.376188278198242],[-44.761985778808594,-22.376245498657227],[-44.77595138549799,-22.384286880493164],[-44.7804336547851,-22.382762908935433],[-44.78753662109375,-22.38808250427246],[-44.79366683959961,-22.387081146240234],[-44.8039665222168,-22.39381790161127],[-44.809181213378906,-22.405263900756836],[-44.779380798339844,-22.40850257873535],[-44.76994323730463,-22.415121078491154],[-44.75504684448242,-22.4149169921875],[-44.74037170410156,-22.425725936889535],[-44.73016357421875,-22.44011497497553],[-44.719173431396484,-22.46566963195795],[-44.71853256225586,-22.46932029724121],[-44.72266006469721,-22.474306106567383],[-44.723838806152344,-22.48407745361328],[-44.72051239013672,-22.492324829101506],[-44.71245956420893,-22.493364334106445],[-44.71003723144531,-22.50040245056141],[-44.71564865112305,-22.51424217224121],[-44.70109558105463,-22.51111221313471],[-44.6959114074707,-22.518249511718693],[-44.68222808837885,-22.524967193603516],[-44.68037033081055,-22.526182174682617],[-44.6701545715332,-22.538948059081974],[-44.676216125488224,-22.545072555541992],[-44.677337646484375,-22.56097793579096],[-44.676727294921875,-22.561065673828068],[-44.66147994995117,-22.550926208496094],[-44.650299072265625,-22.55700302124012],[-44.64772033691395,-22.55282211303711],[-44.641677856445256,-22.559360504150334],[-44.64231872558594,-22.57762718200678],[-44.64706802368164,-22.584630966186523],[-44.645305633544865,-22.602554321289006],[-44.63566207885742,-22.608875274658146],[-44.63339996337885,-22.609222412109375],[-44.622241973876896,-22.60599708557129],[-44.61022567749018,-22.616657257080078],[-44.604713439941406,-22.61443328857422],[-44.60226058959961,-22.607627868652287],[-44.59712219238281,-22.610538482666016],[-44.59142303466791,-22.622957229614258],[-44.584079742431584,-22.625944137573242],[-44.572994232177734,-22.601942062377873],[-44.56319427490229,-22.611505508422738],[-44.548904418945256,-22.606176376342773],[-44.53704071044922,-22.617294311523438],[-44.533111572265625,-22.615762710571232],[-44.526016235351506,-22.619512557983285],[-44.53740310668945,-22.632362365722656],[-44.53523254394531,-22.63752937316889],[-44.531181335449105,-22.639490127563477],[-44.534629821777344,-22.63302040100092],[-44.531360626220646,-22.630746841430607],[-44.51486968994129,-22.630214691162053],[-44.50853729248047,-22.64093780517578],[-44.504398345947266,-22.636144638061523],[-44.48550796508789,-22.611351013183537],[-44.488014221191406,-22.607191085815373],[-44.48748016357416,-22.606149673461857],[-44.48334884643555,-22.604536056518498],[-44.478111267089844,-22.612945556640568],[-44.46477890014643,-22.61596488952631],[-44.454341888427734,-22.609121322631722],[-44.44667816162104,-22.61050415039051],[-44.442680358886605,-22.604322433471623],[-44.43017578124994,-22.598522186279297],[-44.41667556762695,-22.601806640624943],[-44.407447814941406,-22.607952117919922],[-44.40514373779297,-22.607280731201172],[-44.398460388183594,-22.603008270263672],[-44.40414047241205,-22.60065269470215],[-44.40534973144531,-22.59190559387207],[-44.40935134887695,-22.588256835937443],[-44.39564132690424,-22.581546783447266],[-44.39162063598627,-22.573398590087834],[-44.384361267089844,-22.573715209960938],[-44.37158966064453,-22.580099105834904],[-44.363986968994084,-22.578407287597656],[-44.36031723022461,-22.581760406494084],[-44.37023162841797,-22.589857101440316],[-44.36631774902344,-22.59384536743164],[-44.361534118652344,-22.59312438964838],[-44.361038208007756,-22.61170578002924],[-44.3563499450683,-22.614259719848576],[-44.349678039550724,-22.6092586517334],[-44.35175704956049,-22.599590301513672],[-44.35023117065424,-22.5955867767334],[-44.34611892700195,-22.597265243530217],[-44.34763717651367,-22.590559005737305],[-44.34358978271473,-22.588428497314453],[-44.345119476318246,-22.58444976806635],[-44.3467063903808,-22.573963165283146],[-44.32864761352539,-22.572622299194336],[-44.33023071289057,-22.569480895996037],[-44.3248672485351,-22.5646915435791],[-44.326255798339844,-22.553705215454045],[-44.32089614868153,-22.550508499145508],[-44.328453063964844,-22.51972007751465],[-44.324729919433594,-22.518747329711914],[-44.3252067565918,-22.51392173767084],[-44.32089233398426,-22.512760162353516],[-44.319622039794865,-22.50783920288086],[-44.32269668579096,-22.499439239501953],[-44.33139419555664,-22.49388694763178],[-44.3300895690918,-22.491662979125977],[-44.35105895996094,-22.491592407226562],[-44.36295700073242,-22.476566314697266],[-44.36386871337885,-22.4697208404541],[-44.36691665649414,-22.465875625610238],[-44.373325347900334,-22.461652755737248],[-44.37004852294922,-22.453851699829045],[-44.355628967285156,-22.44462585449213],[-44.34970474243164,-22.43379020690918],[-44.35116958618164,-22.413913726806584],[-44.33744430541992,-22.414899826049805],[-44.325733184814396,-22.414707183837834],[-44.31467437744135,-22.402778625488224],[-44.32870101928705,-22.396072387695312],[-44.33559799194336,-22.388683319091797],[-44.33326339721674,-22.384916305541992],[-44.34201431274414,-22.377916336059513],[-44.3401260375976,-22.368513107299805],[-44.340484619140625,-22.35992622375477],[-44.332069396972656,-22.357120513916016],[-44.33295822143555,-22.343210220336857],[-44.32770919799805,-22.33249855041504],[-44.31848144531244,-22.3355712890625],[-44.30102920532221,-22.328458786010742],[-44.29259490966797,-22.31920623779297],[-44.27231216430664,-22.320322036743107],[-44.27164077758789,-22.310155868530273],[-44.261951446533146,-22.304260253906193],[-44.24482727050781,-22.31568527221674],[-44.239112854003906,-22.318176269531193],[-44.236763000488224,-22.315134048461914],[-44.25975799560541,-22.3010196685791],[-44.256446838378906,-22.29086494445795],[-44.25709915161133,-22.286445617675668],[-44.258934020996094,-22.28363227844227],[-44.26024246215809,-22.268360137939453],[-44.26459121704096,-22.244888305664062],[-44.26725769042969,-22.2483234405517],[-44.26875305175781,-22.24481201171875],[-44.276340484619084,-22.24317169189453],[-44.28446578979481,-22.243553161621094],[-44.28939819335932,-22.24745368957514],[-44.29145812988281,-22.243051528930664],[-44.301734924316406,-22.253541946411133],[-44.314685821533146,-22.254491806030273],[-44.32195281982422,-22.261152267456055],[-44.324680328369084,-22.25440788269043],[-44.337192535400334,-22.25867080688471],[-44.34111785888672,-22.253818511962834],[-44.35228729248047,-22.25774574279785],[-44.36090087890625,-22.253089904785156],[-44.37562179565424,-22.262073516845703],[-44.37736892700195,-22.268022537231445],[-44.384021759033146,-22.267520904541016],[-44.38753509521479,-22.272495269775334],[-44.39108276367176,-22.26831436157221],[-44.39474868774414,-22.258897781372013],[-44.41440200805664,-22.254144668579045],[-44.42384338378906,-22.255655288696232],[-44.432662963867074,-22.2516250610351],[-44.438369750976506,-22.258310317993164],[-44.44040298461914,-22.254808425903263],[-44.44469451904297,-22.25796127319336],[-44.446624755859375,-22.255632400512695],[-44.45639801025385,-22.2572402954101],[-44.46257019042969,-22.266689300537053],[-44.45908355712879,-22.270488739013615],[-44.463245391845646,-22.275009155273438],[-44.46109390258789,-22.280355453491154],[-44.46795654296875,-22.27959442138672],[-44.49437713623047,-22.300966262817326],[-44.49835205078119,-22.303455352783203],[-44.51362228393549,-22.3089923858642],[-44.517715454101506,-22.316314697265625],[-44.530509948730355,-22.323902130126896],[-44.53316116333002,-22.330425262451172],[-44.543464660644474,-22.33175277709961],[-44.541873931884766,-22.33569145202631],[-44.54795837402338,-22.3384952545166],[-44.549983978271484,-22.343423843383675],[-44.549598693847656,-22.35670089721674],[-44.55601501464844,-22.364879608154297],[-44.565818786621094,-22.364902496337834],[-44.576267242431584,-22.35748863220215],[-44.60129165649414,-22.372875213623047],[-44.61403274536127,-22.387014389038086],[-44.60323715209961,-22.39272499084467],[-44.59975814819336,-22.39820671081543],[-44.593509674072266,-22.39781188964838],[-44.5055198669433,-22.429676055908146],[-44.485847473144474,-22.437393188476506],[-44.48640441894531,-22.442901611328125],[-44.48031234741205,-22.44839096069336],[-44.47895050048828,-22.451868057250977],[-44.4796257019043,-22.458053588867188],[-44.487701416015625,-22.46092414855957],[-44.4884147644043,-22.46495246887207],[-44.48550796508789,-22.46719741821289],[-44.51046752929682,-22.47199058532715],[-44.514205932617074,-22.474611282348633],[-44.51500701904297,-22.48512458801264],[-44.52981567382807,-22.48635292053217],[-44.53595733642578,-22.49461555480957],[-44.550827026367074,-22.49729347229004],[-44.56970214843744,-22.510709762573242],[-44.576507568359375,-22.517881393432617],[-44.57706069946289,-22.5261611938476],[-44.56620788574219,-22.528839111328068],[-44.564731597900334,-22.533451080322266],[-44.582035064697266,-22.544839859008675],[-44.58582305908192,-22.5594425201416],[-44.595462799072266,-22.565780639648438],[-44.60542678833008,-22.563779830932617],[-44.61768341064453,-22.553342819213867],[-44.62671279907221,-22.535524368286133],[-44.62788009643543,-22.517621994018555],[-44.61895751953125,-22.508804321289006],[-44.61626434326172,-22.493440628051644],[-44.62964630126953,-22.46059799194336],[-44.66034698486328,-22.379558563232422]]]},"properties":{"id_cidade":3304201,"cidade":"Resende","id_microrregiao":330511,"id_mesorregiao":3305,"id_estado":33,"id_regiao":3}},{"type":"Feature","geometry":{"type":"Polygon","coordinates":[[[-42.44873428344715,-22.823509216308594],[-42.44139480590809,-22.731506347656193],[-42.45478057861328,-22.72591781616211],[-42.460227966308594,-22.719261169433594],[-42.471763610839844,-22.72374725341797],[-42.47982025146479,-22.725526809692326],[-42.49189758300781,-22.722755432128906],[-42.49899673461903,-22.72527313232422],[-42.514591217041016,-22.719722747802734],[-42.529151916503906,-22.71739387512207],[-42.52721405029291,-22.682725906372013],[-42.52844238281244,-22.630285263061467],[-42.553672790527344,-22.618854522705078],[-42.55985641479492,-22.62033462524414],[-42.56451034545887,-22.620115280151367],[-42.57215118408203,-22.625612258911076],[-42.58456039428711,-22.62509155273426],[-42.60480499267578,-22.642005920410156],[-42.62242889404297,-22.65604591369629],[-42.62757110595703,-22.656217575073185],[-42.6385383605957,-22.645978927612305],[-42.63781738281244,-22.643533706664982],[-42.644649505615234,-22.644309997558594],[-42.655799865722656,-22.637897491455078],[-42.66778945922846,-22.637069702148438],[-42.67504501342762,-22.641351699828988],[-42.6927375793457,-22.642955780029297],[-42.69256210327143,-22.64669418334961],[-42.688953399658146,-22.646337509155273],[-42.69126510620117,-22.654460906982365],[-42.70657348632807,-22.667724609374886],[-42.746372222900334,-22.68648338317871],[-42.715293884277344,-22.72039794921875],[-42.699539184570256,-22.729301452636662],[-42.69525146484369,-22.753482818603516],[-42.68871307373047,-22.758602142333928],[-42.69059371948242,-22.762845993041935],[-42.68539810180664,-22.768468856811467],[-42.67745590209961,-22.770719528198242],[-42.67852783203125,-22.7750186920166],[-42.68988037109375,-22.786485671997013],[-42.68898010253906,-22.792779922485295],[-42.68563079833973,-22.7940616607666],[-42.68031692504883,-22.797466278076172],[-42.66101455688471,-22.799722671508732],[-42.6678466796875,-22.802589416503906],[-42.6655387878418,-22.804565429687443],[-42.671539306640625,-22.811542510986328],[-42.66725540161133,-22.81858062744135],[-42.66978454589838,-22.822322845458984],[-42.6581916809082,-22.827051162719727],[-42.67048263549805,-22.844375610351562],[-42.661651611328125,-22.8491535186767],[-42.64706039428711,-22.84543037414545],[-42.646595001220646,-22.855037689208984],[-42.634849548339844,-22.8468341827392],[-42.635948181152344,-22.83836936950678],[-42.60279083251953,-22.819290161132812],[-42.60120010375971,-22.81671905517578],[-42.59187698364252,-22.811706542968693],[-42.581653594970646,-22.805517196655273],[-42.56793212890619,-22.80404090881342],[-42.55356979370117,-22.814115524291992],[-42.53903961181635,-22.812202453613168],[-42.534458160400334,-22.80872535705555],[-42.52795028686518,-22.816404342651367],[-42.52297592163086,-22.824144363403263],[-42.488391876220646,-22.828010559081974],[-42.484870910644474,-22.83089447021473],[-42.47886657714838,-22.823413848876953],[-42.44873428344715,-22.823509216308594]]]},"properties":{"id_cidade":3304300,"cidade":"Rio Bonito","id_microrregiao":330616,"id_mesorregiao":3306,"id_estado":33,"id_regiao":3}},{"type":"Feature","geometry":{"type":"Polygon","coordinates":[[[-44.320381164550724,-22.845111846923828],[-44.31148147583008,-22.84376335144043],[-44.30200195312494,-22.854101181030217],[-44.29645156860346,-22.84489631652832],[-44.28198623657215,-22.842002868652344],[-44.279392242431584,-22.845771789550668],[-44.26083755493164,-22.847587585449105],[-44.24795150756836,-22.857162475585938],[-44.246177673339844,-22.862388610839844],[-44.244583129882756,-22.868070602416992],[-44.2386474609375,-22.871723175048828],[-44.231475830078125,-22.87140464782715],[-44.2376976013183,-22.88621711730957],[-44.2368049621582,-22.897222518920785],[-44.24164581298817,-22.902326583862305],[-44.23706436157215,-22.905178070068303],[-44.241531372070256,-22.912967681884766],[-44.239509582519474,-22.91620635986328],[-44.223388671875,-22.9288654327392],[-44.21492385864252,-22.93186378479004],[-44.207252502441406,-22.930141448974553],[-44.193511962890625,-22.928340911865178],[-44.18214797973633,-22.926187515258732],[-44.176506042480355,-22.930265426635742],[-44.1739501953125,-22.916114807128906],[-44.16987991333008,-22.9114093780517],[-44.16331481933588,-22.900678634643555],[-44.15681076049805,-22.902908325195312],[-44.150257110595646,-22.892759323120117],[-44.14242172241211,-22.882461547851506],[-44.12602996826166,-22.875209808349553],[-44.11888885498041,-22.86252784729004],[-44.11305999755854,-22.860143661499023],[-44.08789062499994,-22.883495330810547],[-44.0797233581543,-22.879100799560547],[-44.05117034912104,-22.877853393554688],[-44.040779113769474,-22.882616043090763],[-44.019386291503906,-22.871471405029297],[-44.004810333251896,-22.859365463256722],[-43.99975967407221,-22.861326217651367],[-43.999359130859375,-22.86332893371582],[-43.99261474609369,-22.869735717773438],[-43.98005676269531,-22.864978790283203],[-43.96531295776367,-22.88623619079584],[-43.93858337402344,-22.887191772460938],[-43.939945220947266,-22.87876129150385],[-43.93000030517578,-22.87443351745594],[-43.925724029541016,-22.863168716430607],[-43.91035842895508,-22.845500946044922],[-43.91272354125965,-22.836288452148438],[-43.90522003173828,-22.830600738525334],[-43.897613525390625,-22.832788467407227],[-43.89175033569336,-22.82998085021967],[-43.88911819458008,-22.822248458862248],[-43.87969970703119,-22.817298889160156],[-43.87928009033203,-22.812053680419922],[-43.88547134399414,-22.804708480834904],[-43.885417938232365,-22.794334411621037],[-43.89167404174805,-22.789768218994084],[-43.89158248901367,-22.780864715576172],[-43.89591979980463,-22.77743148803711],[-43.88913726806635,-22.77426338195795],[-43.89177703857422,-22.766050338745117],[-43.88672637939453,-22.76355361938471],[-43.8898353576659,-22.75923728942871],[-43.88619613647455,-22.756225585937386],[-43.90559005737305,-22.75315093994135],[-43.907615661621094,-22.748584747314396],[-43.902423858642464,-22.74917984008789],[-43.903640747070256,-22.744548797607422],[-43.89866256713867,-22.744039535522404],[-43.89869308471674,-22.734458923339787],[-43.8907737731933,-22.735054016113168],[-43.88528060913086,-22.732065200805664],[-43.885059356689396,-22.728183746337777],[-43.88066864013666,-22.728195190429688],[-43.87994384765625,-22.714046478271428],[-43.88314819335932,-22.711034774780217],[-43.881752014160156,-22.701955795288086],[-43.88906097412104,-22.701887130737248],[-43.893447875976506,-22.708770751953125],[-43.89967727661133,-22.709678649902287],[-43.90238952636713,-22.70882034301752],[-43.91261672973627,-22.71366310119629],[-43.91333770751953,-22.707189559936523],[-43.91977691650379,-22.699140548705998],[-43.923057556152344,-22.699344635009766],[-43.92741775512695,-22.700714111328068],[-43.931365966796875,-22.708944320678654],[-43.94330978393549,-22.71112632751459],[-43.946949005126896,-22.702928543090763],[-43.942546844482365,-22.696203231811523],[-43.95436477661127,-22.684476852416992],[-43.95798110961914,-22.685333251953068],[-43.96083450317383,-22.66363334655756],[-43.97133636474604,-22.662328720092717],[-43.993648529052734,-22.684049606323185],[-44.003089904785156,-22.686777114868164],[-44.0109748840332,-22.684904098510685],[-44.02089309692383,-22.675678253173828],[-44.01669692993164,-22.66998672485346],[-44.017810821533146,-22.663255691528263],[-44.009254455566406,-22.65187454223627],[-44.017860412597656,-22.640575408935547],[-44.02414321899414,-22.64384651184082],[-44.0286979675293,-22.640348434448242],[-44.04848098754883,-22.639835357666016],[-44.05683898925781,-22.6482696533202],[-44.07091522216791,-22.655387878417912],[-44.075252532958984,-22.666219711303654],[-44.074451446533146,-22.669416427612305],[-44.07886505126953,-22.671537399291992],[-44.07583999633789,-22.681169509887695],[-44.07805633544916,-22.68248176574707],[-44.07951354980463,-22.680721282958984],[-44.08447647094715,-22.672372817993164],[-44.085132598876896,-22.653463363647347],[-44.0803337097168,-22.647214889526367],[-44.08872985839844,-22.648691177368107],[-44.11725234985346,-22.644348144531193],[-44.148452758789006,-22.648963928222656],[-44.16089630126953,-22.678316116333008],[-44.16603088378906,-22.681961059570312],[-44.16880416870117,-22.68852806091303],[-44.17659378051752,-22.6931533813476],[-44.17455291748047,-22.702096939086857],[-44.17829513549799,-22.70768928527832],[-44.18485641479492,-22.71294403076172],[-44.203662872314396,-22.716201782226562],[-44.20193099975586,-22.72374534606928],[-44.1983642578125,-22.724971771240234],[-44.201927185058594,-22.732421875],[-44.22714614868153,-22.73398780822754],[-44.24205017089844,-22.749416351318303],[-44.23872756958008,-22.755710601806584],[-44.250419616699105,-22.757558822631836],[-44.25751495361328,-22.76847648620594],[-44.25742721557617,-22.7788028717041],[-44.25379180908203,-22.78171157836914],[-44.25644302368164,-22.787403106689396],[-44.247955322265625,-22.790456771850586],[-44.24217224121094,-22.788179397583008],[-44.24147033691406,-22.79497528076172],[-44.24348449707031,-22.800392150878906],[-44.24545669555653,-22.802581787109375],[-44.261360168456974,-22.805177688598576],[-44.2699089050293,-22.830293655395508],[-44.27132034301758,-22.831184387206918],[-44.28327178955078,-22.835899353027344],[-44.28667068481445,-22.828535079955998],[-44.29658889770508,-22.827836990356445],[-44.317367553710824,-22.83994293212885],[-44.320381164550724,-22.845111846923828]]]},"properties":{"id_cidade":3304409,"cidade":"Rio Claro","id_microrregiao":330511,"id_mesorregiao":3305,"id_estado":33,"id_regiao":3}},{"type":"Feature","geometry":{"type":"Polygon","coordinates":[[[-43.588947296142464,-22.288007736205998],[-43.586299896240234,-22.286350250244027],[-43.58419418334961,-22.285642623901367],[-43.57771301269531,-22.279455184936523],[-43.5610237121582,-22.265422821044922],[-43.52610778808594,-22.276803970336914],[-43.51686477661133,-22.260330200195312],[-43.51963424682617,-22.243408203124943],[-43.51425170898432,-22.236249923706055],[-43.5039176940918,-22.241008758544922],[-43.48146438598627,-22.24936294555664],[-43.47169876098633,-22.231401443481445],[-43.47138214111328,-22.217397689819336],[-43.46715927124018,-22.215145111083984],[-43.456607818603516,-22.21657943725586],[-43.431339263916016,-22.23711585998535],[-43.42074203491211,-22.230604171752816],[-43.41780090332031,-22.22447967529297],[-43.40302276611328,-22.21640968322754],[-43.42616653442383,-22.109987258911133],[-43.4371452331543,-22.059408187866154],[-43.46241760253906,-22.072645187377873],[-43.475887298583984,-22.069763183593693],[-43.48973846435541,-22.073627471923828],[-43.50747680664057,-22.07450294494629],[-43.50570297241211,-22.06658363342285],[-43.51355743408203,-22.059322357177734],[-43.519783020019474,-22.061864852905217],[-43.52568817138666,-22.072055816650277],[-43.55585098266596,-22.082046508789006],[-43.56254959106445,-22.087793350219727],[-43.56689071655268,-22.087726593017578],[-43.569698333740234,-22.07781791687006],[-43.5746955871582,-22.07781982421875],[-43.5844841003418,-22.070526123046818],[-43.58603286743164,-22.052024841308537],[-43.59589767456049,-22.06006622314453],[-43.59961318969721,-22.059003829955998],[-43.60367202758789,-22.072124481201115],[-43.611057281494084,-22.07160186767578],[-43.61230850219721,-22.081817626953125],[-43.615779876708984,-22.08285903930664],[-43.619453430175724,-22.083591461181584],[-43.62103271484375,-22.075502395629826],[-43.62827682495117,-22.07654571533203],[-43.6382217407226,-22.068422317504883],[-43.64433288574213,-22.066307067871037],[-43.65252685546869,-22.067108154296875],[-43.656394958496094,-22.073339462280217],[-43.665557861328125,-22.074451446533203],[-43.66851043701172,-22.085662841796818],[-43.662063598632756,-22.09145736694336],[-43.65974807739258,-22.104906082153263],[-43.66437149047846,-22.146678924560547],[-43.661746978759766,-22.155662536621037],[-43.6662483215332,-22.158622741699162],[-43.66575241088867,-22.162582397460938],[-43.67419815063471,-22.166460037231445],[-43.66616821289057,-22.17314338684082],[-43.66372299194336,-22.180854797363224],[-43.65769195556635,-22.18079185485834],[-43.65539169311518,-22.186143875122013],[-43.65949630737299,-22.196344375610295],[-43.65684509277338,-22.198257446289062],[-43.65113830566406,-22.20462036132801],[-43.635395050048714,-22.20668601989746],[-43.632198333740234,-22.2151203155517],[-43.62968444824219,-22.21893882751459],[-43.6081924438476,-22.22624397277832],[-43.611438751220646,-22.243345260620117],[-43.603668212890625,-22.24728012084961],[-43.61061096191406,-22.25294113159174],[-43.608524322509766,-22.25861167907709],[-43.59258270263672,-22.260852813720646],[-43.58741378784174,-22.26569366455078],[-43.59410858154297,-22.266563415527344],[-43.58874511718744,-22.2688312530517],[-43.58691024780268,-22.27645301818842],[-43.59463500976557,-22.28436851501459],[-43.59281921386719,-22.286376953125],[-43.588947296142464,-22.288007736205998]]]},"properties":{"id_cidade":3304508,"cidade":"Rio das Flores","id_microrregiao":330512,"id_mesorregiao":3305,"id_estado":33,"id_regiao":3}},{"type":"Feature","geometry":{"type":"Polygon","coordinates":[[[-41.81758880615229,-22.41680335998535],[-41.818599700927734,-22.416048049926758],[-41.825706481933594,-22.409528732299805],[-41.84766387939453,-22.410799026489258],[-41.854331970214844,-22.408340454101562],[-41.86019897460932,-22.4180908203125],[-41.86660766601557,-22.420755386352482],[-41.872592926025334,-22.417848587036133],[-41.87690353393549,-22.41907119750971],[-41.89349365234369,-22.412511825561523],[-41.907196044921875,-22.399881362914925],[-41.94133377075195,-22.392553329467773],[-41.93766021728504,-22.377838134765625],[-41.9427490234375,-22.379171371459904],[-41.945755004882756,-22.392736434936523],[-41.9513053894043,-22.39327621459961],[-41.95330810546875,-22.388614654541016],[-41.965335845947266,-22.38789939880371],[-41.989917755126896,-22.398048400878906],[-42.00133895874018,-22.398773193359318],[-42.008819580078125,-22.395523071289006],[-42.02455520629883,-22.389087677001953],[-42.04783630371094,-22.40435028076172],[-42.064842224121094,-22.42294692993164],[-42.04783630371094,-22.424314498901367],[-42.037117004394474,-22.428113937377816],[-42.036811828613224,-22.432298660278263],[-42.01564407348627,-22.425731658935547],[-42.02003097534174,-22.430507659912053],[-42.02095031738281,-22.444007873535156],[-42.01967239379877,-22.44972419738764],[-42.02950286865223,-22.455945968627873],[-42.02755737304682,-22.468940734863224],[-42.016025543212834,-22.4842529296875],[-42.00605010986328,-22.485984802246094],[-41.98993682861328,-22.506952285766545],[-41.99015808105469,-22.514659881591683],[-41.98769378662104,-22.540767669677678],[-41.987049102783146,-22.546682357788086],[-41.9832878112793,-22.554542541503906],[-41.983135223388615,-22.554235458374023],[-41.97926330566406,-22.56291580200184],[-41.97847366333002,-22.561250686645508],[-41.97847366333002,-22.560417175292912],[-41.977359771728516,-22.55902862548828],[-41.977359771728516,-22.55763816833496],[-41.976806640625,-22.556528091430664],[-41.97597122192377,-22.555694580078125],[-41.97597122192377,-22.554861068725586],[-41.97486114501953,-22.55319595336914],[-41.97486114501953,-22.55236053466797],[-41.974029541015625,-22.550695419311523],[-41.972915649414006,-22.54986381530756],[-41.97236251831049,-22.54874992370594],[-41.97236251831049,-22.547361373901367],[-41.97180557250965,-22.546249389648438],[-41.97097396850586,-22.545972824096623],[-41.97069549560547,-22.544860839843693],[-41.969028472900334,-22.542638778686467],[-41.9676399230957,-22.541250228881836],[-41.96625137329096,-22.538749694824162],[-41.96541595458973,-22.538749694824162],[-41.964027404785156,-22.536249160766545],[-41.9629173278808,-22.535139083862305],[-41.96180725097656,-22.534582138061523],[-41.96097183227539,-22.533470153808594],[-41.96041488647461,-22.533470153808594],[-41.959304809570256,-22.53236007690424],[-41.95652770996088,-22.53180503845215],[-41.95486068725586,-22.53236007690424],[-41.953750610351506,-22.53097152709961],[-41.952083587646484,-22.530139923095703],[-41.95069503784174,-22.530139923095703],[-41.95041656494135,-22.529582977294922],[-41.94902801513672,-22.529582977294922],[-41.9468040466308,-22.528749465942383],[-41.94597244262695,-22.528194427490178],[-41.942081451416016,-22.528194427490178],[-41.94124984741205,-22.529861450195312],[-41.94180679321289,-22.530139923095703],[-41.94180679321289,-22.531248092651367],[-41.94124984741205,-22.53180503845215],[-41.938751220703125,-22.53208351135254],[-41.93736267089838,-22.532638549804688],[-41.93708419799799,-22.534027099609375],[-41.937915802001896,-22.534860610961914],[-41.937915802001896,-22.536527633666935],[-41.936248779296875,-22.536527633666935],[-41.935970306396484,-22.53736114501953],[-41.93486022949213,-22.53791427612299],[-41.93319320678711,-22.53791427612299],[-41.931526184081974,-22.536249160766545],[-41.93069458007807,-22.534027099609375],[-41.92958450317383,-22.532917022705078],[-41.92680740356445,-22.531528472900334],[-41.924304962158146,-22.531248092651367],[-41.922637939453125,-22.529861450195312],[-41.92208480834955,-22.528749465942383],[-41.92208480834955,-22.526527404785156],[-41.92041778564453,-22.526527404785156],[-41.91902923583979,-22.526807785034123],[-41.91986083984375,-22.525138854980412],[-41.91986083984375,-22.522363662719727],[-41.918472290039006,-22.520139694213754],[-41.918193817138615,-22.51902770996088],[-41.917083740234375,-22.51902770996088],[-41.916526794433594,-22.51791572570795],[-41.916526794433594,-22.516805648803597],[-41.91569519042963,-22.515138626098633],[-41.91485977172846,-22.514860153198185],[-41.91458511352528,-22.51263809204096],[-41.91319274902344,-22.512361526489258],[-41.91152954101551,-22.510692596435547],[-41.91152954101551,-22.509582519531193],[-41.91069412231445,-22.508752822875977],[-41.91013717651367,-22.507638931274357],[-41.9084739685058,-22.506805419921818],[-41.9073600769043,-22.50458335876459],[-41.90680694580078,-22.5043048858642],[-41.90652847290039,-22.50291633605957],[-41.90569305419916,-22.5026397705077],[-41.90513992309559,-22.500972747802734],[-41.90458297729492,-22.500694274902344],[-41.90430450439453,-22.49958419799799],[-41.902637481689396,-22.49847221374506],[-41.90180587768543,-22.49819564819336],[-41.90013885498047,-22.49569320678711],[-41.89875030517567,-22.494304656982422],[-41.89875030517567,-22.493749618530273],[-41.897361755371094,-22.49263954162592],[-41.897361755371094,-22.49208259582514],[-41.89625167846674,-22.491249084472656],[-41.89625167846674,-22.490694046020508],[-41.895137786865234,-22.490137100219727],[-41.8934707641601,-22.48847198486328],[-41.892360687255746,-22.487083435058537],[-41.89069366455078,-22.487083435058537],[-41.88958358764643,-22.485971450805607],[-41.887359619140625,-22.485137939453125],[-41.885971069335824,-22.485971450805607],[-41.88541793823242,-22.487083435058537],[-41.88541793823242,-22.489860534667855],[-41.883193969726506,-22.490137100219727],[-41.883193969726506,-22.48958396911621],[-41.881526947021484,-22.488750457763672],[-41.8795814514159,-22.488750457763672],[-41.877639770507756,-22.489305496215763],[-41.876804351806584,-22.48847198486328],[-41.876804351806584,-22.485971450805607],[-41.876251220703125,-22.485137939453125],[-41.87236022949219,-22.485137939453125],[-41.8720817565918,-22.48402786254877],[-41.87374877929682,-22.483192443847656],[-41.87347412109369,-22.481805801391488],[-41.87097167968744,-22.481805801391488],[-41.8698616027832,-22.480693817138615],[-41.8698616027832,-22.479583740234375],[-41.868194580078125,-22.478471755981445],[-41.86736297607416,-22.47763824462885],[-41.86486053466791,-22.47763824462885],[-41.86375045776356,-22.47652816772461],[-41.862640380859375,-22.475973129272404],[-41.862640380859375,-22.4737491607666],[-41.862083435058594,-22.4723606109618],[-41.860137939453125,-22.47208595275879],[-41.85902786254883,-22.471250534057617],[-41.85930633544922,-22.469863891601562],[-41.860137939453125,-22.469863891601562],[-41.861526489257756,-22.46875],[-41.861526489257756,-22.468193054199162],[-41.860137939453125,-22.466806411743107],[-41.8604164123534,-22.465694427490234],[-41.8604164123534,-22.46291732788086],[-41.85902786254883,-22.460695266723576],[-41.85874938964844,-22.459583282470703],[-41.857639312744084,-22.457914352416992],[-41.85625076293945,-22.45708465576172],[-41.8551406860351,-22.45708465576172],[-41.85319519042969,-22.45569229125971],[-41.85458374023432,-22.454305648803654],[-41.85486221313471,-22.452917098999023],[-41.85541534423828,-22.452917098999023],[-41.85541534423828,-22.450138092041016],[-41.85486221313471,-22.449861526489258],[-41.8537483215332,-22.44763946533203],[-41.8537483215332,-22.44708251953125],[-41.852638244628906,-22.446250915527287],[-41.852638244628906,-22.445695877075195],[-41.85124969482416,-22.444303512573185],[-41.85013961791992,-22.443750381469613],[-41.85013961791992,-22.44291687011713],[-41.84902954101557,-22.442081451415902],[-41.84847259521479,-22.44097137451172],[-41.846248626708984,-22.439582824706974],[-41.84569549560541,-22.438472747802734],[-41.84458160400379,-22.43736076354969],[-41.84375,-22.437084197998047],[-41.84347152709961,-22.435693740844727],[-41.842918395996094,-22.435693740844727],[-41.840694427490234,-22.433471679687443],[-41.840415954589844,-22.432361602783203],[-41.83874893188471,-22.431528091430607],[-41.83847045898432,-22.430973052978516],[-41.83736038208008,-22.430692672729492],[-41.83680725097656,-22.429027557373047],[-41.8345832824707,-22.428192138671875],[-41.83402633666992,-22.42708206176752],[-41.83208465576166,-22.426250457763558],[-41.831806182861214,-22.425416946411076],[-41.83013916015625,-22.424583435058594],[-41.829029083251896,-22.424304962158203],[-41.827362060546875,-22.42236137390131],[-41.826526641845646,-22.42180633544922],[-41.82430648803711,-22.421249389648438],[-41.82180404663086,-22.41958236694336],[-41.821250915527344,-22.418472290039062],[-41.81958389282221,-22.41819572448719],[-41.81758880615229,-22.41680335998535]]]},"properties":{"id_cidade":3304524,"cidade":"Rio das Ostras","id_microrregiao":330409,"id_mesorregiao":3304,"id_estado":33,"id_regiao":3}},{"type":"Feature","geometry":{"type":"MultiPolygon","coordinates":[[[[-43.5606956481933,-23.078472137451058],[-43.561805725097656,-23.078472137451058],[-43.56263732910156,-23.0795841217041],[-43.56291580200184,-23.08069419860834],[-43.56375122070307,-23.080972671508732],[-43.56375122070307,-23.082361221313477],[-43.56236267089844,-23.083194732666016],[-43.561248779296875,-23.082639694213867],[-43.561248779296875,-23.082082748413086],[-43.559860229492074,-23.081806182861214],[-43.55930709838867,-23.081249237060547],[-43.55930709838867,-23.08013916015625],[-43.56041717529291,-23.07930564880371],[-43.5606956481933,-23.078472137451058]]],[[[-43.14902877807617,-23.059303283691293],[-43.15013885498041,-23.059303283691293],[-43.1504173278808,-23.060415267944336],[-43.14958190917963,-23.060972213745004],[-43.14958190917963,-23.062360763549805],[-43.14902877807617,-23.062639236450195],[-43.14902877807617,-23.064861297607422],[-43.14791488647461,-23.066804885864258],[-43.14430618286133,-23.066804885864258],[-43.14236068725586,-23.066528320312443],[-43.14180374145508,-23.065971374511662],[-43.14180374145508,-23.064861297607422],[-43.14263916015625,-23.063747406005803],[-43.14458465576172,-23.062360763549805],[-43.14625167846668,-23.061807632446232],[-43.146804809570256,-23.060693740844727],[-43.147640228271484,-23.05986022949213],[-43.14902877807617,-23.059303283691293]]],[[[-43.140972137451115,-23.03930473327631],[-43.14236068725586,-23.03986167907709],[-43.14208221435547,-23.041528701782227],[-43.140693664550724,-23.041528701782227],[-43.140415191650334,-23.03986167907709],[-43.140972137451115,-23.03930473327631]]],[[[-43.182918548583984,-23.021249771118164],[-43.18402862548828,-23.021249771118164],[-43.18430709838856,-23.02263641357422],[-43.182918548583984,-23.024028778076172],[-43.182083129882756,-23.02375030517578],[-43.182361602783146,-23.022083282470646],[-43.182918548583984,-23.021249771118164]]],[[[-43.60708236694336,-23.02930641174305],[-43.60902786254883,-23.02930641174305],[-43.610416412353516,-23.029581069946232],[-43.611804962158146,-23.030693054199105],[-43.611526489257756,-23.031528472900334],[-43.60874938964838,-23.031528472900334],[-43.607917785644474,-23.03208351135254],[-43.60680389404297,-23.03208351135254],[-43.60569381713867,-23.03319358825678],[-43.604026794433594,-23.03208351135254],[-43.60430526733387,-23.030693054199105],[-43.605415344238224,-23.029861450195312],[-43.60708236694336,-23.02930641174305]]],[[[-43.51097106933594,-23.06013870239252],[-43.51235961914057,-23.06013870239252],[-43.51291656494135,-23.061525344848576],[-43.51347351074219,-23.061807632446232],[-43.51319503784174,-23.064029693603516],[-43.514305114746094,-23.06430625915516],[-43.514583587646484,-23.065416336059513],[-43.5140266418457,-23.066251754760742],[-43.51180648803711,-23.065971374511662],[-43.5093040466308,-23.065971374511662],[-43.50847244262695,-23.06569480895996],[-43.50763702392578,-23.064029693603516],[-43.50847244262695,-23.063747406005803],[-43.50902938842762,-23.062917709350586],[-43.51041793823242,-23.062917709350586],[-43.51041793823242,-23.06125068664545],[-43.51097106933594,-23.06013870239252]]],[[[-43.19902801513672,-23.072639465331974],[-43.2015266418457,-23.0729141235351],[-43.2015266418457,-23.07458305358881],[-43.1995849609375,-23.076250076293945],[-43.19847106933594,-23.076250076293945],[-43.197917938232365,-23.07569694519043],[-43.197917938232365,-23.073474884033146],[-43.19874954223633,-23.073474884033146],[-43.19902801513672,-23.072639465331974]]],[[[-43.19347381591797,-23.06708335876465],[-43.19541549682617,-23.06708335876465],[-43.196529388427734,-23.067916870117188],[-43.197639465331974,-23.067916870117188],[-43.19874954223633,-23.06847190856928],[-43.1995849609375,-23.06958389282221],[-43.199859619140625,-23.071250915527344],[-43.19819259643549,-23.072360992431584],[-43.196529388427734,-23.073749542236328],[-43.19458389282221,-23.07402610778803],[-43.19402694702143,-23.0748615264892],[-43.1926383972168,-23.0748615264892],[-43.19152832031244,-23.0729141235351],[-43.19152832031244,-23.070138931274414],[-43.192081451416016,-23.06847190856928],[-43.19347381591797,-23.06708335876465]]],[[[-43.303195953369084,-23.03624725341797],[-43.30458450317383,-23.03624725341797],[-43.30513763427723,-23.036806106567326],[-43.30708312988281,-23.036806106567326],[-43.308471679687386,-23.037639617919865],[-43.308471679687386,-23.03874969482422],[-43.307918548583984,-23.0395832061767],[-43.30652618408203,-23.03930473327631],[-43.30291748046869,-23.03930473327631],[-43.30236053466791,-23.03902816772461],[-43.30236053466791,-23.037082672119027],[-43.303195953369084,-23.03624725341797]]],[[[-43.190692901611214,-23.0251407623291],[-43.19208526611328,-23.025693893432617],[-43.19402694702143,-23.025972366332894],[-43.19541549682617,-23.026805877685547],[-43.19513702392578,-23.028194427490178],[-43.19291687011719,-23.028194427490178],[-43.19347381591797,-23.02930641174305],[-43.19347381591797,-23.030416488647404],[-43.19430541992182,-23.030971527099553],[-43.19430541992182,-23.03180313110346],[-43.19541549682617,-23.03208351135254],[-43.19569396972656,-23.03291511535639],[-43.197082519531136,-23.03347206115717],[-43.19819259643549,-23.034860610961914],[-43.20041656494135,-23.035972595214844],[-43.20097351074213,-23.036529541015625],[-43.202083587646484,-23.036529541015625],[-43.202640533447266,-23.037082672119027],[-43.203750610351506,-23.037082672119027],[-43.20458221435541,-23.037639617919865],[-43.207916259765625,-23.037639617919865],[-43.2087516784668,-23.03902816772461],[-43.208473205566406,-23.04069519042963],[-43.20541763305664,-23.04069519042963],[-43.20513916015625,-23.040138244628906],[-43.204029083251896,-23.03986167907709],[-43.20347213745106,-23.03902816772461],[-43.201805114746094,-23.03819465637207],[-43.199859619140625,-23.03847312927246],[-43.19902801513672,-23.03791618347168],[-43.19874954223633,-23.037082672119027],[-43.197917938232365,-23.036806106567326],[-43.196529388427734,-23.035694122314453],[-43.196250915527344,-23.03458595275879],[-43.1948623657226,-23.033750534057617],[-43.19402694702143,-23.03208351135254],[-43.19291687011719,-23.03208351135254],[-43.1926383972168,-23.030971527099553],[-43.19097137451166,-23.030138015747013],[-43.19152832031244,-23.028194427490178],[-43.18986129760742,-23.027082443237248],[-43.18986129760742,-23.025693893432617],[-43.190692901611214,-23.0251407623291]]],[[[-43.2984733581543,-23.030693054199105],[-43.30069351196289,-23.030693054199105],[-43.30180740356445,-23.03180313110346],[-43.30180740356445,-23.03347206115717],[-43.29958343505854,-23.034860610961914],[-43.2984733581543,-23.034860610961914],[-43.297637939453125,-23.034025192260742],[-43.297637939453125,-23.03291511535639],[-43.298194885253906,-23.032638549804688],[-43.2984733581543,-23.030693054199105]]],[[[-43.27569580078125,-23.027915954589787],[-43.27680587768549,-23.028472900390568],[-43.277915954589844,-23.029581069946232],[-43.27902603149414,-23.029861450195312],[-43.27902603149414,-23.031528472900334],[-43.27736282348627,-23.03180313110346],[-43.276248931884766,-23.030971527099553],[-43.27541732788086,-23.030971527099553],[-43.27486038208008,-23.030138015747013],[-43.27486038208008,-23.028749465942383],[-43.27569580078125,-23.027915954589787]]],[[[-43.20319366455078,-23.0251407623291],[-43.204029083251896,-23.025417327880803],[-43.20624923706055,-23.025417327880803],[-43.206527709960824,-23.026805877685547],[-43.205970764160156,-23.027639389038086],[-43.202640533447266,-23.027639389038086],[-43.20097351074213,-23.027915954589787],[-43.20069503784174,-23.02625083923334],[-43.201248168945256,-23.025693893432617],[-43.20319366455078,-23.0251407623291]]],[[[-43.66835784912104,-23.053194046020508],[-43.667640686035156,-23.05291748046875],[-43.66513824462885,-23.05291748046875],[-43.662918090820256,-23.052640914916935],[-43.661251068115234,-23.052083969116154],[-43.65930557250971,-23.05236053466797],[-43.65430450439453,-23.05236053466797],[-43.652637481689396,-23.052083969116154],[-43.65180587768555,-23.051528930664062],[-43.6456947326659,-23.051528930664062],[-43.642917633056584,-23.051250457763672],[-43.64180374145508,-23.050693511962834],[-43.640415191650334,-23.050971984863224],[-43.63874816894531,-23.050693511962834],[-43.632083892822266,-23.050693511962834],[-43.63041687011713,-23.050136566162053],[-43.61319351196289,-23.050136566162053],[-43.61319351196289,-23.05041885375971],[-43.610137939453125,-23.05041885375971],[-43.610137939453125,-23.050693511962834],[-43.6037483215332,-23.050693511962834],[-43.6037483215332,-23.050971984863224],[-43.59958267211914,-23.050971984863224],[-43.59875106811518,-23.051528930664062],[-43.59541702270502,-23.051528930664062],[-43.59541702270502,-23.051805496215763],[-43.592361450195256,-23.051805496215763],[-43.591251373291016,-23.05236053466797],[-43.59013748168945,-23.05236053466797],[-43.58930587768549,-23.05291748046875],[-43.58291625976557,-23.05430603027338],[-43.58152770996094,-23.05430603027338],[-43.58041763305664,-23.05513954162592],[-43.57819366455078,-23.055694580078125],[-43.577083587646484,-23.056528091430664],[-43.576248168945256,-23.056528091430664],[-43.574859619140625,-23.05763816833496],[-43.57319259643549,-23.0584716796875],[-43.570137023925724,-23.06125068664545],[-43.56958389282221,-23.06125068664545],[-43.56847381591797,-23.062360763549805],[-43.5676383972168,-23.062639236450195],[-43.56735992431635,-23.063472747802678],[-43.569026947021484,-23.065139770507812],[-43.56930541992176,-23.066528320312443],[-43.56819534301758,-23.067361831664925],[-43.56791687011719,-23.068195343017578],[-43.56791687011719,-23.071527481079045],[-43.568748474121094,-23.072082519531136],[-43.57180404663086,-23.072082519531136],[-43.57236099243164,-23.072639465331974],[-43.57374954223627,-23.072360992431584],[-43.57430648803711,-23.072639465331974],[-43.57402801513672,-23.073749542236328],[-43.57236099243164,-23.073474884033146],[-43.57180404663086,-23.07430458068842],[-43.5698623657226,-23.07430458068842],[-43.56819534301758,-23.07458305358881],[-43.56708145141596,-23.07430458068842],[-43.56652832031244,-23.07569694519043],[-43.5654182434082,-23.075971603393555],[-43.56347274780268,-23.075971603393555],[-43.56236267089844,-23.076250076293945],[-43.56097412109369,-23.075136184692383],[-43.5584716796875,-23.07430458068842],[-43.555694580078125,-23.07430458068842],[-43.55486297607422,-23.07402610778803],[-43.55402755737299,-23.0748615264892],[-43.55402755737299,-23.076805114746094],[-43.55180740356445,-23.076805114746094],[-43.551250457763615,-23.076528549194336],[-43.549861907958984,-23.07458305358881],[-43.54902648925781,-23.07430458068842],[-43.54875183105469,-23.073474884033146],[-43.549861907958984,-23.07319450378418],[-43.550140380859375,-23.07180404663086],[-43.551250457763615,-23.07180404663086],[-43.55236053466797,-23.071250915527344],[-43.55236053466797,-23.070138931274414],[-43.551250457763615,-23.069305419921818],[-43.551250457763615,-23.067361831664925],[-43.550971984863224,-23.066528320312443],[-43.5493049621582,-23.066528320312443],[-43.54875183105469,-23.065971374511662],[-43.54791641235346,-23.063747406005803],[-43.54902648925781,-23.063194274902287],[-43.54902648925781,-23.062360763549805],[-43.54791641235346,-23.06125068664545],[-43.54652786254883,-23.060693740844727],[-43.54541778564453,-23.05986022949213],[-43.54291534423828,-23.05986022949213],[-43.542083740234375,-23.05902862548828],[-43.54097366333002,-23.05902862548828],[-43.539859771728516,-23.057083129882756],[-43.537918090820256,-23.057083129882756],[-43.53736114501953,-23.056804656982365],[-43.535137176513615,-23.05458259582508],[-43.53430557250965,-23.05458259582508],[-43.53430557250965,-23.052640914916935],[-43.535137176513615,-23.052083969116154],[-43.533748626708984,-23.05041885375971],[-43.53208160400385,-23.05041885375971],[-43.53069305419922,-23.04986190795887],[-43.529026031494084,-23.04986190795887],[-43.52819442749018,-23.04930686950678],[-43.52513885498041,-23.048749923705998],[-43.51874923706049,-23.048749923705998],[-43.51874923706049,-23.048471450805607],[-43.508750915527344,-23.048471450805607],[-43.50819396972656,-23.047637939453068],[-43.507083892822266,-23.047361373901367],[-43.50624847412104,-23.045972824096623],[-43.507362365722656,-23.04347229003895],[-43.507362365722656,-23.042638778686467],[-43.50597381591791,-23.042638778686467],[-43.505695343017464,-23.041805267333984],[-43.50430679321289,-23.04069519042963],[-43.50208282470703,-23.04069519042963],[-43.49986267089838,-23.040971755981445],[-43.499027252197266,-23.03930473327631],[-43.49819564819336,-23.03847312927246],[-43.496807098388615,-23.03847312927246],[-43.495418548583984,-23.037361145019474],[-43.49430465698242,-23.037082672119027],[-43.494026184081974,-23.036529541015625],[-43.49291610717762,-23.03624725341797],[-43.49208450317383,-23.035417556762695],[-43.489860534667855,-23.035417556762695],[-43.48902893066406,-23.034860610961914],[-43.48736190795893,-23.03458595275879],[-43.486804962158146,-23.034025192260742],[-43.485137939453125,-23.03347206115717],[-43.48374938964838,-23.03347206115717],[-43.48263931274414,-23.03291511535639],[-43.481250762939396,-23.032638549804688],[-43.479026794433594,-23.032638549804688],[-43.47819519042963,-23.03208351135254],[-43.474861145019474,-23.03208351135254],[-43.47319412231445,-23.031528472900334],[-43.47319412231445,-23.03291511535639],[-43.472084045410156,-23.03319358825678],[-43.472084045410156,-23.036529541015625],[-43.47152709960932,-23.037361145019474],[-43.47041702270508,-23.03791618347168],[-43.46763992309559,-23.03791618347168],[-43.46736145019531,-23.035972595214844],[-43.46875,-23.034025192260742],[-43.47013854980469,-23.034025192260742],[-43.47013854980469,-23.032638549804688],[-43.46875,-23.030693054199105],[-43.46791839599604,-23.030416488647404],[-43.46708297729492,-23.02930641174305],[-43.46458435058588,-23.028749465942383],[-43.46430587768543,-23.028194427490178],[-43.46097183227539,-23.026527404785156],[-43.459026336669865,-23.026527404785156],[-43.45791625976551,-23.025693893432617],[-43.45652770996094,-23.025693893432617],[-43.45375061035156,-23.02458381652832],[-43.44958496093744,-23.02375030517578],[-43.448471069335824,-23.023195266723576],[-43.445972442626896,-23.023195266723576],[-43.44513702392567,-23.022361755371037],[-43.44263839721674,-23.022361755371037],[-43.44097137451172,-23.021526336669865],[-43.439582824706974,-23.021526336669865],[-43.43902587890619,-23.020971298217773],[-43.43763732910156,-23.02069664001459],[-43.43541717529297,-23.02069664001459],[-43.4345817565918,-23.02013969421381],[-43.43291854858393,-23.02013969421381],[-43.43208312988281,-23.019582748412972],[-43.428749084472656,-23.019582748412972],[-43.42763900756836,-23.019304275512695],[-43.426528930664006,-23.01847267150879],[-43.42375183105463,-23.01847267150879],[-43.4229164123534,-23.017915725708008],[-43.42124938964844,-23.01763916015625],[-43.419029235839844,-23.01763916015625],[-43.4176406860351,-23.01736068725586],[-43.41569519042969,-23.016250610351562],[-43.41402816772455,-23.015972137451115],[-43.410415649414006,-23.015972137451115],[-43.410415649414006,-23.015693664550724],[-43.40736007690424,-23.015693664550724],[-43.405418395996094,-23.015417098999023],[-43.405139923095646,-23.014860153198242],[-43.40097045898432,-23.014860153198242],[-43.39986038208008,-23.014305114746094],[-43.397361755371094,-23.014305114746094],[-43.3962516784668,-23.013471603393498],[-43.39402770996094,-23.013471603393498],[-43.39180374145502,-23.013195037841797],[-43.39041519165039,-23.012361526489258],[-43.385139465331974,-23.012361526489258],[-43.385139465331974,-23.012083053588867],[-43.38069534301758,-23.012083053588867],[-43.38069534301758,-23.011806488036996],[-43.37708282470703,-23.011804580688477],[-43.37708282470703,-23.01152992248535],[-43.3731956481933,-23.01152992248535],[-43.3731956481933,-23.011249542236328],[-43.37014007568354,-23.011249542236328],[-43.37014007568354,-23.010972976684513],[-43.36680603027338,-23.010972976684513],[-43.36569595336903,-23.011249542236328],[-43.36486053466797,-23.010972976684513],[-43.35402679443354,-23.010972976684513],[-43.35402679443354,-23.010694503784123],[-43.33958435058594,-23.010694503784123],[-43.33958435058594,-23.010972976684513],[-43.33152770996088,-23.010972976684513],[-43.33152770996088,-23.011249542236328],[-43.328472137451115,-23.011249542236328],[-43.32764053344715,-23.011804580688477],[-43.32513809204096,-23.011806488036996],[-43.32458496093744,-23.012361526489258],[-43.32263946533203,-23.012361526489258],[-43.32041549682617,-23.01291656494135],[-43.319862365722656,-23.013471603393498],[-43.317359924316406,-23.013471603393498],[-43.31680679321289,-23.01402854919428],[-43.31486129760731,-23.01402854919428],[-43.312637329101506,-23.014860153198242],[-43.31097412109375,-23.014860153198242],[-43.31069564819336,-23.015417098999023],[-43.308750152587834,-23.015417098999023],[-43.30819320678711,-23.015972137451115],[-43.3026390075683,-23.015972137451115],[-43.3026390075683,-23.015417098999023],[-43.3004150390625,-23.015417098999023],[-43.29986190795893,-23.014860153198242],[-43.298194885253906,-23.014860153198242],[-43.298194885253906,-23.016527175903207],[-43.29652786254877,-23.01736068725586],[-43.29652786254877,-23.01819229125971],[-43.29513931274414,-23.01819229125971],[-43.29430389404297,-23.016805648803654],[-43.292362213134766,-23.016805648803654],[-43.292083740234375,-23.016250610351562],[-43.29069519042969,-23.015693664550724],[-43.28791809082031,-23.015693664550724],[-43.287361145019474,-23.01708221435547],[-43.28625106811512,-23.01708221435547],[-43.28513717651367,-23.016250610351562],[-43.28513717651367,-23.015138626098633],[-43.28652954101557,-23.01263809204096],[-43.28625106811512,-23.010417938232422],[-43.28541564941406,-23.00986099243164],[-43.28402709960932,-23.00986099243164],[-43.282917022704964,-23.00819587707514],[-43.28152847290039,-23.007638931274357],[-43.28125,-23.006807327270508],[-43.278751373291016,-23.006526947021428],[-43.278194427490234,-23.005971908569336],[-43.27680587768549,-23.005971908569336],[-43.275970458984375,-23.004861831664982],[-43.27458190917963,-23.0043048858642],[-43.274028778076115,-23.00319480895996],[-43.272640228271484,-23.002639770507756],[-43.27097320556635,-23.002639770507756],[-43.26930618286133,-23.000972747802734],[-43.268470764160156,-23.001806259155217],[-43.2673606872558,-23.001806259155217],[-43.26597213745117,-23.002361297607365],[-43.26597213745117,-23.001527786254826],[-43.26347351074219,-23.000694274902344],[-43.26013946533203,-23.000694274902344],[-43.26013946533203,-23.000415802001953],[-43.25653076171875,-23.000358581542912],[-43.256526947021484,-22.99958419799799],[-43.2540283203125,-22.99958419799799],[-43.2529182434082,-22.9993057250976],[-43.25263977050781,-22.998750686645508],[-43.250694274902344,-22.999027252197152],[-43.24847412109369,-22.999027252197152],[-43.24736022949219,-22.99958419799799],[-43.24736022949219,-23.000972747802734],[-43.24263763427729,-23.000972747802734],[-43.24180603027338,-23.000415802001953],[-43.23986053466797,-23.000415802001953],[-43.239028930664006,-22.99819374084467],[-43.23819351196289,-22.99791717529297],[-43.2379150390625,-22.99680519104004],[-43.237083435058594,-22.99708366394043],[-43.234859466552734,-22.99708366394043],[-43.23347091674805,-22.995971679687443],[-43.23180389404297,-22.995418548583984],[-43.23180389404297,-22.994583129882812],[-43.232917785644474,-22.994304656982422],[-43.232639312744084,-22.991804122924748],[-43.231529235839844,-22.991249084472656],[-43.22847366333008,-22.991249084472656],[-43.227359771728516,-22.990972518920785],[-43.22624969482416,-22.989027023315373],[-43.225692749023324,-22.98847007751459],[-43.224029541015625,-22.98847007751459],[-43.221248626708984,-22.987083435058537],[-43.21986007690424,-22.987361907958928],[-43.217361450195256,-22.987361907958928],[-43.217361450195256,-22.98791694641102],[-43.21263885498047,-22.98791694641102],[-43.21236038208008,-22.987361907958928],[-43.21041488647455,-22.987083435058537],[-43.208194732666016,-22.987083435058537],[-43.20763778686518,-22.987638473510742],[-43.20680618286127,-22.987361907958928],[-43.20486068725586,-22.987638473510742],[-43.20097351074213,-22.987638473510742],[-43.1995849609375,-22.98791694641102],[-43.19930648803711,-22.987361907958928],[-43.19680404663086,-22.987638473510742],[-43.196250915527344,-22.98819351196289],[-43.19430541992182,-22.98847007751459],[-43.19347381591797,-22.98930549621582],[-43.192081451416016,-22.98958206176752],[-43.191806793212834,-22.990972518920785],[-43.1904182434082,-22.990972518920785],[-43.18902587890625,-22.989027023315373],[-43.18708419799805,-22.98819351196289],[-43.186527252197266,-22.987083435058537],[-43.18541717529291,-22.987083435058537],[-43.18486022949213,-22.986528396606445],[-43.18541717529291,-22.9851398468017],[-43.18847274780268,-22.985416412353516],[-43.18930435180664,-22.98374938964838],[-43.18930435180664,-22.981250762939453],[-43.18875122070307,-22.980972290039006],[-43.18875122070307,-22.979303359985295],[-43.18819427490229,-22.97875022888178],[-43.18819427490229,-22.97763824462885],[-43.18708419799805,-22.97763824462885],[-43.18541717529291,-22.975694656372013],[-43.18513870239252,-22.974582672119084],[-43.18375015258789,-22.9737491607666],[-43.182083129882756,-22.971805572509766],[-43.180973052978516,-22.971527099609318],[-43.17958450317383,-22.969861984252873],[-43.17763900756836,-22.96902847290039],[-43.17652893066406,-22.96902847290039],[-43.17625045776367,-22.968196868896428],[-43.1743049621582,-22.96763610839838],[-43.171527862548714,-22.9659748077392],[-43.17069625854492,-22.9659748077392],[-43.16986083984375,-22.965139389038086],[-43.16902923583979,-22.965139389038086],[-43.167640686035156,-22.964027404785043],[-43.166526794433594,-22.964027404785043],[-43.166248321533146,-22.96347236633295],[-43.164306640625,-22.9637508392334],[-43.164306640625,-22.964582443237305],[-43.162918090820256,-22.965414047241097],[-43.16208267211903,-22.965414047241097],[-43.1595840454101,-22.964582443237305],[-43.15930557250971,-22.96263885498047],[-43.15986251831049,-22.96263885498047],[-43.15986251831049,-22.958471298217773],[-43.16041564941406,-22.95819473266596],[-43.16041564941406,-22.95708274841303],[-43.16319274902338,-22.95708274841303],[-43.164306640625,-22.956529617309513],[-43.16402816772461,-22.9545841217041],[-43.162639617919865,-22.954025268554688],[-43.161529541015625,-22.954025268554688],[-43.16069412231445,-22.95319366455078],[-43.1595840454101,-22.953472137451172],[-43.156806945800724,-22.953472137451172],[-43.15597152709955,-22.95319366455078],[-43.155418395996094,-22.952362060546818],[-43.15402603149414,-22.952638626098633],[-43.15319442749018,-22.951528549194336],[-43.150970458984375,-22.951528549194336],[-43.15069580078125,-22.949306488037053],[-43.15208435058594,-22.94791603088379],[-43.15402603149414,-22.94791603088379],[-43.15486145019531,-22.94708251953125],[-43.15486145019531,-22.945417404174805],[-43.155418395996094,-22.944583892822266],[-43.155418395996094,-22.94347190856928],[-43.15375137329096,-22.94208335876465],[-43.15208435058594,-22.94208335876465],[-43.15069580078125,-22.940696716308594],[-43.151527404785156,-22.940139770507812],[-43.151527404785156,-22.939027786254883],[-43.15402603149414,-22.939027786254883],[-43.15402603149414,-22.939861297607422],[-43.155418395996094,-22.939861297607422],[-43.15597152709955,-22.94097137451172],[-43.1573600769043,-22.94124984741211],[-43.1573600769043,-22.943195343017578],[-43.15819549560547,-22.94375038146967],[-43.15930557250971,-22.94347190856928],[-43.16180419921875,-22.94347190856928],[-43.162361145019474,-22.944305419921875],[-43.16374969482422,-22.945417404174805],[-43.16374969482422,-22.947362899780217],[-43.16597366333002,-22.94874954223627],[-43.166805267333984,-22.9498615264892],[-43.16930389404291,-22.950693130493107],[-43.16930389404291,-22.949306488037053],[-43.16986083984375,-22.94847106933588],[-43.17263793945307,-22.949306488037053],[-43.173194885253906,-22.950416564941406],[-43.1743049621582,-22.950416564941406],[-43.175971984863224,-22.9498615264892],[-43.17736053466797,-22.94847106933588],[-43.17930603027344,-22.94847106933588],[-43.18125152587879,-22.947362899780217],[-43.18125152587879,-22.94514083862299],[-43.180416107177734,-22.944860458374023],[-43.17986297607422,-22.94347190856928],[-43.17847061157221,-22.94375038146967],[-43.17402648925781,-22.94375038146967],[-43.17235946655268,-22.942636489868164],[-43.17235946655268,-22.94208335876465],[-43.17069625854492,-22.941806793212777],[-43.1695823669433,-22.940139770507812],[-43.1695823669433,-22.939027786254883],[-43.168750762939396,-22.93847274780262],[-43.168750762939396,-22.937082290649357],[-43.16930389404291,-22.935693740844727],[-43.17180633544916,-22.934305191039982],[-43.17180633544916,-22.930416107177734],[-43.17097091674805,-22.92763710021967],[-43.16986083984375,-22.925138473510685],[-43.16902923583979,-22.924583435058594],[-43.16902923583979,-22.923749923706055],[-43.16791534423828,-22.92208290100092],[-43.16791534423828,-22.9193058013916],[-43.16847229003895,-22.917640686035156],[-43.17069625854492,-22.917640686035156],[-43.17124938964844,-22.917083740234318],[-43.17124938964844,-22.915695190429688],[-43.16986083984375,-22.915136337280217],[-43.16791534423828,-22.915136337280217],[-43.166805267333984,-22.916805267333928],[-43.16569519042963,-22.915971755981445],[-43.16347122192383,-22.916528701782227],[-43.162918090820256,-22.917360305786133],[-43.160972595214844,-22.917083740234318],[-43.15986251831049,-22.916528701782227],[-43.15930557250971,-22.915136337280217],[-43.15791702270508,-22.91347312927246],[-43.15819549560547,-22.912639617919922],[-43.1595840454101,-22.91236114501953],[-43.160972595214844,-22.912914276122933],[-43.160972595214844,-22.90763854980463],[-43.161529541015625,-22.90680503845215],[-43.161529541015625,-22.905694961547795],[-43.16208267211903,-22.904306411743164],[-43.162918090820256,-22.90402984619135],[-43.164859771728516,-22.90402984619135],[-43.166526794433594,-22.904582977294865],[-43.168750762939396,-22.904582977294865],[-43.17041778564453,-22.903749465942383],[-43.17097091674805,-22.90291786193842],[-43.17097091674805,-22.90180778503418],[-43.17263793945307,-22.901525497436523],[-43.173194885253906,-22.900695800781193],[-43.1734733581543,-22.89875030517578],[-43.171527862548714,-22.89875030517578],[-43.16986083984375,-22.899026870727482],[-43.16847229003895,-22.899860382080078],[-43.167083740234375,-22.899585723876953],[-43.167083740234375,-22.89875030517578],[-43.166248321533146,-22.896528244018498],[-43.166805267333984,-22.896249771118107],[-43.167362213134766,-22.894861221313477],[-43.168750762939396,-22.895139694213867],[-43.1695823669433,-22.89430618286127],[-43.17069625854492,-22.89430618286127],[-43.17097091674805,-22.893472671508732],[-43.17235946655268,-22.89291763305664],[-43.17402648925781,-22.89291572570795],[-43.17514038085932,-22.8920841217041],[-43.175693511962834,-22.893472671508732],[-43.175693511962834,-22.894861221313477],[-43.17625045776367,-22.895694732666016],[-43.177917480468636,-22.895416259765625],[-43.177917480468636,-22.894027709960824],[-43.17847061157221,-22.89263916015625],[-43.17958450317383,-22.89291763305664],[-43.17958450317383,-22.89430618286127],[-43.180416107177734,-22.895416259765625],[-43.182918548583984,-22.895139694213867],[-43.18319320678711,-22.894027709960824],[-43.18458175659174,-22.893472671508732],[-43.18486022949213,-22.89236068725586],[-43.186527252197266,-22.89263916015625],[-43.18875122070307,-22.89263916015625],[-43.18986129760742,-22.89152717590332],[-43.19097137451166,-22.89180564880371],[-43.19347381591797,-22.89180564880371],[-43.19597244262695,-22.89152717590332],[-43.196529388427734,-22.89263916015625],[-43.19847106933594,-22.89263916015625],[-43.199859619140625,-22.89291763305664],[-43.199859619140625,-22.894027709960824],[-43.201248168945256,-22.89430618286127],[-43.20291519165039,-22.895139694213867],[-43.20513916015625,-22.895694732666016],[-43.20680618286127,-22.89708328247059],[-43.2087516784668,-22.89708328247059],[-43.20930480957031,-22.89763832092285],[-43.21125030517578,-22.897361755371037],[-43.21180725097656,-22.894582748413086],[-43.212917327880746,-22.894027709960824],[-43.212917327880746,-22.89263916015625],[-43.21347045898432,-22.8920841217041],[-43.2140274047851,-22.890138626098576],[-43.215415954589844,-22.888471603393555],[-43.215415954589844,-22.886249542236328],[-43.2140274047851,-22.885139465331974],[-43.21347045898432,-22.885139465331974],[-43.21319580078119,-22.883750915527344],[-43.21069335937494,-22.88208389282221],[-43.21069335937494,-22.881250381469727],[-43.207916259765625,-22.879583358764535],[-43.20735931396479,-22.878471374511662],[-43.20569610595703,-22.876529693603516],[-43.20458221435541,-22.875972747802678],[-43.20458221435541,-22.87236022949213],[-43.20430374145502,-22.8709716796875],[-43.20624923706055,-22.869861602783203],[-43.208194732666016,-22.867916107177734],[-43.20986175537098,-22.86708259582514],[-43.210971832275334,-22.867916107177734],[-43.21180725097656,-22.869028091430664],[-43.21430587768555,-22.87180328369135],[-43.2162513732909,-22.872915267944336],[-43.217361450195256,-22.873193740844613],[-43.217918395996094,-22.872085571289006],[-43.21930694580067,-22.87152862548828],[-43.221527099609375,-22.87152862548828],[-43.222084045410156,-22.87263870239252],[-43.22430419921875,-22.87347221374506],[-43.22541809082031,-22.87236022949213],[-43.22541809082031,-22.87069320678711],[-43.22624969482416,-22.869861602783203],[-43.22652816772455,-22.868749618530273],[-43.227638244628906,-22.868749618530273],[-43.22874832153309,-22.867916107177734],[-43.22874832153309,-22.86736106872553],[-43.22375106811518,-22.86736106872553],[-43.222915649414006,-22.867916107177734],[-43.221527099609375,-22.867916107177734],[-43.22041702270502,-22.86958122253418],[-43.21958160400385,-22.86958122253418],[-43.21930694580067,-22.870416641235295],[-43.21847152709961,-22.87069320678711],[-43.215694427490234,-22.87069320678711],[-43.2140274047851,-22.870138168334847],[-43.21347045898432,-22.867916107177734],[-43.21347045898432,-22.865694046020508],[-43.2140274047851,-22.86347198486328],[-43.21486282348633,-22.86347198486328],[-43.2162513732909,-22.86208343505848],[-43.2162513732909,-22.860137939453068],[-43.21347045898432,-22.860137939453068],[-43.21263885498047,-22.860696792602425],[-43.2095832824707,-22.860696792602425],[-43.208194732666016,-22.86041450500477],[-43.208194732666016,-22.858474731445312],[-43.2095832824707,-22.85791587829584],[-43.21125030517578,-22.858192443847656],[-43.21347045898432,-22.858192443847656],[-43.215694427490234,-22.85736083984375],[-43.215972900390625,-22.858192443847656],[-43.21819305419922,-22.859027862548714],[-43.222915649414006,-22.859027862548714],[-43.224029541015625,-22.858192443847656],[-43.22652816772455,-22.85708236694336],[-43.22652816772455,-22.856250762939396],[-43.22874832153309,-22.854305267333984],[-43.22902679443354,-22.85291671752924],[-43.22986221313471,-22.85236167907715],[-43.232082366943246,-22.849027633666935],[-43.23236083984369,-22.8468074798584],[-43.23125076293945,-22.84541511535639],[-43.23125076293945,-22.844303131103516],[-43.23041534423828,-22.84375],[-43.22930526733393,-22.84375],[-43.22847366333008,-22.842361450195312],[-43.227359771728516,-22.842361450195312],[-43.22652816772455,-22.841806411743107],[-43.22430419921875,-22.841806411743107],[-43.22347259521479,-22.842081069946232],[-43.222637176513615,-22.843193054199162],[-43.222637176513615,-22.844303131103516],[-43.223194122314396,-22.844583511352425],[-43.22375106811518,-22.84708595275879],[-43.222915649414006,-22.84791755676258],[-43.22097396850586,-22.847639083862305],[-43.22097396850586,-22.846525192260742],[-43.22041702270502,-22.845972061157227],[-43.22041702270502,-22.844863891601562],[-43.21986007690424,-22.844028472900334],[-43.221527099609375,-22.842638015747013],[-43.222084045410156,-22.842638015747013],[-43.222637176513615,-22.840972900390568],[-43.22347259521479,-22.839860916137695],[-43.22597122192377,-22.839582443237305],[-43.22597122192377,-22.8376407623291],[-43.227638244628906,-22.8376407623291],[-43.22874832153309,-22.83708381652832],[-43.23125076293945,-22.83708381652832],[-43.232082366943246,-22.838193893432504],[-43.233196258544865,-22.83875083923334],[-43.234859466552734,-22.839027404785156],[-43.238750457763615,-22.839027404785156],[-43.239028930664006,-22.83847236633295],[-43.24069595336914,-22.8376407623291],[-43.24236297607416,-22.8376407623291],[-43.243473052978516,-22.836528778076172],[-43.24458312988281,-22.83680534362793],[-43.24430465698242,-22.83847236633295],[-43.242916107177734,-22.839027404785156],[-43.24208450317377,-22.840139389038086],[-43.241249084472656,-22.840415954589787],[-43.240970611572266,-22.841249465942383],[-43.24013900756836,-22.841249465942383],[-43.23986053466797,-22.84375],[-43.24041748046875,-22.844303131103516],[-43.24041748046875,-22.847360610961914],[-43.23958206176752,-22.848472595214844],[-43.239307403564396,-22.850139617919865],[-43.23819351196289,-22.85152816772461],[-43.2379150390625,-22.85291671752924],[-43.23652648925781,-22.854305267333984],[-43.23652648925781,-22.85652732849121],[-43.23541641235346,-22.85763931274414],[-43.23513793945301,-22.86041450500477],[-43.23569488525385,-22.860971450805607],[-43.2368049621582,-22.860971450805607],[-43.237361907958984,-22.859582901000977],[-43.237640380859375,-22.85791587829584],[-43.237640380859375,-22.855417251586857],[-43.2379150390625,-22.854305267333984],[-43.239028930664006,-22.85152816772461],[-43.23986053466797,-22.850973129272347],[-43.23986053466797,-22.849582672119084],[-43.24041748046875,-22.848194122314453],[-43.24180603027338,-22.846250534057617],[-43.24263763427729,-22.845972061157227],[-43.24263763427729,-22.844028472900334],[-43.243473052978516,-22.841806411743107],[-43.24430465698242,-22.841249465942383],[-43.24486160278309,-22.840139389038086],[-43.24597167968744,-22.840139389038086],[-43.24680709838867,-22.839582443237305],[-43.24874877929682,-22.839582443237305],[-43.24874877929682,-22.840694427490178],[-43.250972747802734,-22.839305877685547],[-43.252082824706974,-22.838193893432504],[-43.252082824706974,-22.8376407623291],[-43.2540283203125,-22.83597183227539],[-43.25513839721674,-22.835695266723576],[-43.25569534301758,-22.834583282470646],[-43.256526947021484,-22.834306716918945],[-43.256805419921875,-22.83319664001459],[-43.257915496826115,-22.83319664001459],[-43.258193969726506,-22.83208274841303],[-43.26013946533203,-22.83124923706049],[-43.26152801513666,-22.82958221435547],[-43.262916564941406,-22.828750610351562],[-43.262916564941406,-22.827917098999023],[-43.2637481689452,-22.82652854919428],[-43.26486206054682,-22.825971603393498],[-43.26625061035156,-22.824861526489258],[-43.26625061035156,-22.823194503784123],[-43.26680374145508,-22.821807861328068],[-43.2673606872558,-22.821807861328068],[-43.268470764160156,-22.820138931274357],[-43.268470764160156,-22.819303512573185],[-43.26930618286133,-22.819026947021484],[-43.26958465576172,-22.81708335876459],[-43.27013778686512,-22.8168048858642],[-43.27013778686512,-22.81541633605957],[-43.27069473266596,-22.813194274902344],[-43.26958465576172,-22.812915802001953],[-43.26958465576172,-22.81208419799799],[-43.27041625976557,-22.811250686645508],[-43.27125167846674,-22.811250686645508],[-43.272361755371094,-22.809583663940316],[-43.272361755371094,-22.803749084472656],[-43.27361297607422,-22.80347251892084],[-43.284114837646484,-22.810150146484375],[-43.28636169433594,-22.807455062866154],[-43.2911376953125,-22.810026168823185],[-43.29637908935547,-22.806537628173828],[-43.307437896728516,-22.798421859741097],[-43.31393814086914,-22.80238342285145],[-43.32049560546875,-22.799997329711914],[-43.32762145996088,-22.802261352539006],[-43.33052444458008,-22.802078247070256],[-43.358882904052734,-22.80319023132313],[-43.37692260742182,-22.81060791015625],[-43.390003204345646,-22.814094543456974],[-43.391685485839844,-22.814247131347656],[-43.414833068847656,-22.821119308471566],[-43.425697326660156,-22.834383010864258],[-43.457969665527344,-22.84929084777832],[-43.463825225829964,-22.845529556274357],[-43.469966888427734,-22.84088706970215],[-43.48289871215809,-22.832077026367188],[-43.490329742431584,-22.81601905822754],[-43.494705200195256,-22.816722869873047],[-43.516281127929574,-22.82083511352539],[-43.567173004150334,-22.831092834472656],[-43.58819580078125,-22.8386287689209],[-43.59344482421875,-22.860393524169922],[-43.597141265869084,-22.857809066772404],[-43.624820709228516,-22.862722396850586],[-43.64424514770502,-22.8562393188476],[-43.66269302368164,-22.864610671996957],[-43.674442291259766,-22.864704132080078],[-43.697776794433594,-22.86489486694336],[-43.73326873779297,-22.87774467468256],[-43.74962997436518,-22.878822326660156],[-43.752021789550724,-22.88892364501953],[-43.76713562011719,-22.8955078125],[-43.7729759216308,-22.893184661865234],[-43.77472686767567,-22.89691925048828],[-43.780220031738224,-22.895572662353516],[-43.784229278564396,-22.9039630889892],[-43.787418365478516,-22.900665283203125],[-43.794307708740234,-22.903863906860295],[-43.792175292968636,-22.9114093780517],[-43.79595868464935,-22.91899259074198],[-43.78993576256789,-22.925657540034408],[-43.77972679092008,-22.922601943813483],[-43.78065074073899,-22.92765576133658],[-43.77455025625011,-22.932790350391798],[-43.75886075585001,-22.937944240088513],[-43.74716367862217,-22.946253214884166],[-43.7409263328241,-22.950632483927976],[-43.73368239273955,-22.954532913656124],[-43.72892264023534,-22.957868530513707],[-43.72316015143349,-22.962754338937913],[-43.72011947631836,-22.965150833129883],[-43.720248217226924,-22.971423311459844],[-43.71445209273517,-22.972048202860407],[-43.709782384573714,-22.974246743371822],[-43.706008625718,-22.977849509392925],[-43.7001507260415,-22.985700814425854],[-43.695718799881234,-22.984678721199018],[-43.689524790895376,-22.99170701830481],[-43.688481246019506,-22.986884691251987],[-43.68228542346243,-22.98353881563591],[-43.68028827330994,-22.981198837066373],[-43.67530881165186,-22.980527849235173],[-43.671376326294535,-22.981954593478576],[-43.662385973538704,-22.988231493793094],[-43.66057199845196,-22.990712679957184],[-43.65612030029297,-22.9951496124267],[-43.65569305419916,-22.995187759399414],[-43.6548957824707,-22.999860763549805],[-43.65430450439453,-23.000415802001953],[-43.65319442749018,-23.000415802001953],[-43.65319442749018,-23.00319480895996],[-43.65180587768555,-23.00319480895996],[-43.651527404785156,-23.002639770507756],[-43.64986038208002,-23.002639770507756],[-43.649307250976506,-23.001527786254826],[-43.647640228271484,-23.001527786254826],[-43.6470832824707,-23.002082824706918],[-43.642639160156136,-23.002082824706918],[-43.64152908325195,-23.00319480895996],[-43.64097213745117,-23.0043048858642],[-43.63930511474598,-23.005416870117074],[-43.6390266418457,-23.006250381469727],[-43.637916564941406,-23.005971908569336],[-43.63541793823242,-23.006250381469727],[-43.63013839721674,-23.006250381469727],[-43.62819290161133,-23.006807327270508],[-43.626804351806584,-23.007915496826172],[-43.62486267089844,-23.00847244262684],[-43.62291717529297,-23.00847244262684],[-43.62263870239258,-23.009582519531193],[-43.6220817565918,-23.00986099243164],[-43.62180709838867,-23.011249542236328],[-43.61958312988281,-23.01263809204096],[-43.61958312988281,-23.013195037841797],[-43.61791610717768,-23.01402854919428],[-43.61652755737305,-23.015693664550724],[-43.616249084472656,-23.016527175903207],[-43.6151390075683,-23.016527175903207],[-43.61402893066395,-23.01736068725586],[-43.61319351196289,-23.01847267150879],[-43.611804962158146,-23.019304275512695],[-43.61097335815424,-23.019304275512695],[-43.610137939453125,-23.02013969421381],[-43.607917785644474,-23.020971298217773],[-43.60680389404297,-23.020971298217773],[-43.60597229003906,-23.021526336669865],[-43.60569381713867,-23.022361755371037],[-43.60235977172846,-23.022361755371037],[-43.60041809082031,-23.022682189941293],[-43.59958267211914,-23.023195266723576],[-43.59875106811518,-23.025693893432617],[-43.59875106811518,-23.026805877685547],[-43.598194122314396,-23.027082443237248],[-43.59763717651367,-23.028749465942383],[-43.596248626708984,-23.029861450195312],[-43.596527099609375,-23.030693054199105],[-43.59791564941395,-23.029581069946232],[-43.59875106811518,-23.027639389038086],[-43.60013961791992,-23.027082443237248],[-43.60097122192383,-23.02625083923334],[-43.60347366333008,-23.02625083923334],[-43.60430526733387,-23.027082443237248],[-43.604026794433594,-23.027639389038086],[-43.604026794433594,-23.030138015747013],[-43.60319519042969,-23.030416488647404],[-43.6029167175293,-23.03125],[-43.6029167175293,-23.035417556762695],[-43.6037483215332,-23.035694122314453],[-43.6037483215332,-23.037361145019474],[-43.60319519042969,-23.03874969482422],[-43.59958267211914,-23.040416717529183],[-43.59763717651367,-23.040416717529183],[-43.596527099609375,-23.040971755981445],[-43.594581604003906,-23.040971755981445],[-43.59347152709961,-23.040416717529183],[-43.592082977294865,-23.04069519042963],[-43.590415954589844,-23.04069519042963],[-43.58986282348633,-23.041250228881836],[-43.58736038208008,-23.041805267333984],[-43.5845832824707,-23.04402732849121],[-43.5845832824707,-23.04513931274414],[-43.5837516784668,-23.045694351196232],[-43.582084655761605,-23.045694351196232],[-43.58152770996094,-23.046249389648438],[-43.57902908325184,-23.045972824096623],[-43.576248168945256,-23.045972824096623],[-43.57597351074213,-23.046527862548828],[-43.5745849609375,-23.047082901000977],[-43.57347106933588,-23.047082901000977],[-43.571250915527344,-23.04930686950678],[-43.568748474121094,-23.050971984863224],[-43.568748474121094,-23.052083969116154],[-43.566249847411996,-23.052640914916935],[-43.56430435180664,-23.05430603027338],[-43.56291580200184,-23.05513954162592],[-43.56291580200184,-23.057083129882756],[-43.56236267089844,-23.0584716796875],[-43.56347274780268,-23.059303283691293],[-43.56347274780268,-23.05986022949213],[-43.56458282470703,-23.060693740844727],[-43.56458282470703,-23.06125068664545],[-43.56735992431635,-23.06125068664545],[-43.56791687011719,-23.05958366394043],[-43.566806793212834,-23.059303283691293],[-43.56513977050781,-23.057916641235238],[-43.56513977050781,-23.055694580078125],[-43.56735992431635,-23.0534725189209],[-43.56930541992176,-23.052640914916935],[-43.57069396972656,-23.052640914916935],[-43.57263946533192,-23.051528930664062],[-43.572917938232365,-23.050971984863224],[-43.575416564941406,-23.04902839660639],[-43.57569503784168,-23.048471450805607],[-43.57875061035156,-23.047361373901367],[-43.58152770996094,-23.047082901000977],[-43.58235931396479,-23.046527862548828],[-43.584861755371094,-23.046249389648438],[-43.58541488647455,-23.04541587829584],[-43.58541488647455,-23.0443058013916],[-43.58736038208008,-23.042917251586857],[-43.58763885498047,-23.042360305786076],[-43.59013748168945,-23.041528701782227],[-43.591251373291016,-23.041528701782227],[-43.59319305419922,-23.040971755981445],[-43.59402847290039,-23.041805267333984],[-43.596805572509766,-23.041805267333984],[-43.598194122314396,-23.040971755981445],[-43.60013961791992,-23.040971755981445],[-43.60152816772455,-23.040416717529183],[-43.60235977172846,-23.0395832061767],[-43.6037483215332,-23.03930473327631],[-43.60486221313471,-23.036529541015625],[-43.60486221313471,-23.0343074798584],[-43.60680389404297,-23.03347206115717],[-43.60736083984375,-23.032638549804688],[-43.60847091674799,-23.03208351135254],[-43.612361907958984,-23.03208351135254],[-43.61347198486328,-23.030971527099553],[-43.61486053466791,-23.030971527099553],[-43.61541748046875,-23.031528472900334],[-43.61680603027344,-23.031528472900334],[-43.618751525878906,-23.032638549804688],[-43.62236022949219,-23.03319358825678],[-43.62874984741211,-23.03319358825678],[-43.62874984741211,-23.03347206115717],[-43.631805419921875,-23.03347206115717],[-43.632362365722656,-23.034025192260742],[-43.63513946533203,-23.034025192260742],[-43.63569259643555,-23.03458595275879],[-43.63708496093744,-23.03458595275879],[-43.637916564941406,-23.035137176513615],[-43.63986206054682,-23.035137176513615],[-43.64152908325195,-23.035694122314453],[-43.64374923706049,-23.035694122314453],[-43.64430618286133,-23.03624725341797],[-43.647361755371094,-23.036806106567326],[-43.64902877807606,-23.036806106567326],[-43.64958190917963,-23.037361145019474],[-43.651248931884766,-23.037361145019474],[-43.65180587768555,-23.03791618347168],[-43.653472900390625,-23.03791618347168],[-43.65402603149414,-23.03847312927246],[-43.65569305419916,-23.03847312927246],[-43.66069412231445,-23.04069519042963],[-43.66402816772461,-23.04069519042963],[-43.66569519042963,-23.042083740234375],[-43.666805267333984,-23.042083740234375],[-43.667362213134766,-23.042638778686467],[-43.668331146240234,-23.05158233642578],[-43.66835784912104,-23.053194046020508]]],[[[-43.147083282470646,-22.964027404785043],[-43.146804809570256,-22.961250305175724],[-43.147640228271484,-22.961250305175724],[-43.14875030517578,-22.96208381652832],[-43.15013885498041,-22.962360382080078],[-43.1504173278808,-22.96430587768549],[-43.14986038208002,-22.9659748077392],[-43.14791488647461,-22.964860916137695],[-43.147083282470646,-22.964027404785043]]],[[[-43.81152725219721,-22.923471450805664],[-43.813194274902344,-22.924583435058594],[-43.813472747802734,-22.925971984863224],[-43.81124877929676,-22.926250457763615],[-43.8095817565918,-22.924861907958984],[-43.81041717529297,-22.923749923706055],[-43.81152725219721,-22.923471450805664]]],[[[-43.7834739685058,-22.925416946411076],[-43.78513717651367,-22.925416946411076],[-43.78680419921869,-22.926250457763615],[-43.78680419921869,-22.928747177124023],[-43.78513717651367,-22.929025650024414],[-43.78374862670893,-22.92819595336914],[-43.78319549560541,-22.927085876464787],[-43.7834739685058,-22.925416946411076]]],[[[-43.19569396972656,-22.887361526489258],[-43.197917938232365,-22.887636184692383],[-43.197917938232365,-22.88819694519043],[-43.196529388427734,-22.88819694519043],[-43.19569396972656,-22.887361526489258]]],[[[-43.2087516784668,-22.889862060546875],[-43.20986175537098,-22.890693664550668],[-43.20930480957031,-22.8920841217041],[-43.208194732666016,-22.8920841217041],[-43.207916259765625,-22.890693664550668],[-43.2087516784668,-22.889862060546875]]],[[[-43.2087516784668,-22.889862060546875],[-43.20735931396479,-22.889583587646484],[-43.20735931396479,-22.88708305358881],[-43.20763778686518,-22.885974884033203],[-43.21014022827143,-22.885974884033203],[-43.21014022827143,-22.88791847229004],[-43.20930480957031,-22.888471603393555],[-43.2087516784668,-22.889862060546875]]],[[[-43.17402648925781,-22.882360458374023],[-43.17486190795887,-22.882360458374023],[-43.175693511962834,-22.883192062377873],[-43.17680740356445,-22.884860992431584],[-43.17541503906244,-22.884582519531193],[-43.1734733581543,-22.884582519531193],[-43.17263793945307,-22.884027481079045],[-43.172916412353516,-22.88291740417469],[-43.17402648925781,-22.882360458374023]]],[[[-43.17514038085932,-22.83625030517578],[-43.175693511962834,-22.83736038208002],[-43.17402648925781,-22.837917327880803],[-43.17402648925781,-22.83708381652832],[-43.17514038085932,-22.83625030517578]]],[[[-43.10847091674799,-22.80013847351063],[-43.10902786254877,-22.801250457763672],[-43.10791778564442,-22.801250457763672],[-43.10847091674799,-22.80013847351063]]],[[[-43.11680603027344,-22.802360534667912],[-43.11875152587885,-22.802360534667912],[-43.11930465698242,-22.804027557373047],[-43.11819458007807,-22.804582595825195],[-43.11680603027344,-22.80347251892084],[-43.11680603027344,-22.802360534667912]]],[[[-43.111804962158146,-22.79569435119629],[-43.11319351196289,-22.79624938964838],[-43.11319351196289,-22.7976398468017],[-43.111526489257756,-22.7976398468017],[-43.1109733581543,-22.79652976989746],[-43.111804962158146,-22.79569435119629]]],[[[-43.14875030517578,-22.786527633666992],[-43.151248931884766,-22.786806106567383],[-43.151527404785156,-22.788194656372013],[-43.14986038208002,-22.788194656372013],[-43.14875030517578,-22.786527633666992]]],[[[-43.1595840454101,-22.770139694213867],[-43.161529541015625,-22.770416259765568],[-43.16208267211903,-22.771249771118164],[-43.16180419921875,-22.772083282470703],[-43.15986251831049,-22.772083282470703],[-43.16013717651367,-22.773750305175724],[-43.15986251831049,-22.77569389343256],[-43.15874862670887,-22.775972366333008],[-43.157081604003906,-22.775972366333008],[-43.15625,-22.77541732788086],[-43.15291595458979,-22.77541732788086],[-43.152637481689396,-22.774583816528207],[-43.15180587768555,-22.774583816528207],[-43.15180587768555,-22.772916793823242],[-43.152637481689396,-22.772083282470703],[-43.15375137329096,-22.773195266723633],[-43.15625,-22.773195266723633],[-43.15791702270508,-22.77152824401844],[-43.15902709960932,-22.770971298217773],[-43.1595840454101,-22.770139694213867]]],[[[-43.25875091552729,-22.824583053588867],[-43.26041793823242,-22.82513809204096],[-43.25958251953125,-22.82708358764637],[-43.257637023925724,-22.826805114746094],[-43.257362365722656,-22.825416564941406],[-43.25875091552729,-22.824583053588867]]],[[[-43.14014053344721,-22.825416564941406],[-43.139583587646484,-22.824583053588867],[-43.139583587646484,-22.823194503784123],[-43.140415191650334,-22.823194503784123],[-43.14014053344721,-22.825416564941406]]],[[[-43.15236282348633,-22.818750381469727],[-43.15319442749018,-22.819860458373967],[-43.152637481689396,-22.820972442626896],[-43.15180587768555,-22.819303512573185],[-43.15236282348633,-22.818750381469727]]],[[[-43.16208267211903,-22.810972213745117],[-43.16319274902338,-22.8118057250976],[-43.16458511352539,-22.8118057250976],[-43.16513824462879,-22.813194274902344],[-43.164306640625,-22.814027786254826],[-43.162639617919865,-22.815139770507756],[-43.160972595214844,-22.81541633605957],[-43.161251068115234,-22.813472747802734],[-43.161251068115234,-22.8118057250976],[-43.16208267211903,-22.810972213745117]]],[[[-43.12319564819336,-22.806249618530273],[-43.12236022949219,-22.8054141998291],[-43.12319564819336,-22.804582595825195],[-43.12374877929676,-22.8054141998291],[-43.12319564819336,-22.806249618530273]]],[[[-43.13680648803705,-22.804582595825195],[-43.13680648803705,-22.802917480468693],[-43.13624954223633,-22.80152702331543],[-43.13708496093744,-22.80152702331543],[-43.13708496093744,-22.802639007568303],[-43.13763809204096,-22.803192138671875],[-43.13763809204096,-22.804582595825195],[-43.13680648803705,-22.804582595825195]]],[[[-43.1926383972168,-22.81958580017084],[-43.19152832031244,-22.81958580017084],[-43.190692901611214,-22.820417404174748],[-43.1904182434082,-22.821525573730412],[-43.18958282470703,-22.821807861328068],[-43.18930435180664,-22.823194503784123],[-43.18847274780268,-22.823749542236328],[-43.18847274780268,-22.824861526489258],[-43.187637329101506,-22.825695037841797],[-43.187637329101506,-22.827638626098633],[-43.18930435180664,-22.829027175903263],[-43.187637329101506,-22.829027175903263],[-43.186248779296875,-22.829305648803654],[-43.18458175659174,-22.83069229125971],[-43.18458175659174,-22.83152770996088],[-43.18569564819336,-22.83152770996088],[-43.18569564819336,-22.832914352416935],[-43.18486022949213,-22.833749771118164],[-43.18430709838856,-22.832914352416935],[-43.1834716796875,-22.832914352416935],[-43.182640075683594,-22.833749771118164],[-43.182918548583984,-22.83513641357422],[-43.182361602783146,-22.835695266723576],[-43.18125152587879,-22.83513641357422],[-43.18125152587879,-22.834306716918945],[-43.182640075683594,-22.833471298217773],[-43.182083129882756,-22.83180427551258],[-43.180694580078125,-22.83180427551258],[-43.17986297607422,-22.83124923706049],[-43.17986297607422,-22.830417633056527],[-43.17902755737299,-22.82986068725586],[-43.17736053466797,-22.829305648803654],[-43.17708206176758,-22.828193664550724],[-43.17652893066406,-22.827917098999023],[-43.17652893066406,-22.825695037841797],[-43.17625045776367,-22.824861526489258],[-43.17486190795887,-22.82402992248535],[-43.173194885253906,-22.824861526489258],[-43.17263793945307,-22.82652854919428],[-43.1734733581543,-22.827360153198242],[-43.1734733581543,-22.828750610351562],[-43.1743049621582,-22.828750610351562],[-43.17486190795887,-22.82958221435547],[-43.174583435058594,-22.830415725708008],[-43.1734733581543,-22.83152770996088],[-43.17208480834955,-22.83208274841303],[-43.17013931274414,-22.83208274841303],[-43.16847229003895,-22.829027175903263],[-43.16791534423828,-22.827638626098633],[-43.16791534423828,-22.82625007629389],[-43.167362213134766,-22.824583053588867],[-43.16513824462879,-22.823472976684513],[-43.162361145019474,-22.823472976684513],[-43.162639617919865,-22.82236099243164],[-43.16402816772461,-22.82236099243164],[-43.164859771728516,-22.821250915527287],[-43.16513824462879,-22.820138931274357],[-43.167083740234375,-22.820138931274357],[-43.167083740234375,-22.820972442626896],[-43.16819381713867,-22.820972442626896],[-43.1695823669433,-22.821807861328068],[-43.17041778564453,-22.821807861328068],[-43.17235946655268,-22.820417404174748],[-43.1743049621582,-22.820138931274357],[-43.17541503906244,-22.817363739013672],[-43.17652893066406,-22.81597137451172],[-43.17652893066406,-22.814861297607365],[-43.175693511962834,-22.813194274902344],[-43.17541503906244,-22.8118057250976],[-43.17736053466797,-22.81041717529297],[-43.17736053466797,-22.808195114135742],[-43.178195953369084,-22.80597305297846],[-43.178195953369084,-22.802639007568303],[-43.17625045776367,-22.802360534667912],[-43.17625045776367,-22.80180549621582],[-43.17486190795887,-22.799861907958984],[-43.17402648925781,-22.799028396606445],[-43.172916412353516,-22.799304962158146],[-43.17208480834955,-22.798749923706055],[-43.17208480834955,-22.79569435119629],[-43.16986083984375,-22.794307708740234],[-43.168750762939396,-22.793195724487305],[-43.16791534423828,-22.793195724487305],[-43.16597366333002,-22.79152870178217],[-43.16458511352539,-22.790693283080998],[-43.16347122192383,-22.790693283080998],[-43.162639617919865,-22.78986167907715],[-43.16041564941406,-22.78986167907715],[-43.15986251831049,-22.78874969482422],[-43.15902709960932,-22.787916183471623],[-43.15819549560547,-22.787916183471623],[-43.156528472900334,-22.786527633666992],[-43.156528472900334,-22.78569412231434],[-43.155418395996094,-22.783750534057617],[-43.156806945800724,-22.782083511352482],[-43.156528472900334,-22.779861450195256],[-43.1573600769043,-22.7784748077392],[-43.15902709960932,-22.77819633483881],[-43.162639617919865,-22.77819633483881],[-43.16402816772461,-22.777360916137695],[-43.166805267333984,-22.777360916137695],[-43.167362213134766,-22.779304504394418],[-43.16930389404291,-22.78152847290039],[-43.16930389404291,-22.78291893005371],[-43.17097091674805,-22.782638549804574],[-43.17097091674805,-22.78125],[-43.17235946655268,-22.780696868896428],[-43.172916412353516,-22.779861450195256],[-43.172916412353516,-22.777360916137695],[-43.17097091674805,-22.777360916137695],[-43.17180633544916,-22.77541732788086],[-43.173194885253906,-22.77680587768549],[-43.175693511962834,-22.77680587768549],[-43.17625045776367,-22.7784748077392],[-43.17708206176758,-22.779027938842717],[-43.17708206176758,-22.782083511352482],[-43.177917480468636,-22.78291893005371],[-43.17930603027344,-22.783472061157227],[-43.181526184081974,-22.783472061157227],[-43.182361602783146,-22.78152847290039],[-43.18319320678711,-22.78152847290039],[-43.1834716796875,-22.78236198425293],[-43.18458175659174,-22.783193588256836],[-43.18458175659174,-22.784027099609375],[-43.18569564819336,-22.784860610961857],[-43.186527252197266,-22.784860610961857],[-43.187637329101506,-22.784027099609375],[-43.187637329101506,-22.78291893005371],[-43.18902587890625,-22.782083511352482],[-43.1904182434082,-22.782083511352482],[-43.1904182434082,-22.783472061157227],[-43.19097137451166,-22.783750534057617],[-43.190692901611214,-22.785972595214787],[-43.19152832031244,-22.78708267211914],[-43.191806793212834,-22.788194656372013],[-43.19124984741205,-22.788471221923828],[-43.18875122070307,-22.788471221923828],[-43.18847274780268,-22.78986167907715],[-43.18902587890625,-22.79013824462885],[-43.189029693603516,-22.792085647583008],[-43.18958282470703,-22.792638778686523],[-43.189029693603516,-22.793750762939453],[-43.189029693603516,-22.79513931274414],[-43.19013977050781,-22.79513931274414],[-43.19124984741205,-22.794584274291935],[-43.1926383972168,-22.79458236694336],[-43.19347381591797,-22.794025421142578],[-43.19374847412098,-22.79513931274414],[-43.19569396972656,-22.79486083984375],[-43.19569396972656,-22.794025421142578],[-43.197639465331974,-22.793750762939453],[-43.201248168945256,-22.793750762939453],[-43.2015266418457,-22.794307708740234],[-43.204029083251896,-22.795417785644418],[-43.205970764160156,-22.795417785644418],[-43.20708465576166,-22.79513931274414],[-43.20735931396479,-22.794584274291935],[-43.20930480957031,-22.793472290039062],[-43.20930480957031,-22.792638778686523],[-43.21208190917969,-22.789581298828068],[-43.212917327880746,-22.789581298828068],[-43.2140274047851,-22.788194656372013],[-43.216526031494084,-22.78708267211914],[-43.217082977294865,-22.7862491607666],[-43.21819305419922,-22.7862491607666],[-43.21986007690424,-22.784860610961857],[-43.222084045410156,-22.784584045410156],[-43.222637176513615,-22.784027099609375],[-43.225692749023324,-22.784027099609375],[-43.225692749023324,-22.783750534057617],[-43.22902679443354,-22.783750534057617],[-43.22902679443354,-22.785139083862248],[-43.22847366333008,-22.786806106567383],[-43.22847366333008,-22.787916183471623],[-43.22958374023432,-22.788194656372013],[-43.2301406860351,-22.789028167724496],[-43.23125076293945,-22.789581298828068],[-43.233196258544865,-22.78986167907715],[-43.23430633544922,-22.79180335998535],[-43.23597335815424,-22.79180335998535],[-43.2379150390625,-22.79097175598139],[-43.240970611572266,-22.79097175598139],[-43.24152755737293,-22.79180335998535],[-43.24486160278309,-22.79180335998535],[-43.24652862548828,-22.792638778686523],[-43.24763870239258,-22.792638778686523],[-43.2481956481933,-22.793195724487305],[-43.2481956481933,-22.794307708740234],[-43.249305725097656,-22.795417785644418],[-43.250694274902344,-22.79597282409668],[-43.251804351806584,-22.79708290100092],[-43.25513839721674,-22.7976398468017],[-43.256805419921875,-22.79708290100092],[-43.256805419921875,-22.798194885253906],[-43.257362365722656,-22.799028396606445],[-43.25986099243164,-22.80097007751459],[-43.26097106933588,-22.802360534667912],[-43.26124954223627,-22.80347251892084],[-43.2637481689452,-22.803749084472656],[-43.2637481689452,-22.804304122924748],[-43.26124954223627,-22.804304122924748],[-43.2620849609375,-22.80597305297846],[-43.2637481689452,-22.808195114135742],[-43.26430511474604,-22.808471679687443],[-43.26514053344721,-22.810138702392578],[-43.2673606872558,-22.810138702392578],[-43.26680374145508,-22.810972213745117],[-43.26569366455078,-22.810972213745117],[-43.26514053344721,-22.813749313354435],[-43.2631950378418,-22.81541633605957],[-43.262359619140625,-22.81569480895996],[-43.262359619140625,-22.8165283203125],[-43.25986099243164,-22.819026947021484],[-43.25875091552729,-22.81958580017084],[-43.258472442626896,-22.820417404174748],[-43.257362365722656,-22.820417404174748],[-43.256526947021484,-22.821250915527287],[-43.25569534301758,-22.821250915527287],[-43.25458145141596,-22.82208251953125],[-43.2529182434082,-22.82263946533203],[-43.25263977050781,-22.824306488037053],[-43.252082824706974,-22.824861526489258],[-43.252082824706974,-22.827360153198242],[-43.25152969360346,-22.827638626098633],[-43.25125122070301,-22.828750610351562],[-43.249305725097656,-22.829027175903263],[-43.2481956481933,-22.83097267150879],[-43.24680709838867,-22.83097267150879],[-43.24486160278309,-22.83263969421381],[-43.24263763427729,-22.83263969421381],[-43.24152755737293,-22.833749771118164],[-43.24041748046875,-22.834306716918945],[-43.239307403564396,-22.834028244018555],[-43.23819351196289,-22.83263969421381],[-43.237083435058594,-22.83236122131342],[-43.237083435058594,-22.83097267150879],[-43.23625183105463,-22.83069229125971],[-43.23458480834961,-22.828750610351562],[-43.23402786254883,-22.828750610351562],[-43.233196258544865,-22.826805114746094],[-43.23097229003906,-22.824861526489258],[-43.23097229003906,-22.82402992248535],[-43.22847366333008,-22.821807861328068],[-43.22680664062494,-22.821807861328068],[-43.22652816772455,-22.820417404174748],[-43.22430419921875,-22.819303512573185],[-43.21958160400385,-22.819303512573185],[-43.21847152709961,-22.818750381469727],[-43.217082977294865,-22.817363739013672],[-43.21430587768555,-22.817363739013672],[-43.21125030517578,-22.81597137451172],[-43.20930480957031,-22.81597137451172],[-43.20930480957031,-22.8168048858642],[-43.21014022827143,-22.817638397216683],[-43.20930480957031,-22.818750381469727],[-43.20680618286127,-22.818471908569336],[-43.206527709960824,-22.819303512573185],[-43.20486068725586,-22.820138931274357],[-43.202362060546875,-22.820138931274357],[-43.20041656494135,-22.819860458373967],[-43.20041656494135,-22.819303512573185],[-43.19874954223633,-22.819303512573185],[-43.19819259643549,-22.818750381469727],[-43.19569396972656,-22.818750381469727],[-43.19347381591797,-22.819026947021484],[-43.1926383972168,-22.81958580017084]]]]},"properties":{"id_cidade":3304557,"cidade":"Rio de Janeiro","id_microrregiao":330618,"id_mesorregiao":3306,"id_estado":33,"id_regiao":3}},{"type":"Feature","geometry":{"type":"Polygon","coordinates":[[[-41.96078109741211,-22.077373504638615],[-41.94225311279297,-22.07018280029297],[-41.93466949462885,-22.05668067932129],[-41.91028213500971,-22.06782913208002],[-41.90459060668945,-22.064889907836914],[-41.903438568115234,-22.057952880859375],[-41.89944839477539,-22.05488204956049],[-41.895000457763615,-22.05596923828125],[-41.8883438110351,-22.04910659790039],[-41.8773574829101,-22.055095672607422],[-41.86774826049799,-22.052082061767578],[-41.860893249511605,-22.06208992004383],[-41.85971069335932,-22.062040328979492],[-41.85747146606445,-22.063804626464844],[-41.84889602661133,-22.071453094482365],[-41.837505340576115,-22.071287155151367],[-41.8388671875,-22.07423210144043],[-41.83272171020502,-22.078287124633732],[-41.82161331176758,-22.099468231201172],[-41.79249191284174,-22.100013732910156],[-41.77877044677729,-22.096733093261662],[-41.766807556152344,-22.08478355407709],[-41.750606536865234,-22.085983276367074],[-41.755088806152344,-22.07186889648426],[-41.75476837158203,-22.07078552246088],[-41.761573791503906,-22.063480377197266],[-41.75971984863281,-22.05278205871582],[-41.76639175415039,-22.045969009399357],[-41.76342010498041,-22.044036865234375],[-41.7636604309082,-22.034927368164006],[-41.773475646972656,-22.021877288818303],[-41.76375198364258,-22.017940521240234],[-41.763504028320256,-22.0241756439209],[-41.74885559082031,-22.010395050048828],[-41.74150085449219,-22.008832931518555],[-41.73036575317383,-21.996105194091797],[-41.72160720825195,-21.99289894104004],[-41.716163635253906,-21.982795715331918],[-41.71977615356445,-21.967498779296818],[-41.71272659301758,-21.961561203002873],[-41.720726013183594,-21.944478988647404],[-41.71447372436518,-21.923374176025334],[-41.716339111328125,-21.909353256225586],[-41.71099853515625,-21.905422210693303],[-41.71286010742182,-21.902326583862248],[-41.70724105834955,-21.89300727844227],[-41.719745635986214,-21.887115478515568],[-41.73974990844721,-21.890180587768555],[-41.78829956054682,-21.88817024230957],[-41.78936004638666,-21.880920410156193],[-41.79728317260731,-21.876754760742188],[-41.8382835388183,-21.88774681091303],[-41.85746383666992,-21.885128021240178],[-41.88739013671869,-21.880844116210824],[-41.88433074951166,-21.872117996215707],[-41.88887405395508,-21.863504409789982],[-41.90082168579096,-21.864759445190373],[-41.9017219543457,-21.867170333862305],[-41.8927268981933,-21.86693382263178],[-41.895671844482365,-21.878419876098633],[-41.92625427246094,-21.875373840331974],[-41.928127288818246,-21.87219810485834],[-41.932598114013615,-21.870786666870004],[-41.93774795532221,-21.87169647216797],[-41.952392578125,-21.855388641357422],[-41.955528259277344,-21.835996627807617],[-41.96425247192377,-21.829885482788086],[-41.96712112426752,-21.819837570190373],[-41.970527648925724,-21.803142547607422],[-41.9736213684082,-21.80443000793457],[-42.005226135253906,-21.83696937561035],[-42.001724243164006,-21.83973312377924],[-42.00522994995117,-21.846330642700195],[-42.012962341308594,-21.850028991699162],[-42.01834106445301,-21.858568191528263],[-42.02484130859375,-21.862064361572266],[-42.02194976806635,-21.867414474487248],[-42.027473449706974,-21.869356155395394],[-42.034919738769474,-21.88640594482422],[-42.04369735717768,-21.890527725219613],[-42.06240081787098,-21.91834068298334],[-42.073928833007756,-21.91437911987299],[-42.077335357666016,-21.916053771972656],[-42.07467651367182,-21.924577713012695],[-42.07897949218744,-21.93246078491211],[-42.07648086547846,-21.93587493896473],[-42.07929611206055,-21.93681335449213],[-42.08325195312494,-21.936618804931584],[-42.09486770629883,-21.924516677856445],[-42.101310729980355,-21.92694854736328],[-42.09550094604492,-21.93306159973133],[-42.096897125244084,-21.93587303161621],[-42.09002685546869,-21.936138153076115],[-42.093929290771484,-21.94460678100586],[-42.08761978149414,-21.951103210449162],[-42.08259201049799,-21.950725555419865],[-42.08903503417969,-21.96091651916504],[-42.09297943115229,-21.955583572387695],[-42.10122299194336,-21.95604705810547],[-42.10334014892578,-21.96859359741211],[-42.09747695922846,-21.975477218627873],[-42.10044860839838,-21.980037689208984],[-42.1140899658202,-21.98492240905756],[-42.121982574462834,-22.002540588378906],[-42.13189315795893,-22.007551193237305],[-42.13380813598627,-22.01137161254877],[-42.130699157714844,-22.019678115844727],[-42.13628387451166,-22.024938583374023],[-42.13948059082031,-22.029081344604435],[-42.134620666503906,-22.033599853515568],[-42.12395095825195,-22.03040122985834],[-42.100032806396484,-22.030714035034066],[-42.10258865356445,-22.04712677001953],[-42.05192565917969,-22.059574127197266],[-42.001224517822266,-22.0576171875],[-41.98941040039057,-22.062496185302678],[-41.96078109741211,-22.077373504638615]]]},"properties":{"id_cidade":3304607,"cidade":"Santa Maria Madalena","id_microrregiao":330308,"id_mesorregiao":3303,"id_estado":33,"id_regiao":3}},{"type":"Feature","geometry":{"type":"Polygon","coordinates":[[[-42.2711448669433,-21.715682983398438],[-42.26731109619135,-21.71421051025385],[-42.266971588134766,-21.714214324951115],[-42.24589538574219,-21.705690383911076],[-42.23767089843744,-21.69812774658203],[-42.21762847900385,-21.691635131835824],[-42.196449279785156,-21.684305191039982],[-42.18925857543945,-21.68486976623535],[-42.188201904296875,-21.6895751953125],[-42.17756271362305,-21.689973831176758],[-42.18650817871094,-21.679161071777344],[-42.18540191650385,-21.676124572753906],[-42.1965599060058,-21.667221069335824],[-42.19253158569336,-21.658542633056527],[-42.17027282714844,-21.64417266845703],[-42.16651535034174,-21.63904571533203],[-42.16742706298828,-21.633016586303654],[-42.157920837402344,-21.619524002075195],[-42.140674591064396,-21.611022949218693],[-42.13953781127924,-21.605205535888615],[-42.13597869873047,-21.606443405151367],[-42.13342666625971,-21.60250282287592],[-42.122482299804574,-21.602767944335938],[-42.12115097045887,-21.607145309448242],[-42.11828994750965,-21.603313446044865],[-42.11553192138672,-21.604465484619084],[-42.10445022583002,-21.602033615112248],[-42.0879287719726,-21.585214614868164],[-42.087337493896484,-21.57936668395996],[-42.07819747924799,-21.575336456298828],[-42.055564880371094,-21.54693031311035],[-42.05456161499018,-21.526721954345646],[-42.04415130615229,-21.521669387817383],[-42.04003143310547,-21.51400184631342],[-42.002788543701115,-21.495925903320256],[-41.997703552246094,-21.488052368164062],[-42.00519943237305,-21.482513427734375],[-42.007198333740234,-21.475700378417912],[-42.00175857543945,-21.46579933166504],[-41.994895935058594,-21.46385002136219],[-41.993808746337834,-21.45713233947754],[-41.99834060668945,-21.452892303466797],[-42.00139617919922,-21.43367958068842],[-42.00590515136719,-21.432449340820312],[-42.00978088378906,-21.428472518920785],[-42.022945404052734,-21.436307907104492],[-42.035945892333984,-21.43421745300293],[-42.04883956909174,-21.437774658203125],[-42.057865142822266,-21.43336105346674],[-42.07987594604492,-21.450016021728516],[-42.083309173583984,-21.447385787963867],[-42.09403991699213,-21.45399665832514],[-42.099613189697266,-21.45104026794428],[-42.106781005859375,-21.45296669006342],[-42.123287200927734,-21.474365234374943],[-42.13491439819336,-21.470596313476562],[-42.13722229003906,-21.471139907836914],[-42.19700622558594,-21.46919822692871],[-42.202144622802734,-21.469188690185547],[-42.23739242553705,-21.449552536010742],[-42.27558135986328,-21.42845726013178],[-42.280857086181584,-21.432632446289062],[-42.27960968017578,-21.43539810180664],[-42.2859992980957,-21.442329406738224],[-42.284263610839844,-21.446443557739258],[-42.292564392089844,-21.460035324096566],[-42.268562316894474,-21.4688663482666],[-42.27135086059559,-21.475669860839844],[-42.252681732177734,-21.489831924438477],[-42.25292968749994,-21.493694305419922],[-42.259944915771484,-21.496381759643555],[-42.2737083435058,-21.504169464111328],[-42.28436279296875,-21.525209426879883],[-42.28610229492182,-21.52766990661621],[-42.297061920166016,-21.52454757690424],[-42.3062858581543,-21.529535293579045],[-42.30287551879883,-21.53950309753418],[-42.31053161621088,-21.547094345092717],[-42.310394287109375,-21.551908493041992],[-42.31129074096674,-21.552768707275334],[-42.331092834472656,-21.560611724853516],[-42.32734298706055,-21.56268692016596],[-42.32589721679682,-21.570022583007756],[-42.34618759155268,-21.58298492431635],[-42.35308837890625,-21.592065811157227],[-42.3682861328125,-21.618106842040902],[-42.36893844604492,-21.619611740112305],[-42.36705017089844,-21.62202262878418],[-42.36507415771479,-21.624006271362305],[-42.35925674438471,-21.621431350708008],[-42.35567092895508,-21.6258544921875],[-42.36913299560547,-21.639636993408146],[-42.36540603637695,-21.645748138427678],[-42.36496353149414,-21.64629554748535],[-42.35544586181635,-21.64748382568348],[-42.34711456298828,-21.64317512512207],[-42.342933654785156,-21.65578269958496],[-42.340873718261605,-21.66067123413086],[-42.3381462097168,-21.66189193725586],[-42.331813812255746,-21.661701202392578],[-42.324634552001896,-21.656566619873047],[-42.32036972045887,-21.660739898681527],[-42.316402435302734,-21.655452728271484],[-42.30920028686518,-21.65924644470209],[-42.301738739013615,-21.655309677124023],[-42.283016204833984,-21.670658111572152],[-42.287063598632756,-21.672721862792912],[-42.2833137512207,-21.680944442749023],[-42.27523422241205,-21.676912307739258],[-42.27059173583973,-21.681692123413086],[-42.26726150512695,-21.695098876953125],[-42.27174377441406,-21.702465057373047],[-42.271934509277344,-21.703542709350586],[-42.26656341552729,-21.708353042602482],[-42.27173233032215,-21.714557647705078],[-42.270374298095646,-21.71445083618164],[-42.2711448669433,-21.715682983398438]]]},"properties":{"id_cidade":3304706,"cidade":"Santo Antônio de Pádua","id_microrregiao":330102,"id_mesorregiao":3301,"id_estado":33,"id_regiao":3}},{"type":"Feature","geometry":{"type":"Polygon","coordinates":[[[-41.970527648925724,-21.803142547607422],[-41.96712112426752,-21.819837570190373],[-41.96425247192377,-21.829885482788086],[-41.955528259277344,-21.835996627807617],[-41.952392578125,-21.855388641357422],[-41.93774795532221,-21.87169647216797],[-41.932598114013615,-21.870786666870004],[-41.928127288818246,-21.87219810485834],[-41.92625427246094,-21.875373840331974],[-41.895671844482365,-21.878419876098633],[-41.8927268981933,-21.86693382263178],[-41.9017219543457,-21.867170333862305],[-41.90082168579096,-21.864759445190373],[-41.88887405395508,-21.863504409789982],[-41.854118347167855,-21.839424133300724],[-41.83996963500971,-21.834655761718693],[-41.833206176757756,-21.81962013244629],[-41.82088088989258,-21.813684463500977],[-41.81173324584961,-21.804311752319222],[-41.809673309326115,-21.79707145690918],[-41.795387268066406,-21.793397903442383],[-41.79446792602539,-21.78846931457514],[-41.79561233520508,-21.784080505371094],[-41.78955841064442,-21.78186607360834],[-41.77670669555664,-21.786859512328988],[-41.747703552246094,-21.78915214538563],[-41.75172424316406,-21.78037834167469],[-41.736434936523324,-21.763002395629826],[-41.7313613891601,-21.763936996459904],[-41.717639923095646,-21.752843856811523],[-41.712425231933594,-21.75422859191889],[-41.6998291015625,-21.739330291748047],[-41.70121765136713,-21.725738525390625],[-41.695972442626896,-21.714534759521484],[-41.691989898681584,-21.709888458251953],[-41.68963623046875,-21.711948394775277],[-41.68310928344721,-21.70740509033203],[-41.682891845703125,-21.703304290771484],[-41.65552902221674,-21.692821502685547],[-41.65070724487305,-21.687759399414062],[-41.64022445678711,-21.669839859008732],[-41.61822509765625,-21.670106887817326],[-41.6102180480957,-21.664329528808537],[-41.59030151367182,-21.664064407348633],[-41.583885192871094,-21.65334892272938],[-41.573974609375,-21.64967155456543],[-41.57470703125,-21.645559310913086],[-41.56892013549805,-21.640167236328125],[-41.56471252441406,-21.64267921447754],[-41.556053161621094,-21.639984130859375],[-41.55393981933594,-21.63000869750971],[-41.5416374206543,-21.627159118652287],[-41.53913497924805,-21.6218204498291],[-41.548789978027344,-21.615194320678654],[-41.54193878173828,-21.56145858764637],[-41.568359375,-21.568296432495117],[-41.62726974487305,-21.596052169799805],[-41.67345428466797,-21.53044319152832],[-41.683853149414006,-21.51618194580078],[-41.74293899536133,-21.464275360107365],[-41.791893005371094,-21.475282669067326],[-41.823936462402344,-21.482828140258675],[-41.817142486572266,-21.490053176879826],[-41.824005126953125,-21.504974365234318],[-41.823505401611214,-21.512790679931584],[-41.831947326660156,-21.515892028808594],[-41.849349975585824,-21.534265518188477],[-41.867092132568246,-21.55090141296381],[-41.87236022949219,-21.56049156188965],[-41.86840057373041,-21.574459075927734],[-41.88422012329096,-21.579832077026367],[-41.89733123779297,-21.575607299804688],[-41.903022766113224,-21.577421188354435],[-41.930603027343636,-21.591604232788086],[-41.93458175659174,-21.59489631652832],[-41.93803405761713,-21.597190856933537],[-41.937984466552734,-21.64601707458496],[-41.93792724609369,-21.697139739990178],[-41.937870025634766,-21.741508483886662],[-41.93092346191406,-21.742467880249023],[-41.93752670288086,-21.74967956542963],[-41.93586730957031,-21.767877578735295],[-41.945533752441406,-21.77259445190424],[-41.95199966430664,-21.770782470703068],[-41.95903015136719,-21.79256629943842],[-41.970527648925724,-21.803142547607422]]]},"properties":{"id_cidade":3304805,"cidade":"São Fidélis","id_microrregiao":330203,"id_mesorregiao":3302,"id_estado":33,"id_regiao":3}},{"type":"Feature","geometry":{"type":"MultiPolygon","coordinates":[[[[-41.05180740356445,-21.580415725708008],[-41.0526390075683,-21.5806941986084],[-41.0526390075683,-21.581529617309513],[-41.0504150390625,-21.584304809570312],[-41.0504150390625,-21.585973739624023],[-41.05014038085932,-21.587360382080078],[-41.0490264892577,-21.58763885498047],[-41.04875183105469,-21.585695266723576],[-41.0490264892577,-21.584028244018555],[-41.048194885253906,-21.58319473266596],[-41.049304962158146,-21.582359313964844],[-41.05069351196289,-21.581806182861328],[-41.05180740356445,-21.580415725708008]]],[[[-41.01514053344721,-21.609582901000977],[-41.01625061035156,-21.6101398468017],[-41.01625061035156,-21.611528396606445],[-41.01680374145508,-21.612083435058537],[-41.01597213745117,-21.613473892211857],[-41.01430511474604,-21.613750457763672],[-41.01347351074219,-21.612916946411133],[-41.01347351074219,-21.611528396606445],[-41.01430511474604,-21.61096954345703],[-41.01458358764643,-21.609859466552734],[-41.01514053344721,-21.609582901000977]]],[[[-41.04624938964838,-21.585416793823185],[-41.04708480834955,-21.585695266723576],[-41.04708480834955,-21.58791732788086],[-41.04541778564453,-21.589027404785156],[-41.04513931274414,-21.590972900390625],[-41.04624938964838,-21.591527938842717],[-41.04597091674799,-21.593748092651367],[-41.04708480834955,-21.595140457153263],[-41.047359466552734,-21.596248626708928],[-41.047359466552734,-21.598194122314453],[-41.04652786254877,-21.599306106567383],[-41.04652786254877,-21.600973129272404],[-41.04597091674799,-21.602083206176758],[-41.04597091674799,-21.60319519042963],[-41.04458236694336,-21.605415344238224],[-41.04430389404297,-21.60791587829584],[-41.04486083984375,-21.608747482299805],[-41.04486083984375,-21.610694885253906],[-41.04597091674799,-21.611528396606445],[-41.04597091674799,-21.613473892211857],[-41.04652786254877,-21.614305496215763],[-41.04652786254877,-21.6159725189209],[-41.04541778564453,-21.616527557373047],[-41.03985977172846,-21.616527557373047],[-41.037361145019474,-21.6159725189209],[-41.032081604003906,-21.6159725189209],[-41.032081604003906,-21.616249084472656],[-41.028751373291016,-21.616249084472656],[-41.028472900390625,-21.615695953369084],[-41.02708435058588,-21.615417480468693],[-41.024028778076115,-21.615417480468693],[-41.022640228271484,-21.615695953369084],[-41.02180480957031,-21.614582061767464],[-41.01958465576172,-21.614860534667912],[-41.01763916015619,-21.613750457763672],[-41.01763916015619,-21.612638473510742],[-41.018470764160156,-21.612083435058537],[-41.018196105956974,-21.609859466552734],[-41.02041625976551,-21.6101398468017],[-41.01958465576172,-21.60902976989746],[-41.018470764160156,-21.60847282409668],[-41.01958465576172,-21.606805801391488],[-41.01958465576172,-21.606250762939396],[-41.024028778076115,-21.60402870178217],[-41.02513885498047,-21.60319519042963],[-41.02680587768543,-21.60291671752924],[-41.02736282348627,-21.60236167907715],[-41.028751373291016,-21.60236167907715],[-41.02958297729492,-21.600973129272404],[-41.03069305419916,-21.600694656372013],[-41.03097152709955,-21.600139617919922],[-41.03263854980469,-21.600416183471566],[-41.03291702270508,-21.600973129272404],[-41.03541564941406,-21.5987491607666],[-41.03652954101557,-21.5987491607666],[-41.037082672119084,-21.597362518310547],[-41.03791809082031,-21.596527099609318],[-41.03902816772461,-21.596248626708928],[-41.041526794433594,-21.593471527099553],[-41.042362213134766,-21.59319496154785],[-41.044029235839844,-21.589860916137695],[-41.04430389404297,-21.58875083923334],[-41.04486083984375,-21.58847236633295],[-41.04513931274414,-21.587360382080078],[-41.04569625854492,-21.58708381652832],[-41.04624938964838,-21.585416793823185]]],[[[-41.04569244384754,-21.617639541625977],[-41.0484733581543,-21.614860534667912],[-41.047637939453125,-21.613750457763672],[-41.047359466552734,-21.611804962158146],[-41.04652786254877,-21.611528396606445],[-41.04652786254877,-21.60902976989746],[-41.04569625854492,-21.60708236694336],[-41.04680633544916,-21.60402870178217],[-41.04680633544916,-21.60291671752924],[-41.047359466552734,-21.60236167907715],[-41.047916412353516,-21.600694656372013],[-41.047916412353516,-21.599582672119084],[-41.0490264892577,-21.598194122314453],[-41.049304962158146,-21.597084045410156],[-41.05125045776367,-21.597084045410156],[-41.05125045776367,-21.595970153808537],[-41.0504150390625,-21.595693588256836],[-41.04986190795893,-21.594860076904297],[-41.05014038085932,-21.59291648864746],[-41.05097198486328,-21.591249465942326],[-41.05180740356445,-21.590972900390625],[-41.052082061767464,-21.589305877685433],[-41.0526390075683,-21.589027404785156],[-41.0526390075683,-21.587360382080078],[-41.053470611572266,-21.58680534362793],[-41.053470611572266,-21.584583282470703],[-41.05402755737305,-21.583469390869084],[-41.05458450317383,-21.581529617309513],[-41.05597305297846,-21.580137252807617],[-41.05625152587885,-21.579025268554688],[-41.05708312988281,-21.577362060546818],[-41.0573616027832,-21.575416564941406],[-41.058750152587834,-21.575138092041016],[-41.058750152587834,-21.572916030883732],[-41.059028625488224,-21.570972442626896],[-41.06013870239258,-21.569583892822266],[-41.06013870239258,-21.56708335876465],[-41.06041717529297,-21.56624984741211],[-41.05986022949219,-21.565694808959904],[-41.06069564819336,-21.564582824706974],[-41.061248779296875,-21.563194274902344],[-41.06208419799799,-21.56263923645014],[-41.06208419799799,-21.56152725219721],[-41.06402587890625,-21.55791664123535],[-41.06458282470703,-21.556251525878906],[-41.06458282470703,-21.555137634277287],[-41.065139770507756,-21.554027557373047],[-41.06569290161127,-21.550971984863168],[-41.06569290161127,-21.549303054809457],[-41.06708526611328,-21.546527862548828],[-41.0676383972168,-21.54597282409668],[-41.06874847412104,-21.54375267028803],[-41.06874847412104,-21.5426406860351],[-41.06930541992182,-21.541805267333928],[-41.069583892822266,-21.539583206176758],[-41.07013702392578,-21.538749694824162],[-41.07013702392578,-21.537639617919922],[-41.07125091552723,-21.53375053405756],[-41.07208251953119,-21.529861450195256],[-41.07263946533203,-21.52902984619135],[-41.07263946533203,-21.527915954589844],[-41.07319259643555,-21.52708244323719],[-41.07347106933594,-21.525693893432617],[-41.07347106933594,-21.522916793823242],[-41.07374954223633,-21.522916793823242],[-41.07374954223633,-21.511249542236328],[-41.07291793823242,-21.51069450378418],[-41.07208251953119,-21.507917404174805],[-41.07208251953119,-21.505416870117188],[-41.0718040466308,-21.503751754760742],[-41.07097244262695,-21.50208282470703],[-41.069862365722656,-21.501247406005803],[-41.069862365722656,-21.499584197998047],[-41.06902694702143,-21.49708366394043],[-41.06847381591791,-21.49680519104004],[-41.06680679321289,-21.493194580078125],[-41.06680679321289,-21.49236106872553],[-41.06486129760731,-21.490140914916935],[-41.06486129760731,-21.487640380859318],[-41.063194274902344,-21.48736190795887],[-41.062915802001896,-21.486804962158203],[-41.061248779296875,-21.485137939453068],[-41.06097412109375,-21.484027862548828],[-41.05958175659174,-21.48236083984375],[-41.058471679687386,-21.48152732849121],[-41.057640075683594,-21.479305267333984],[-41.056526184081974,-21.47847366333002],[-41.05597305297846,-21.4770832061767],[-41.05541610717762,-21.4770832061767],[-41.05458450317383,-21.47597312927246],[-41.05291748046869,-21.474582672119027],[-41.05291748046869,-21.474029541015625],[-41.05097198486328,-21.4720840454101],[-41.04958343505854,-21.47097206115717],[-41.04875183105469,-21.46930313110346],[-41.047359466552734,-21.467361450195312],[-41.04569625854492,-21.467084884643498],[-41.04458236694336,-21.466527938842773],[-41.043193817138615,-21.466249465942383],[-41.0412483215332,-21.464582443237248],[-41.03985977172846,-21.464582443237248],[-41.03958511352528,-21.46375274658203],[-41.03763961791992,-21.46180534362793],[-41.037082672119084,-21.460695266723576],[-41.03680419921869,-21.459026336669865],[-41.03541564941406,-21.458194732666016],[-41.03513717651367,-21.457082748412972],[-41.03374862670893,-21.45597267150879],[-41.03374862670893,-21.455415725708008],[-41.03097152709955,-21.452917098999023],[-41.030139923095646,-21.452638626098633],[-41.0298614501952,-21.451805114746094],[-41.028751373291016,-21.450971603393498],[-41.02708435058588,-21.447916030883732],[-41.02541732788086,-21.446807861328068],[-41.023193359375,-21.445693969726562],[-41.022640228271484,-21.445138931274357],[-41.022640228271484,-21.443750381469727],[-41.021526336669865,-21.44208335876459],[-41.02041625976551,-21.4415283203125],[-41.02041625976551,-21.44069480895996],[-41.01958465576172,-21.440139770507756],[-41.01958465576172,-21.437639236450195],[-41.01874923706055,-21.43569374084467],[-41.018196105956974,-21.43541717529297],[-41.017917633056584,-21.43430519104004],[-41.0173606872558,-21.434030532836914],[-41.017082214355355,-21.432916641235295],[-41.01514053344721,-21.43152618408203],[-41.01458358764643,-21.430694580078068],[-41.012916564941406,-21.429027557373047],[-41.01208496093744,-21.42680549621582],[-41.01124954223627,-21.426250457763672],[-41.01124954223627,-21.42541694641102],[-41.01041793823242,-21.424863815307617],[-41.00958251953125,-21.423194885253906],[-41.006805419921875,-21.4204158782959],[-41.006248474121094,-21.419027328491097],[-41.006248474121094,-21.41597175598139],[-41.00569534301752,-21.41486167907715],[-41.00458526611317,-21.41374969482422],[-41.00430679321289,-21.411527633666992],[-41.00374984741211,-21.410139083862248],[-41.00319290161133,-21.40985870361328],[-41.0029182434082,-21.40764045715332],[-41.002082824706974,-21.40680503845209],[-41.002082824706974,-21.405696868896428],[-41.00041580200195,-21.403194427490234],[-40.99958419799805,-21.402639389038086],[-40.99736022949219,-21.39930534362793],[-40.99569320678705,-21.397638320922795],[-40.99569320678705,-21.397083282470703],[-40.99402618408203,-21.395969390869084],[-40.993194580078125,-21.394859313964844],[-40.99208450317377,-21.39458274841303],[-40.991249084472656,-21.393747329711857],[-40.9868049621582,-21.3920841217041],[-40.984859466552734,-21.392360687255803],[-40.984859466552734,-21.394306182861328],[-40.98402786254883,-21.394306182861328],[-40.98180389404297,-21.392637252807617],[-40.98180389404297,-21.390138626098633],[-40.98125076293945,-21.388471603393555],[-40.9801406860351,-21.386528015136662],[-40.97930526733393,-21.38597106933588],[-40.9787483215332,-21.38458251953125],[-40.97652816772455,-21.38264083862299],[-40.97513961791992,-21.38264083862299],[-40.97513961791992,-21.381248474121094],[-40.974029541015625,-21.380136489868164],[-40.97375106811518,-21.379026412963867],[-40.972915649414006,-21.377361297607422],[-40.971805572509766,-21.377082824706974],[-40.971527099609375,-21.376527786254883],[-40.97041702270502,-21.376249313354492],[-40.96875,-21.374305725097656],[-40.96875,-21.37125015258789],[-40.96819305419922,-21.3709716796875],[-40.966804504394474,-21.369304656982422],[-40.965694427490234,-21.367359161376896],[-40.965415954589844,-21.36597251892084],[-40.965415954589844,-21.36430549621582],[-40.9640274047851,-21.361803054809513],[-40.963195800781136,-21.361249923706055],[-40.96152877807617,-21.361528396606445],[-40.960971832275334,-21.360971450805664],[-40.960971832275334,-21.35958480834961],[-40.96208190917969,-21.357639312744084],[-40.96263885498047,-21.355972290039062],[-40.963195800781136,-21.3554172515868],[-40.96430587768549,-21.350414276122933],[-40.96486282348633,-21.34597206115717],[-40.96486282348633,-21.336526870727482],[-40.96458435058594,-21.336526870727482],[-40.96458435058594,-21.333471298217717],[-40.96347045898432,-21.326805114746094],[-40.96291732788086,-21.32458305358881],[-40.96236038208008,-21.32402610778803],[-40.96208190917969,-21.322360992431584],[-40.96152877807617,-21.321527481079045],[-40.96125030517578,-21.319305419921818],[-40.95986175537098,-21.317638397216797],[-40.95986175537098,-21.312360763549805],[-40.95902633666992,-21.310693740844613],[-40.958194732666016,-21.310415267944336],[-40.95791625976557,-21.30958366394043],[-40.95791625976557,-21.305971145629883],[-40.95735931396479,-21.30486106872553],[-40.95735931396479,-21.302917480468636],[-40.95791625976557,-21.302083969116154],[-40.95791625976557,-21.30097007751465],[-40.95930480957031,-21.297189712524414],[-40.96579360961914,-21.295656204223633],[-40.97186279296869,-21.294307708740178],[-40.97566986083979,-21.289072036743164],[-40.97890472412104,-21.28889083862299],[-40.97649002075195,-21.286937713623047],[-40.97793197631836,-21.281038284301758],[-40.98551559448231,-21.28696441650385],[-40.99521636962885,-21.285594940185547],[-40.99706268310547,-21.2833309173584],[-40.9984016418457,-21.26622581481928],[-41.00637817382807,-21.252166748046818],[-41.01225280761719,-21.251083374023438],[-41.02509689331055,-21.246297836303654],[-41.04133224487305,-21.255163192748967],[-41.055816650390625,-21.238155364990178],[-41.07049560546875,-21.228727340698242],[-41.07337188720703,-21.230743408203125],[-41.081382751464844,-21.221986770629826],[-41.090999603271484,-21.221652984619084],[-41.09238052368164,-21.21865463256836],[-41.10260391235346,-21.222183227539062],[-41.104248046874886,-21.219741821289006],[-41.119182586669865,-21.230388641357422],[-41.133575439453125,-21.226814270019418],[-41.137397766113224,-21.22798347473139],[-41.14169311523432,-21.23872756958002],[-41.15615463256836,-21.240154266357365],[-41.1558380126952,-21.24505615234375],[-41.15815734863281,-21.241136550903263],[-41.16091537475586,-21.246002197265625],[-41.16397476196289,-21.243217468261605],[-41.176753997802734,-21.24484634399414],[-41.17443084716791,-21.24109268188471],[-41.17912292480469,-21.240243911743164],[-41.17789077758789,-21.2391357421875],[-41.18112564086914,-21.23988342285145],[-41.182807922363224,-21.2363224029541],[-41.18617630004883,-21.241405487060433],[-41.18349075317377,-21.244447708129883],[-41.18809127807617,-21.243526458740234],[-41.19084548950195,-21.248485565185547],[-41.192249298095646,-21.243915557861328],[-41.19952011108387,-21.244148254394474],[-41.20402526855469,-21.2398624420166],[-41.205215454101506,-21.243909835815373],[-41.212173461914006,-21.23590087890625],[-41.22161483764643,-21.233339309692326],[-41.22065353393549,-21.22997856140131],[-41.2248802185058,-21.2307186126709],[-41.224246978759766,-21.227296829223633],[-41.22763824462885,-21.23041152954096],[-41.22838973999018,-21.225999832153263],[-41.23471450805664,-21.22615623474121],[-41.2412223815918,-21.221155166625977],[-41.25724411010742,-21.225784301757812],[-41.26201629638672,-21.236764907836857],[-41.26563262939453,-21.233093261718693],[-41.272266387939396,-21.233379364013615],[-41.271770477294865,-21.237297058105412],[-41.27573776245117,-21.236385345458984],[-41.2770156860351,-21.24024772644043],[-41.27241134643555,-21.246570587158203],[-41.28116226196289,-21.249755859375],[-41.287796020507756,-21.256898880004826],[-41.29009246826166,-21.273590087890625],[-41.30260467529291,-21.298011779785156],[-41.31002426147455,-21.302062988281136],[-41.31273651123047,-21.311960220336914],[-41.30718231201166,-21.313777923583928],[-41.29921340942383,-21.31116485595703],[-41.29607009887695,-21.31623458862299],[-41.27693939208979,-21.312103271484375],[-41.262210845947266,-21.314733505249023],[-41.24905014038086,-21.309339523315373],[-41.24925994873047,-21.312053680419865],[-41.250274658203125,-21.320531845092773],[-41.263553619384766,-21.33271980285633],[-41.25890731811518,-21.33223915100092],[-41.25809860229492,-21.34001159667963],[-41.2632102966308,-21.340612411498967],[-41.27237701416004,-21.353759765625],[-41.26554489135742,-21.355884552001953],[-41.26413345336914,-21.363954544067383],[-41.255638122558594,-21.362533569335938],[-41.24324417114258,-21.36638641357422],[-41.23726272583002,-21.37498664855957],[-41.237442016601506,-21.381757736206055],[-41.24312973022461,-21.387920379638672],[-41.257080078125,-21.38848114013672],[-41.256912231445256,-21.395307540893555],[-41.266460418701115,-21.40706443786621],[-41.258075714111214,-21.4217014312743],[-41.25545883178711,-21.44414710998535],[-41.25874710083008,-21.46611785888672],[-41.255298614501896,-21.476102828979492],[-41.257606506347656,-21.486122131347543],[-41.26163101196289,-21.489341735839787],[-41.248996734619084,-21.500843048095703],[-41.22957992553711,-21.4997501373291],[-41.24391555786133,-21.520801544189396],[-41.264465332031136,-21.552185058593693],[-41.23310089111328,-21.564439773559513],[-41.2177734375,-21.580726623535043],[-41.206687927246094,-21.58379364013672],[-41.19796371459955,-21.590858459472656],[-41.189678192138615,-21.590007781982422],[-41.18184661865229,-21.594497680664062],[-41.181636810302734,-21.59816551208496],[-41.183349609375,-21.616397857666016],[-41.19680404663086,-21.682401657104435],[-41.189182281494084,-21.68256759643549],[-41.188240051269474,-21.687124252319336],[-41.17829513549805,-21.6885089874267],[-41.15940856933594,-21.675031661987305],[-41.14643096923828,-21.675945281982422],[-41.148296356201115,-21.67192649841303],[-41.139102935791016,-21.67195510864252],[-41.14107131958008,-21.677286148071175],[-41.13607025146479,-21.677738189697266],[-41.12689971923828,-21.673812866210938],[-41.111763000488224,-21.67718315124506],[-41.10382080078125,-21.673757553100472],[-41.099212646484375,-21.657747268676758],[-41.07535171508778,-21.631267547607308],[-41.05303955078125,-21.618015289306527],[-41.04569244384754,-21.617755889892578],[-41.04569244384754,-21.617639541625977]]]]},"properties":{"id_cidade":3304755,"cidade":"São Francisco de Itabapoana","id_microrregiao":330203,"id_mesorregiao":3302,"id_estado":33,"id_regiao":3}},{"type":"Feature","geometry":{"type":"MultiPolygon","coordinates":[[[[-43.1109733581543,-22.830415725708008],[-43.112640380859375,-22.83208274841303],[-43.11430740356434,-22.83208274841303],[-43.11486053466791,-22.83263969421381],[-43.11458206176752,-22.834583282470646],[-43.11208343505854,-22.834861755371094],[-43.111251831054574,-22.83597183227539],[-43.111526489257756,-22.83680534362793],[-43.110416412353516,-22.838193893432504],[-43.110416412353516,-22.839027404785156],[-43.10958480834961,-22.839305877685547],[-43.10930633544922,-22.840415954589787],[-43.10763931274414,-22.840415954589787],[-43.10680389404297,-22.839582443237305],[-43.105972290039006,-22.839582443237305],[-43.105415344238224,-22.83847236633295],[-43.105693817138615,-22.83708381652832],[-43.10486221313465,-22.836528778076172],[-43.1051406860351,-22.834306716918945],[-43.106529235839844,-22.833749771118164],[-43.106529235839844,-22.832914352416935],[-43.10847091674799,-22.83124923706049],[-43.109859466552734,-22.83124923706049],[-43.1109733581543,-22.830415725708008]]],[[[-42.88589859008778,-22.86762237548828],[-42.90655899047846,-22.817586898803654],[-42.91058349609369,-22.816877365112305],[-42.9194221496582,-22.819684982299748],[-42.94304656982422,-22.795860290527287],[-42.94088363647461,-22.776220321655273],[-42.94446563720703,-22.76990318298334],[-42.95082473754877,-22.769229888916016],[-42.962684631347656,-22.758747100830078],[-42.98990249633789,-22.74970054626465],[-42.991615295410156,-22.74462890625],[-42.997886657714844,-22.734464645385742],[-43.00129318237293,-22.738393783569336],[-43.01094055175781,-22.737058639526367],[-43.01779556274403,-22.743177413940373],[-43.028450012206974,-22.74224090576172],[-43.02847290039051,-22.742082595825195],[-43.02986145019531,-22.741247177124023],[-43.0301399230957,-22.74041748046875],[-43.03125,-22.7409725189209],[-43.03263854980463,-22.742082595825195],[-43.03236007690424,-22.744028091430607],[-43.03125,-22.74625015258789],[-43.03152847290028,-22.747638702392464],[-43.034305572509766,-22.747917175292912],[-43.035137176513615,-22.749305725097656],[-43.03597259521479,-22.749305725097656],[-43.036529541015625,-22.75013923645014],[-43.039859771728516,-22.75013923645014],[-43.041248321533146,-22.751527786254883],[-43.041248321533146,-22.75208282470703],[-43.04319381713867,-22.75347137451172],[-43.044303894042855,-22.75458335876465],[-43.044303894042855,-22.75513839721674],[-43.04624938964844,-22.756805419921875],[-43.049583435058594,-22.757360458374023],[-43.050140380859375,-22.758193969726506],[-43.051250457763615,-22.758193969726506],[-43.05402755737299,-22.75958251953125],[-43.055694580078125,-22.76124954223627],[-43.057361602783146,-22.76124954223627],[-43.05819320678705,-22.762081146240234],[-43.06097030639643,-22.763193130493164],[-43.06124877929682,-22.764028549194336],[-43.06208419799805,-22.764585494995117],[-43.06347274780262,-22.764585494995117],[-43.064582824706974,-22.76569366455078],[-43.064582824706974,-22.7670841217041],[-43.06624984741211,-22.769027709960938],[-43.06819534301758,-22.769027709960938],[-43.069026947021484,-22.769861221313477],[-43.06819534301758,-22.77069473266596],[-43.06763839721674,-22.772916793823242],[-43.06763839721674,-22.7762508392334],[-43.06735992431635,-22.77819633483881],[-43.06847381591797,-22.7784748077392],[-43.069305419921875,-22.78013610839838],[-43.070415496826115,-22.780696868896428],[-43.071529388427734,-22.782083511352482],[-43.07236099243164,-22.782083511352482],[-43.07430648803711,-22.783193588256836],[-43.074859619140625,-22.784027099609375],[-43.0756950378418,-22.784027099609375],[-43.07680511474604,-22.784860610961857],[-43.07847213745117,-22.784860610961857],[-43.07875061035156,-22.785972595214787],[-43.07958221435541,-22.785972595214787],[-43.0798606872558,-22.78708267211914],[-43.080970764160156,-22.78736114501953],[-43.080970764160156,-22.789304733276367],[-43.08124923706055,-22.790416717529297],[-43.080970764160156,-22.79152870178217],[-43.0798606872558,-22.793195724487305],[-43.08013916015619,-22.794584274291935],[-43.08013916015619,-22.79680633544922],[-43.07902908325195,-22.79736137390131],[-43.079303741454964,-22.798471450805664],[-43.07902908325195,-22.799583435058537],[-43.07680511474604,-22.799583435058537],[-43.0756950378418,-22.80013847351063],[-43.0756950378418,-22.80069351196289],[-43.07374954223627,-22.80069351196289],[-43.07263946533203,-22.80152702331543],[-43.070693969726506,-22.80180549621582],[-43.06986236572254,-22.801250457763672],[-43.06708145141596,-22.80152702331543],[-43.066528320312386,-22.802360534667912],[-43.06569290161133,-22.802360534667912],[-43.06569290161133,-22.804027557373047],[-43.06708145141596,-22.8054141998291],[-43.06763839721674,-22.8054141998291],[-43.069026947021484,-22.80652618408203],[-43.06986236572254,-22.807636260986328],[-43.071529388427734,-22.808750152587834],[-43.07236099243164,-22.809860229492188],[-43.07263946533203,-22.810972213745117],[-43.07374954223627,-22.8118057250976],[-43.07402801513666,-22.813194274902344],[-43.07597351074219,-22.814861297607365],[-43.07680511474604,-22.815139770507756],[-43.07791519165039,-22.817363739013672],[-43.07902908325195,-22.818193435668945],[-43.080417633056584,-22.818471908569336],[-43.08208465576172,-22.820138931274357],[-43.08347320556635,-22.820138931274357],[-43.08402633666992,-22.820972442626896],[-43.085971832275334,-22.820972442626896],[-43.08708190917969,-22.821807861328068],[-43.08819580078125,-22.821807861328068],[-43.08874893188465,-22.82236099243164],[-43.090415954589844,-22.82236099243164],[-43.090972900390625,-22.82402992248535],[-43.092361450195256,-22.82402992248535],[-43.09375,-22.824861526489258],[-43.094581604003906,-22.825695037841797],[-43.09541702270502,-22.825695037841797],[-43.096527099609375,-22.82708358764637],[-43.096527099609375,-22.827638626098633],[-43.09763717651367,-22.82847023010254],[-43.09763717651367,-22.83013916015625],[-43.09819412231445,-22.83069229125971],[-43.09819412231445,-22.83208274841303],[-43.09763717651367,-22.83236122131342],[-43.09763717651367,-22.833749771118164],[-43.0959739685058,-22.834583282470646],[-43.096527099609375,-22.83625030517578],[-43.0959739685058,-22.83736038208002],[-43.09763717651367,-22.83736038208002],[-43.09791564941406,-22.839582443237305],[-43.097084045410156,-22.84152793884266],[-43.09847259521473,-22.842638015747013],[-43.099582672119084,-22.842638015747013],[-43.10041809082031,-22.844028472900334],[-43.10180664062494,-22.844303131103516],[-43.10235977172846,-22.845972061157227],[-43.10486221313465,-22.845972061157227],[-43.105693817138615,-22.846250534057617],[-43.10625076293945,-22.84708595275879],[-43.105972290039006,-22.848472595214844],[-43.104583740234375,-22.848472595214844],[-43.10347366333008,-22.850973129272347],[-43.10180664062494,-22.85041618347168],[-43.10069274902344,-22.85041618347168],[-43.10097122192383,-22.852638244628793],[-43.10319519042969,-22.854305267333984],[-43.1037483215332,-22.855693817138558],[-43.104026794433594,-22.85736083984375],[-43.09974670410156,-22.859268188476562],[-43.05129623413086,-22.874370574951115],[-43.029666900634766,-22.876686096191406],[-43.01177978515619,-22.89008140563965],[-43.00671386718744,-22.8922443389892],[-42.99062728881836,-22.88857078552246],[-42.98707199096674,-22.89389801025385],[-42.98629760742182,-22.911630630493164],[-42.98053741455078,-22.917129516601562],[-42.97490692138672,-22.906759262084847],[-42.95465469360346,-22.900966644287053],[-42.95451354980469,-22.892124176025277],[-42.94063186645502,-22.889604568481445],[-42.92680358886713,-22.88213348388672],[-42.90246200561518,-22.878202438354492],[-42.88589859008778,-22.86762237548828]]],[[[-43.09430694580078,-22.819303512573185],[-43.09569549560541,-22.819303512573185],[-43.096805572509766,-22.820417404174748],[-43.09736251831055,-22.82263946533203],[-43.09791564941406,-22.823194503784123],[-43.09930419921869,-22.823194503784123],[-43.10013961791992,-22.824304580688477],[-43.10097122192383,-22.824583053588867],[-43.10124969482422,-22.826805114746094],[-43.10180664062494,-22.826805114746094],[-43.102085113525334,-22.828193664550724],[-43.1029167175293,-22.829027175903263],[-43.10235977172846,-22.83013916015625],[-43.09986114501953,-22.827360153198242],[-43.09763717651367,-22.826805114746094],[-43.09736251831055,-22.825416564941406],[-43.096527099609375,-22.82513809204096],[-43.096527099609375,-22.823749542236328],[-43.09569549560541,-22.822917938232422],[-43.09402847290039,-22.822917938232422],[-43.09291839599604,-22.821807861328068],[-43.09291839599604,-22.820417404174748],[-43.09375,-22.820138931274357],[-43.09430694580078,-22.819303512573185]]],[[[-43.105693817138615,-22.749027252197266],[-43.106529235839844,-22.748750686645508],[-43.10708236694336,-22.749582290649357],[-43.108196258544865,-22.749582290649357],[-43.10902786254877,-22.749027252197266],[-43.10902786254877,-22.750974655151367],[-43.10958480834961,-22.75208282470703],[-43.110416412353516,-22.75208282470703],[-43.110694885253906,-22.752914428710938],[-43.112640380859375,-22.753196716308594],[-43.112640380859375,-22.75541877746582],[-43.1109733581543,-22.75625038146967],[-43.1109733581543,-22.757360458374023],[-43.109859466552734,-22.758472442626953],[-43.109859466552734,-22.759305953979435],[-43.110694885253906,-22.76041603088379],[-43.111251831054574,-22.76041603088379],[-43.1109733581543,-22.7623615264892],[-43.110416412353516,-22.762638092041016],[-43.110416412353516,-22.764585494995117],[-43.110137939453125,-22.76541519165039],[-43.1109733581543,-22.766525268554574],[-43.11347198486328,-22.766525268554574],[-43.11402893066406,-22.767360687255803],[-43.11402893066406,-22.768472671508732],[-43.112640380859375,-22.769027709960938],[-43.111526489257756,-22.769861221313477],[-43.10902786254877,-22.769861221313477],[-43.10791778564442,-22.770139694213867],[-43.10763931274414,-22.769306182861328],[-43.105693817138615,-22.767917633056584],[-43.104583740234375,-22.767639160156193],[-43.104583740234375,-22.766525268554574],[-43.10319519042969,-22.765972137451172],[-43.10235977172846,-22.764585494995117],[-43.10235977172846,-22.763750076293945],[-43.10347366333008,-22.763193130493164],[-43.105415344238224,-22.762916564941406],[-43.106529235839844,-22.763471603393555],[-43.106529235839844,-22.761528015136662],[-43.10708236694336,-22.761528015136662],[-43.10736083984375,-22.759305953979435],[-43.108196258544865,-22.758472442626953],[-43.10791778564442,-22.757360458374023],[-43.10680389404297,-22.75652885437006],[-43.10680389404297,-22.75513839721674],[-43.105693817138615,-22.75458335876465],[-43.104583740234375,-22.75458335876465],[-43.102085113525334,-22.752639770507812],[-43.102085113525334,-22.75069236755371],[-43.10319519042969,-22.750974655151367],[-43.10486221313465,-22.75069236755371],[-43.105693817138615,-22.749027252197266]]],[[[-43.11708450317383,-22.75347137451172],[-43.11847305297846,-22.754028320312386],[-43.11930465698242,-22.75541877746582],[-43.11930465698242,-22.75652885437006],[-43.120693206786996,-22.756805419921875],[-43.120418548583984,-22.758472442626953],[-43.11791610717768,-22.758750915527344],[-43.11680603027344,-22.757083892822152],[-43.11486053466791,-22.756805419921875],[-43.11569595336914,-22.75597190856928],[-43.11708450317383,-22.75347137451172]]],[[[-43.12680435180664,-22.7459716796875],[-43.12874984741211,-22.74625015258789],[-43.12930679321289,-22.747917175292912],[-43.12847137451172,-22.748472213745117],[-43.127361297607365,-22.747638702392464],[-43.125972747802734,-22.747360229492188],[-43.126251220703125,-22.74625015258789],[-43.12680435180664,-22.7459716796875]]]]},"properties":{"id_cidade":3304904,"cidade":"São Gonçalo","id_microrregiao":330618,"id_mesorregiao":3306,"id_estado":33,"id_regiao":3}},{"type":"Feature","geometry":{"type":"MultiPolygon","coordinates":[[[[-40.98041534423828,-21.915542602539006],[-40.98097229003906,-21.914304733276367],[-40.98097229003906,-21.912639617919922],[-40.98125076293945,-21.9112491607666],[-40.98180389404297,-21.9112491607666],[-40.982917785644474,-21.908472061157227],[-40.98347091674805,-21.906251907348576],[-40.98347091674805,-21.90513801574707],[-40.98402786254883,-21.902915954589844],[-40.98458480834961,-21.902082443237305],[-40.984859466552734,-21.899860382080078],[-40.9854164123534,-21.898750305175724],[-40.98569488525385,-21.895971298217773],[-40.9868049621582,-21.89152717590332],[-40.987640380859375,-21.890138626098576],[-40.9879150390625,-21.888471603393555],[-40.98847198486317,-21.887916564941406],[-40.989028930664006,-21.885417938232365],[-40.989028930664006,-21.882917404174805],[-40.99013900756836,-21.878194808959904],[-40.99069595336914,-21.875137329101562],[-40.991806030273324,-21.870695114135742],[-40.99236297607416,-21.869861602783146],[-40.99263763427729,-21.867639541625863],[-40.993473052978516,-21.865692138671875],[-40.99458312988281,-21.859027862548828],[-40.99458312988281,-21.857360839843693],[-40.99514007568354,-21.854305267333928],[-40.99569320678705,-21.853195190429688],[-40.99569320678705,-21.851804733276254],[-40.99625015258789,-21.85069465637207],[-40.99625015258789,-21.849306106567326],[-40.99680709838867,-21.848194122314396],[-40.99680709838867,-21.846805572509766],[-40.99874877929682,-21.838752746581974],[-40.9993057250976,-21.837917327880803],[-40.9993057250976,-21.836805343627873],[-40.99986267089844,-21.83597183227539],[-40.99986267089844,-21.834861755371037],[-41.000972747802734,-21.834861755371037],[-41.000972747802734,-21.832361221313477],[-41.00152587890619,-21.83152770996088],[-41.00152969360346,-21.83041763305664],[-41.00263977050781,-21.827917098999023],[-41.002082824706974,-21.827362060546875],[-41.00263977050781,-21.82569503784174],[-41.00347137451172,-21.824029922485295],[-41.00347137451172,-21.82291603088379],[-41.0040283203125,-21.822082519531193],[-41.0040283203125,-21.820417404174748],[-41.00458145141596,-21.81986045837391],[-41.00458526611317,-21.818750381469727],[-41.00513839721674,-21.818195343017578],[-41.00513839721674,-21.81680679321289],[-41.00569534301752,-21.81569480895996],[-41.00569534301752,-21.813749313354435],[-41.006248474121094,-21.813472747802734],[-41.006805419921875,-21.81069374084467],[-41.006805419921875,-21.808195114135685],[-41.007362365722656,-21.807083129882812],[-41.007362365722656,-21.80569458007801],[-41.007915496826115,-21.80486106872553],[-41.007915496826115,-21.8034725189209],[-41.008472442626896,-21.802360534667855],[-41.00958251953125,-21.79846954345703],[-41.00986099243164,-21.79624938964838],[-41.01041793823242,-21.79513740539545],[-41.01124954223627,-21.791805267333984],[-41.01124954223627,-21.78902816772461],[-41.01180648803705,-21.7862491607666],[-41.012359619140625,-21.784862518310547],[-41.01347351074219,-21.783748626708928],[-41.01347351074219,-21.782360076904297],[-41.01402664184559,-21.781248092651367],[-41.01402664184559,-21.779582977294922],[-41.01458358764643,-21.778472900390625],[-41.01486206054682,-21.776805877685547],[-41.01486206054682,-21.77513885498047],[-41.01541519165039,-21.772638320922795],[-41.01597213745117,-21.771804809570256],[-41.01597213745117,-21.770694732665902],[-41.01680374145508,-21.769027709960938],[-41.01763916015619,-21.766250610351562],[-41.01763916015619,-21.765138626098633],[-41.018196105956974,-21.76430511474598],[-41.018470764160156,-21.762083053588867],[-41.01930618286133,-21.76013946533203],[-41.01930618286133,-21.758752822875977],[-41.019859313964844,-21.757640838623047],[-41.019859313964844,-21.755971908569336],[-41.02041625976551,-21.75291633605957],[-41.02097320556635,-21.752082824706974],[-41.02097320556635,-21.75013923645014],[-41.021526336669865,-21.74986076354969],[-41.022640228271484,-21.74541664123535],[-41.022640228271484,-21.743194580078068],[-41.023193359375,-21.742359161376896],[-41.024028778076115,-21.737361907958984],[-41.024028778076115,-21.733474731445256],[-41.024307250976506,-21.733474731445256],[-41.024307250976506,-21.730417251586914],[-41.02458190917963,-21.730417251586914],[-41.02458190917963,-21.72486114501953],[-41.02513885498047,-21.72430419921875],[-41.02513885498047,-21.721250534057504],[-41.02458190917963,-21.720693588256836],[-41.02513885498047,-21.71735954284668],[-41.02513885498047,-21.70402717590332],[-41.02486038208008,-21.70402717590332],[-41.02486038208008,-21.69930648803711],[-41.02458190917963,-21.69680404663086],[-41.02486038208008,-21.69458389282221],[-41.024307250976506,-21.69375038146967],[-41.024307250976506,-21.692638397216797],[-41.023750305175724,-21.691528320312443],[-41.023750305175724,-21.688472747802678],[-41.023193359375,-21.688194274902287],[-41.02291488647461,-21.686805725097656],[-41.02347183227528,-21.685972213745117],[-41.022640228271484,-21.684305191039982],[-41.022640228271484,-21.679861068725472],[-41.0220832824707,-21.678194046020508],[-41.021526336669865,-21.677640914916935],[-41.021526336669865,-21.67652702331543],[-41.02097320556635,-21.67541885375971],[-41.02069473266596,-21.674026489257812],[-41.02069473266596,-21.672082901000977],[-41.020137786865234,-21.671527862548828],[-41.01958465576172,-21.668195724487248],[-41.01958465576172,-21.666250228881836],[-41.01930618286133,-21.66486167907709],[-41.01874923706055,-21.66430473327631],[-41.018196105956974,-21.661806106567326],[-41.018196105956974,-21.65875053405756],[-41.01763916015619,-21.655416488647404],[-41.01680374145508,-21.653194427490178],[-41.01625061035156,-21.650417327880803],[-41.01625061035156,-21.647361755371037],[-41.01597213745117,-21.645971298217717],[-41.01541519165039,-21.644861221313363],[-41.01514053344721,-21.6431941986084],[-41.01514053344721,-21.639305114746094],[-41.01458358764643,-21.63763809204096],[-41.01430511474604,-21.635694503784123],[-41.01430511474604,-21.633193969726562],[-41.01402664184559,-21.631250381469727],[-41.01347351074219,-21.62958335876459],[-41.01347351074219,-21.62791633605957],[-41.012916564941406,-21.626806259155217],[-41.012916564941406,-21.62291717529297],[-41.012638092041016,-21.62291717529297],[-41.012638092041016,-21.619583129882812],[-41.01374816894531,-21.619861602783203],[-41.01541519165039,-21.621530532836914],[-41.01541519165039,-21.62208366394043],[-41.0173606872558,-21.62208366394043],[-41.017917633056584,-21.621248245239258],[-41.02125167846674,-21.621248245239258],[-41.022361755371094,-21.620416641235295],[-41.02458190917963,-21.620695114135685],[-41.02791595458979,-21.620695114135685],[-41.028472900390625,-21.621248245239258],[-41.0298614501952,-21.621248245239258],[-41.03097152709955,-21.620136260986328],[-41.0334739685058,-21.620136260986328],[-41.03402709960932,-21.619583129882812],[-41.03680419921869,-21.619583129882812],[-41.03874969482422,-21.620136260986328],[-41.04069519042963,-21.621248245239258],[-41.041805267333984,-21.621248245239258],[-41.04264068603504,-21.620416641235295],[-41.041805267333984,-21.619583129882812],[-41.042083740234375,-21.618749618530273],[-41.042915344238224,-21.618749618530273],[-41.043750762939396,-21.61791610717762],[-41.04569244384754,-21.617639541625977],[-41.04569244384754,-21.617755889892578],[-41.05303955078125,-21.618015289306527],[-41.07535171508778,-21.631267547607308],[-41.099212646484375,-21.657747268676758],[-41.10382080078125,-21.673757553100472],[-41.111763000488224,-21.67718315124506],[-41.12689971923828,-21.673812866210938],[-41.13607025146479,-21.677738189697266],[-41.14453125,-21.6940975189209],[-41.15226364135742,-21.697265624999886],[-41.16438293457031,-21.70924758911127],[-41.17184448242182,-21.711339950561523],[-41.17646026611328,-21.718040466308537],[-41.191982269286996,-21.726694107055664],[-41.1920166015625,-21.73104286193842],[-41.17229080200195,-21.748313903808594],[-41.17757415771479,-21.775636672973633],[-41.167701721191406,-21.7890625],[-41.15475463867182,-21.8082332611084],[-41.150455474853516,-21.815574645996094],[-41.148941040039006,-21.81911087036127],[-41.151454925536996,-21.83861351013178],[-41.15383911132801,-21.860366821289062],[-41.15946197509754,-21.865692138671875],[-41.15734481811518,-21.87464714050293],[-41.153846740722656,-21.882835388183537],[-41.140419006347656,-21.89478111267084],[-41.12783432006836,-21.912277221679688],[-40.98041534423828,-21.915542602539006]]],[[[-41.01625061035156,-21.620416641235295],[-41.01569366455078,-21.619583129882812],[-41.017917633056584,-21.619583129882812],[-41.01958465576172,-21.619861602783203],[-41.01958465576172,-21.620416641235295],[-41.01625061035156,-21.620416641235295]]]]},"properties":{"id_cidade":3305000,"cidade":"São João da Barra","id_microrregiao":330203,"id_mesorregiao":3302,"id_estado":33,"id_regiao":3}},{"type":"Feature","geometry":{"type":"Polygon","coordinates":[[[-43.390003204345646,-22.814094543456974],[-43.37692260742182,-22.81060791015625],[-43.358882904052734,-22.80319023132313],[-43.33052444458008,-22.802078247070256],[-43.33079147338856,-22.756446838378906],[-43.38479995727539,-22.766643524169922],[-43.39173126220692,-22.772663116455078],[-43.39655303955078,-22.77740478515625],[-43.41061782836914,-22.791936874389535],[-43.40218734741205,-22.802234649658203],[-43.39969253540039,-22.8050861358642],[-43.390003204345646,-22.814094543456974]]]},"properties":{"id_cidade":3305109,"cidade":"São João de Meriti","id_microrregiao":330618,"id_mesorregiao":3306,"id_estado":33,"id_regiao":3}},{"type":"Feature","geometry":{"type":"Polygon","coordinates":[[[-41.997703552246094,-21.488052368164062],[-41.99288558959961,-21.486026763915902],[-41.970115661621094,-21.470684051513672],[-41.9710578918457,-21.465427398681527],[-41.96230697631836,-21.456607818603516],[-41.958225250244084,-21.444488525390625],[-41.95205688476557,-21.44365119934082],[-41.95289230346674,-21.43512535095209],[-41.94126129150385,-21.42658805847168],[-41.91741561889643,-21.41170310974121],[-41.897926330566406,-21.393962860107365],[-41.90068817138672,-21.384643554687443],[-41.86739730834961,-21.364837646484375],[-41.85745239257807,-21.346832275390625],[-41.83728790283203,-21.338672637939396],[-41.83109664916992,-21.33907508850092],[-41.82561111450195,-21.330825805664006],[-41.815242767333984,-21.32690620422352],[-41.83895111083979,-21.28799057006836],[-41.85408782958979,-21.3006591796875],[-41.869415283203125,-21.304674148559513],[-41.873367309570256,-21.299467086791992],[-41.8835334777832,-21.29926109313965],[-41.885311126708984,-21.29510498046875],[-41.89992141723633,-21.302627563476506],[-41.905364990234375,-21.29822158813471],[-41.91767120361328,-21.29566574096674],[-41.93213653564453,-21.311553955078125],[-41.940673828125,-21.308406829833984],[-41.95094680786133,-21.311342239379826],[-41.95608901977539,-21.314014434814453],[-41.96209716796875,-21.31073379516596],[-41.98650360107422,-21.313068389892578],[-41.98809432983393,-21.321666717529297],[-41.99392700195301,-21.321641921997013],[-41.99992370605463,-21.32812309265131],[-42.02239227294922,-21.328908920287972],[-42.03394317626953,-21.343147277831974],[-42.038089752197266,-21.357847213745117],[-42.03920364379877,-21.36605072021473],[-42.02839660644531,-21.376340866088867],[-42.03178787231434,-21.384365081786996],[-42.030170440673714,-21.390314102172795],[-42.03725051879883,-21.39610862731928],[-42.057865142822266,-21.43336105346674],[-42.04883956909174,-21.437774658203125],[-42.035945892333984,-21.43421745300293],[-42.022945404052734,-21.436307907104492],[-42.00978088378906,-21.428472518920785],[-42.00590515136719,-21.432449340820312],[-42.00139617919922,-21.43367958068842],[-41.99834060668945,-21.452892303466797],[-41.993808746337834,-21.45713233947754],[-41.994895935058594,-21.46385002136219],[-42.00175857543945,-21.46579933166504],[-42.007198333740234,-21.475700378417912],[-42.00519943237305,-21.482513427734375],[-41.997703552246094,-21.488052368164062]]]},"properties":{"id_cidade":3305133,"cidade":"São José de Ubá","id_microrregiao":330102,"id_mesorregiao":3301,"id_estado":33,"id_regiao":3}},{"type":"Feature","geometry":{"type":"Polygon","coordinates":[[[-43.048679351806584,-22.20680618286127],[-43.04746627807617,-22.208782196044865],[-43.02922058105463,-22.20350837707514],[-43.02667236328125,-22.205980300903263],[-43.02347183227539,-22.210996627807617],[-43.01865768432617,-22.224119186401254],[-43.009689331054574,-22.22933387756342],[-43.01393508911133,-22.238147735595703],[-43.02005004882807,-22.242128372192326],[-43.01874923706043,-22.245832443237248],[-43.014190673828125,-22.248369216918945],[-43.023563385009766,-22.263702392578125],[-43.01793670654297,-22.276172637939453],[-42.99704360961914,-22.28113365173334],[-42.98976516723633,-22.27842712402338],[-42.987876892089844,-22.26936912536621],[-42.983577728271484,-22.263469696044922],[-42.98067092895502,-22.264692306518555],[-42.97412872314453,-22.262754440307617],[-42.9708251953125,-22.25460243225092],[-42.95740890502924,-22.253410339355412],[-42.93752670288086,-22.232004165649357],[-42.92563629150385,-22.225656509399414],[-42.91782379150385,-22.223339080810547],[-42.90689468383789,-22.225137710571232],[-42.90016174316406,-22.2090167999267],[-42.89310073852539,-22.190233230590763],[-42.88686752319336,-22.18802833557129],[-42.8779411315918,-22.186403274536133],[-42.87723922729492,-22.191135406494084],[-42.86851501464838,-22.190921783447266],[-42.85448837280268,-22.1834716796875],[-42.85227966308594,-22.178005218505803],[-42.84581756591791,-22.174297332763672],[-42.83920669555664,-22.175384521484375],[-42.81489944458008,-22.163515090942383],[-42.7947044372558,-22.14500617980957],[-42.7799339294433,-22.133974075317326],[-42.775844573974496,-22.13074302673334],[-42.768653869628906,-22.132179260253906],[-42.76535797119129,-22.12860488891596],[-42.74748992919916,-22.123180389404297],[-42.75498580932617,-22.117605209350586],[-42.76887130737299,-22.123668670654297],[-42.77956008911127,-22.12038230895996],[-42.79345703124994,-22.1229629516601],[-42.805992126464844,-22.134796142578068],[-42.814208984375,-22.13548469543457],[-42.81435394287104,-22.14133071899414],[-42.8206787109375,-22.147537231445312],[-42.828845977783146,-22.143625259399357],[-42.83849334716791,-22.153667449951115],[-42.863037109375,-22.16486358642578],[-42.873992919921875,-22.15613937377924],[-42.874183654785156,-22.1475887298584],[-42.87336730957031,-22.14451599121088],[-42.86507415771479,-22.127229690551644],[-42.871826171875,-22.10304641723627],[-42.88112258911127,-22.101356506347656],[-42.89796447753906,-22.111661911010685],[-42.90640258789051,-22.112342834472656],[-42.912628173828125,-22.109579086303654],[-42.915542602539006,-22.09985542297352],[-42.92871093749994,-22.104282379150334],[-42.934986114501896,-22.095531463623047],[-42.9483757019043,-22.095407485961914],[-42.949035644531136,-22.09300422668457],[-42.9576301574707,-22.08523941040039],[-42.96923828124994,-22.088748931884652],[-42.97309494018555,-22.099193572998047],[-42.967742919921875,-22.105636596679688],[-42.9647102355957,-22.12710189819336],[-42.957324981689396,-22.135095596313477],[-42.95687484741211,-22.13773536682129],[-42.97444152832031,-22.14340591430664],[-43.001575469970646,-22.151248931884766],[-43.01381301879883,-22.14729690551752],[-43.01723861694336,-22.14874267578125],[-43.02132415771473,-22.1619815826416],[-43.04068374633778,-22.18951797485346],[-43.048679351806584,-22.20680618286127]]]},"properties":{"id_cidade":3305158,"cidade":"São José do Vale do Rio Preto","id_microrregiao":330615,"id_mesorregiao":3306,"id_estado":33,"id_regiao":3}},{"type":"Feature","geometry":{"type":"Polygon","coordinates":[[[-42.19925689697254,-22.87925148010254],[-42.18788909912104,-22.874216079711857],[-42.180252075195256,-22.876014709472656],[-42.16941452026367,-22.873504638671818],[-42.150810241699105,-22.893274307250977],[-42.12352752685541,-22.90750503540039],[-42.11449432373047,-22.908754348754826],[-42.1083869934082,-22.901548385620117],[-42.104774475097656,-22.884979248046875],[-42.10902786254877,-22.87136459350586],[-42.10514450073242,-22.865995407104492],[-42.098388671875,-22.861770629882756],[-42.08744430541992,-22.86495018005371],[-42.07619476318354,-22.860591888427734],[-42.06150436401367,-22.867549896240234],[-42.053165435791016,-22.862564086914062],[-42.046199798583984,-22.867572784423828],[-42.04114532470703,-22.86572265625],[-42.023391723632756,-22.796102523803654],[-42.04218292236317,-22.758363723754826],[-42.055110931396484,-22.742994308471623],[-42.13261795043945,-22.652851104736328],[-42.167366027831974,-22.679824829101506],[-42.21914291381836,-22.770517349243164],[-42.22900390624994,-22.77635955810547],[-42.25456237792963,-22.79180908203125],[-42.20994186401367,-22.78596305847168],[-42.204254150390625,-22.780851364135685],[-42.197296142578125,-22.79304695129389],[-42.2013053894043,-22.79606819152832],[-42.19291687011719,-22.8026123046875],[-42.18812942504883,-22.811830520629883],[-42.17721176147455,-22.827924728393555],[-42.196983337402344,-22.855939865112305],[-42.19925689697254,-22.87925148010254]]]},"properties":{"id_cidade":3305208,"cidade":"São Pedro da Aldeia","id_microrregiao":330410,"id_mesorregiao":3304,"id_estado":33,"id_regiao":3}},{"type":"Feature","geometry":{"type":"Polygon","coordinates":[[[-42.243389129638615,-21.97303581237793],[-42.24064254760731,-21.974796295166016],[-42.23030853271479,-21.975826263427678],[-42.230335235595646,-21.982757568359318],[-42.222122192382756,-21.991493225097656],[-42.22461318969721,-22.00471878051752],[-42.21939468383789,-22.009653091430664],[-42.20509338378906,-22.01595115661621],[-42.19487380981445,-22.013750076293945],[-42.1867790222168,-22.0180606842041],[-42.180454254150334,-22.007089614868164],[-42.173686981201115,-22.004976272583008],[-42.155704498291016,-22.010108947753906],[-42.14800643920893,-22.02440643310547],[-42.13838958740229,-22.019790649414006],[-42.13628387451166,-22.024938583374023],[-42.130699157714844,-22.019678115844727],[-42.13380813598627,-22.01137161254877],[-42.13189315795893,-22.007551193237305],[-42.121982574462834,-22.002540588378906],[-42.1140899658202,-21.98492240905756],[-42.10044860839838,-21.980037689208984],[-42.09747695922846,-21.975477218627873],[-42.10334014892578,-21.96859359741211],[-42.10122299194336,-21.95604705810547],[-42.09297943115229,-21.955583572387695],[-42.08903503417969,-21.96091651916504],[-42.08259201049799,-21.950725555419865],[-42.08761978149414,-21.951103210449162],[-42.093929290771484,-21.94460678100586],[-42.09002685546869,-21.936138153076115],[-42.096897125244084,-21.93587303161621],[-42.09550094604492,-21.93306159973133],[-42.101310729980355,-21.92694854736328],[-42.09486770629883,-21.924516677856445],[-42.08325195312494,-21.936618804931584],[-42.07929611206055,-21.93681335449213],[-42.07648086547846,-21.93587493896473],[-42.07897949218744,-21.93246078491211],[-42.07467651367182,-21.924577713012695],[-42.077335357666016,-21.916053771972656],[-42.073928833007756,-21.91437911987299],[-42.06240081787098,-21.91834068298334],[-42.04369735717768,-21.890527725219613],[-42.034919738769474,-21.88640594482422],[-42.027473449706974,-21.869356155395394],[-42.02194976806635,-21.867414474487248],[-42.02484130859375,-21.862064361572266],[-42.01834106445301,-21.858568191528263],[-42.012962341308594,-21.850028991699162],[-42.00522994995117,-21.846330642700195],[-42.001724243164006,-21.83973312377924],[-42.005226135253906,-21.83696937561035],[-41.9736213684082,-21.80443000793457],[-41.970527648925724,-21.803142547607422],[-41.95903015136719,-21.79256629943842],[-41.95199966430664,-21.770782470703068],[-41.945533752441406,-21.77259445190424],[-41.93586730957031,-21.767877578735295],[-41.93752670288086,-21.74967956542963],[-41.93092346191406,-21.742467880249023],[-41.937870025634766,-21.741508483886662],[-41.952529907226506,-21.729001998901367],[-41.97558975219721,-21.734819412231445],[-41.976638793945256,-21.739524841308594],[-41.98039245605469,-21.739261627197266],[-41.981975555419865,-21.73381805419922],[-41.98709487915039,-21.73590660095209],[-41.98715591430653,-21.7360324859618],[-42.00244903564453,-21.74123191833496],[-42.0050048828125,-21.746009826660156],[-42.01074981689453,-21.74490737915039],[-42.02225494384754,-21.75670433044428],[-42.01927947998041,-21.763233184814396],[-42.013923645019474,-21.765714645385742],[-42.0139427185058,-21.771921157836914],[-42.03195190429682,-21.76612663269043],[-42.03988647460932,-21.773675918579045],[-42.043922424316406,-21.783863067626953],[-42.051147460937386,-21.779132843017578],[-42.057308197021484,-21.78638648986805],[-42.06066513061518,-21.78889274597168],[-42.063560485839844,-21.791730880737305],[-42.06126022338856,-21.802118301391488],[-42.07056808471674,-21.797269821166992],[-42.07605743408203,-21.800991058349553],[-42.08980941772461,-21.80207633972168],[-42.09297180175781,-21.813199996948242],[-42.10358810424799,-21.81025505065918],[-42.114009857177734,-21.82505226135254],[-42.11950683593744,-21.827041625976506],[-42.12089920043945,-21.823646545410156],[-42.125282287597656,-21.82467651367176],[-42.1263694763183,-21.830026626586857],[-42.116924285888615,-21.837245941162053],[-42.12097930908203,-21.850364685058594],[-42.123924255371094,-21.845735549926758],[-42.131980895996094,-21.843769073486328],[-42.13283920288086,-21.839750289916992],[-42.13728332519531,-21.83755874633789],[-42.13947677612305,-21.839784622192326],[-42.14539337158203,-21.843013763427734],[-42.139007568359375,-21.85576820373535],[-42.14289474487293,-21.85907554626465],[-42.14478683471674,-21.856763839721566],[-42.14650726318354,-21.860549926757812],[-42.167095184326115,-21.859424591064453],[-42.171482086181584,-21.866867065429688],[-42.182842254638615,-21.86980438232422],[-42.184226989746094,-21.875381469726506],[-42.19045257568354,-21.87425422668457],[-42.19931793212885,-21.88166618347168],[-42.207096099853516,-21.877792358398324],[-42.21062088012695,-21.88044357299799],[-42.21031188964838,-21.888328552246094],[-42.215232849121094,-21.891921997070312],[-42.21350860595703,-21.897245407104492],[-42.21800994873041,-21.905532836914006],[-42.22106933593744,-21.909608840942383],[-42.214035034179574,-21.910152435302734],[-42.21056365966797,-21.919416427612248],[-42.221012115478516,-21.91854286193842],[-42.22834777832031,-21.934768676757812],[-42.233676910400334,-21.93698883056635],[-42.243484497070256,-21.953779220581055],[-42.24078369140625,-21.964555740356445],[-42.243389129638615,-21.97303581237793]]]},"properties":{"id_cidade":3305307,"cidade":"São Sebastião do Alto","id_microrregiao":330308,"id_mesorregiao":3303,"id_estado":33,"id_regiao":3}},{"type":"Feature","geometry":{"type":"Polygon","coordinates":[[[-42.75498580932617,-22.117605209350586],[-42.75988006591797,-22.101394653320256],[-42.73582458496094,-22.095809936523438],[-42.73073577880848,-22.086448669433537],[-42.7367057800293,-22.06023025512684],[-42.74273681640619,-22.049968719482422],[-42.74398422241205,-22.04714012145996],[-42.72573471069336,-22.053180694580078],[-42.71739959716797,-22.052560806274414],[-42.71067810058588,-22.03371047973627],[-42.71598815917969,-22.025848388671875],[-42.70820999145502,-22.024272918701115],[-42.708377838134766,-22.013490676879883],[-42.696929931640625,-22.001829147338867],[-42.70234298706055,-21.99318313598627],[-42.69818115234369,-21.98984527587885],[-42.699317932128906,-21.981788635253906],[-42.691680908203125,-21.969873428344613],[-42.690174102783146,-21.963619232177678],[-42.69978713989258,-21.96099090576172],[-42.691402435302734,-21.951152801513672],[-42.68054199218744,-21.94919586181635],[-42.67329025268549,-21.936849594116154],[-42.67101669311518,-21.922840118408203],[-42.66432189941406,-21.916158676147404],[-42.662654876708984,-21.906713485717717],[-42.669654846191406,-21.897695541381836],[-42.6639289855957,-21.891849517822266],[-42.66761016845703,-21.882488250732422],[-42.668437957763615,-21.880144119262695],[-42.66881561279291,-21.875263214111328],[-42.678531646728516,-21.878837585449162],[-42.71937179565424,-21.89703750610346],[-42.75595474243164,-21.915454864501896],[-42.79167556762684,-21.930871963500977],[-42.84622573852528,-21.94844627380371],[-42.88245773315424,-21.96010971069336],[-42.882732391357365,-21.96714019775385],[-42.90903091430664,-21.99048995971674],[-42.947044372558594,-22.00591087341303],[-42.9594841003418,-22.014923095703068],[-42.96636581420893,-22.014921188354492],[-42.99320983886719,-22.03560256958002],[-43.00374603271479,-22.033172607421875],[-43.010093688964844,-22.03987693786621],[-43.004631042480355,-22.049165725708008],[-43.010963439941406,-22.05646514892578],[-43.008125305175724,-22.072141647338867],[-43.013545989990234,-22.075475692749023],[-43.01457214355469,-22.083631515502873],[-43.01124954223633,-22.08392333984375],[-42.96923828124994,-22.088748931884652],[-42.9576301574707,-22.08523941040039],[-42.949035644531136,-22.09300422668457],[-42.9483757019043,-22.095407485961914],[-42.934986114501896,-22.095531463623047],[-42.92871093749994,-22.104282379150334],[-42.915542602539006,-22.09985542297352],[-42.912628173828125,-22.109579086303654],[-42.90640258789051,-22.112342834472656],[-42.89796447753906,-22.111661911010685],[-42.88112258911127,-22.101356506347656],[-42.871826171875,-22.10304641723627],[-42.86507415771479,-22.127229690551644],[-42.87336730957031,-22.14451599121088],[-42.874183654785156,-22.1475887298584],[-42.873992919921875,-22.15613937377924],[-42.863037109375,-22.16486358642578],[-42.83849334716791,-22.153667449951115],[-42.828845977783146,-22.143625259399357],[-42.8206787109375,-22.147537231445312],[-42.81435394287104,-22.14133071899414],[-42.814208984375,-22.13548469543457],[-42.805992126464844,-22.134796142578068],[-42.79345703124994,-22.1229629516601],[-42.77956008911127,-22.12038230895996],[-42.76887130737299,-22.123668670654297],[-42.75498580932617,-22.117605209350586]]]},"properties":{"id_cidade":3305406,"cidade":"Sapucaia","id_microrregiao":330305,"id_mesorregiao":3303,"id_estado":33,"id_regiao":3}},{"type":"Feature","geometry":{"type":"Polygon","coordinates":[[[-42.367351531982365,-22.934583663940373],[-42.368778228759766,-22.932144165039006],[-42.37837219238281,-22.908632278442326],[-42.38761520385742,-22.896022796630803],[-42.38345718383789,-22.884170532226506],[-42.37503433227539,-22.852272033691406],[-42.370567321777344,-22.835714340209847],[-42.44873428344715,-22.823509216308594],[-42.47886657714838,-22.823413848876953],[-42.484870910644474,-22.83089447021473],[-42.488391876220646,-22.828010559081974],[-42.52297592163086,-22.824144363403263],[-42.52795028686518,-22.816404342651367],[-42.534458160400334,-22.80872535705555],[-42.53903961181635,-22.812202453613168],[-42.55356979370117,-22.814115524291992],[-42.56793212890619,-22.80404090881342],[-42.581653594970646,-22.805517196655273],[-42.59187698364252,-22.811706542968693],[-42.60120010375971,-22.81671905517578],[-42.60279083251953,-22.819290161132812],[-42.635948181152344,-22.83836936950678],[-42.634849548339844,-22.8468341827392],[-42.646595001220646,-22.855037689208984],[-42.66112518310547,-22.859075546264535],[-42.6720085144043,-22.870609283447266],[-42.67912292480463,-22.87885093688965],[-42.67718505859375,-22.899324417114144],[-42.676155090331974,-22.904329299926758],[-42.68079376220703,-22.910032272338867],[-42.67047882080078,-22.910831451416016],[-42.65601348876953,-22.90431785583496],[-42.64239501953119,-22.91033363342285],[-42.63782119750971,-22.93065071105957],[-42.63646697998047,-22.936805725097656],[-42.63513946533203,-22.936805725097656],[-42.63375091552723,-22.936250686645508],[-42.63291549682617,-22.93652725219721],[-42.63180541992182,-22.936250686645508],[-42.627639770507756,-22.936250686645508],[-42.626251220703125,-22.935693740844727],[-42.62319564819336,-22.935693740844727],[-42.62208175659174,-22.935138702392578],[-42.61736297607422,-22.934583663940373],[-42.6115264892577,-22.934583663940373],[-42.6115264892577,-22.934305191039982],[-42.60791778564453,-22.934305191039982],[-42.60514068603504,-22.93402862548828],[-42.60514068603504,-22.93375015258789],[-42.60041809082031,-22.93375015258789],[-42.60041809082031,-22.9334716796875],[-42.58986282348627,-22.9334716796875],[-42.58986282348627,-22.933195114135742],[-42.585140228271484,-22.933195114135742],[-42.58508682250971,-22.93291664123535],[-42.580696105956974,-22.93291664123535],[-42.580696105956974,-22.93263816833496],[-42.570693969726506,-22.93263816833496],[-42.570693969726506,-22.93291664123535],[-42.540138244628906,-22.93291664123535],[-42.540138244628906,-22.933195114135742],[-42.53263854980463,-22.933195114135742],[-42.529304504394474,-22.93375015258789],[-42.528194427490234,-22.9334716796875],[-42.52541732788086,-22.93375015258789],[-42.51541519165039,-22.93375015258789],[-42.513748168945256,-22.9334716796875],[-42.512359619140625,-22.93402862548828],[-42.5051383972168,-22.93402862548828],[-42.503192901611214,-22.934305191039982],[-42.50125122070307,-22.935138702392578],[-42.499305725097656,-22.935138702392578],[-42.49847412109375,-22.935417175292855],[-42.49736022949213,-22.93652725219721],[-42.49652862548828,-22.93652725219721],[-42.494861602783146,-22.937915802001953],[-42.49375152587879,-22.937915802001953],[-42.493473052978516,-22.938749313354492],[-42.492637634277344,-22.939304351806584],[-42.49069595336903,-22.939304351806584],[-42.49041748046875,-22.93847274780262],[-42.48958206176758,-22.93819236755371],[-42.48986053466797,-22.936250686645508],[-42.48902893066406,-22.935693740844727],[-42.48791503906244,-22.935972213745117],[-42.484306335449105,-22.935972213745117],[-42.48180389404291,-22.936250686645508],[-42.48152923583979,-22.93652725219721],[-42.479583740234375,-22.93652725219721],[-42.47847366333002,-22.937360763549748],[-42.47569274902338,-22.937360763549748],[-42.475418090820256,-22.937915802001953],[-42.47319412231445,-22.937915802001953],[-42.4720840454101,-22.93652725219721],[-42.46736145019531,-22.93652725219721],[-42.46652603149414,-22.935693740844727],[-42.46541595458979,-22.935693740844727],[-42.46458435058594,-22.935138702392578],[-42.46319580078119,-22.934860229492188],[-42.46097183227539,-22.934860229492188],[-42.45875167846668,-22.934305191039982],[-42.452083587646484,-22.934305191039982],[-42.45013809204096,-22.934860229492188],[-42.44791793823242,-22.934860229492188],[-42.44652938842768,-22.93402862548828],[-42.44513702392578,-22.93402862548828],[-42.444583892822266,-22.934583663940373],[-42.44208526611328,-22.934583663940373],[-42.440418243408146,-22.934305191039982],[-42.43958282470692,-22.934583663940373],[-42.43902587890625,-22.93402862548828],[-42.43180465698242,-22.93402862548828],[-42.43097305297846,-22.93375015258789],[-42.428749084472656,-22.93375015258789],[-42.428195953369084,-22.934305191039982],[-42.42486190795893,-22.934305191039982],[-42.423194885253906,-22.934583663940373],[-42.422359466552734,-22.93402862548828],[-42.41930389404297,-22.93402862548828],[-42.41875076293945,-22.934860229492188],[-42.417083740234375,-22.934860229492188],[-42.416805267333984,-22.934305191039982],[-42.41541671752924,-22.934305191039982],[-42.41485977172846,-22.935417175292855],[-42.41402816772461,-22.935417175292855],[-42.41374969482422,-22.934583663940373],[-42.40458297729481,-22.934583663940373],[-42.403472900390625,-22.934860229492188],[-42.39958190917969,-22.934860229492188],[-42.39791488647461,-22.935417175292855],[-42.397361755371094,-22.93652725219721],[-42.39652633666992,-22.935417175292855],[-42.39569473266596,-22.935138702392578],[-42.390140533447266,-22.935138702392578],[-42.3881950378418,-22.935417175292855],[-42.387638092041016,-22.934860229492188],[-42.381248474121094,-22.934860229492188],[-42.381248474121094,-22.934583663940373],[-42.369861602783146,-22.934583663940373],[-42.36763763427729,-22.934305191039982],[-42.367351531982365,-22.934583663940373]]]},"properties":{"id_cidade":3305505,"cidade":"Saquarema","id_microrregiao":330410,"id_mesorregiao":3304,"id_estado":33,"id_regiao":3}},{"type":"Feature","geometry":{"type":"Polygon","coordinates":[[[-43.63496780395508,-22.782989501953068],[-43.632293701171875,-22.774898529052678],[-43.64399719238281,-22.7543106079101],[-43.644443511962834,-22.737131118774414],[-43.640625,-22.728319168090763],[-43.63872528076166,-22.719966888427678],[-43.63811111450195,-22.714078903198242],[-43.651527404785156,-22.682733535766545],[-43.65004348754877,-22.677654266357422],[-43.64838409423828,-22.674600601196232],[-43.645328521728516,-22.670696258544922],[-43.63663482666004,-22.669471740722656],[-43.634830474853516,-22.658609390258732],[-43.64069366455078,-22.6513214111327],[-43.65045166015619,-22.652427673339787],[-43.657474517822266,-22.65933227539051],[-43.66484069824213,-22.657262802123967],[-43.6700325012207,-22.65284538269043],[-43.678226470947266,-22.64740371704096],[-43.69158172607422,-22.650144577026367],[-43.70919418334955,-22.63993263244629],[-43.712905883789006,-22.641479492187443],[-43.7111701965332,-22.647388458251896],[-43.74811172485346,-22.685018539428654],[-43.7538108825683,-22.69970703125],[-43.74016189575195,-22.705812454223576],[-43.738388061523324,-22.709402084350586],[-43.74383544921875,-22.713472366333008],[-43.74489212036133,-22.720977783203125],[-43.7507591247558,-22.727823257446232],[-43.76533126831055,-22.728261947631836],[-43.770442962646484,-22.734615325927734],[-43.77183532714838,-22.75022315979004],[-43.76583480834955,-22.75503349304188],[-43.770652770996094,-22.757532119750977],[-43.77547073364252,-22.769378662109318],[-43.79637527465809,-22.772434234619027],[-43.79722976684559,-22.773359298706055],[-43.804012298583984,-22.789472579956055],[-43.802742004394474,-22.8032550811767],[-43.784622192382756,-22.81873512268055],[-43.77339553833008,-22.820438385009766],[-43.7726097106933,-22.820438385009766],[-43.76148986816406,-22.830860137939396],[-43.717247009277344,-22.848400115966797],[-43.674442291259766,-22.864704132080078],[-43.67169189453119,-22.853063583373967],[-43.65472793579096,-22.848390579223576],[-43.62455368041992,-22.82667922973627],[-43.623191833496094,-22.820486068725586],[-43.62932205200195,-22.811464309692326],[-43.62747192382807,-22.80678939819336],[-43.63496780395508,-22.782989501953068]]]},"properties":{"id_cidade":3305554,"cidade":"Seropédica","id_microrregiao":330617,"id_mesorregiao":3306,"id_estado":33,"id_regiao":3}},{"type":"Feature","geometry":{"type":"Polygon","coordinates":[[[-42.44139480590809,-22.731506347656193],[-42.42008972167963,-22.73632621765131],[-42.410926818847656,-22.72920036315918],[-42.40486907958973,-22.732303619384766],[-42.40122985839838,-22.730815887451172],[-42.39573287963867,-22.72162628173828],[-42.3801155090332,-22.71874618530262],[-42.37001037597656,-22.724201202392578],[-42.3635635375976,-22.71967124938965],[-42.361362457275334,-22.713148117065373],[-42.34570312499994,-22.710823059081974],[-42.3328971862793,-22.704645156860295],[-42.33181762695301,-22.69615936279297],[-42.32416152954096,-22.68378257751459],[-42.31283950805653,-22.6416339874267],[-42.29737472534174,-22.624559402465763],[-42.28367614746094,-22.623735427856445],[-42.26320266723633,-22.608140945434513],[-42.24869918823242,-22.613182067871094],[-42.2410049438476,-22.60824966430664],[-42.23749542236317,-22.609426498413086],[-42.23308563232416,-22.604503631591797],[-42.23825073242182,-22.59980392456049],[-42.22663879394531,-22.59630584716797],[-42.22740936279297,-22.592998504638672],[-42.219837188720646,-22.590591430664062],[-42.21912384033203,-22.5937881469726],[-42.21556472778309,-22.591779708862305],[-42.21517562866205,-22.586517333984375],[-42.20439910888666,-22.581157684326172],[-42.20302963256836,-22.575292587280273],[-42.19928741455078,-22.57689094543457],[-42.19664764404291,-22.57358551025385],[-42.192787170410156,-22.56707000732422],[-42.193332672119084,-22.5584716796875],[-42.187862396240234,-22.555080413818303],[-42.19324874877918,-22.547939300536996],[-42.19781494140619,-22.548263549804688],[-42.205646514892464,-22.5412540435791],[-42.21506500244135,-22.538915634155217],[-42.247200012206974,-22.546068191528263],[-42.25225448608393,-22.544281005859318],[-42.25511169433588,-22.532430648803654],[-42.26242446899414,-22.531185150146484],[-42.26095199584955,-22.527536392211914],[-42.265926361083984,-22.5194416046142],[-42.26169586181635,-22.505985260009766],[-42.26751708984369,-22.498580932617188],[-42.2710075378418,-22.48638153076172],[-42.28325653076166,-22.4785213470459],[-42.29006576538086,-22.466691970825195],[-42.2945671081543,-22.465837478637695],[-42.30192184448242,-22.46591949462885],[-42.30440139770508,-22.45826339721674],[-42.29703903198242,-22.442768096923828],[-42.29464340209961,-22.430658340454045],[-42.289615631103516,-22.4283504486084],[-42.28075408935547,-22.41235923767084],[-42.270896911621094,-22.402769088745117],[-42.27906417846674,-22.402006149291992],[-42.315616607666016,-22.42485618591303],[-42.324951171874886,-22.4212589263916],[-42.32575988769531,-22.426183700561467],[-42.33370590209955,-22.425785064697266],[-42.33564758300781,-22.429384231567383],[-42.34406280517578,-22.424531936645508],[-42.35505294799799,-22.4293975830077],[-42.36642456054682,-22.41988563537592],[-42.37155914306635,-22.425397872924805],[-42.38998031616205,-22.421590805053654],[-42.40447998046869,-22.42909622192377],[-42.409873962402344,-22.428213119506836],[-42.42328643798828,-22.4282169342041],[-42.433845520019474,-22.432107925414982],[-42.45295715332031,-22.434919357299805],[-42.457454681396484,-22.44317626953125],[-42.46631622314453,-22.446935653686523],[-42.477874755859375,-22.44847869873047],[-42.48308181762695,-22.442052841186523],[-42.492683410644474,-22.437366485595703],[-42.500736236572266,-22.434795379638672],[-42.50970458984375,-22.436607360839844],[-42.51193237304682,-22.433950424194336],[-42.536453247070256,-22.456192016601506],[-42.54354476928711,-22.45784950256342],[-42.5522346496582,-22.45524787902832],[-42.55253982543945,-22.466629028320312],[-42.56501007080078,-22.467777252197266],[-42.566596984863224,-22.484825134277344],[-42.575447082519474,-22.49073982238764],[-42.587871551513615,-22.524211883544922],[-42.59292984008778,-22.52562332153309],[-42.5919456481933,-22.53127670288086],[-42.602817535400334,-22.54107284545887],[-42.56451034545887,-22.620115280151367],[-42.55985641479492,-22.62033462524414],[-42.553672790527344,-22.618854522705078],[-42.52844238281244,-22.630285263061467],[-42.52721405029291,-22.682725906372013],[-42.529151916503906,-22.71739387512207],[-42.514591217041016,-22.719722747802734],[-42.49899673461903,-22.72527313232422],[-42.49189758300781,-22.722755432128906],[-42.47982025146479,-22.725526809692326],[-42.471763610839844,-22.72374725341797],[-42.460227966308594,-22.719261169433594],[-42.45478057861328,-22.72591781616211],[-42.44139480590809,-22.731506347656193]]]},"properties":{"id_cidade":3305604,"cidade":"Silva Jardim","id_microrregiao":330409,"id_mesorregiao":3304,"id_estado":33,"id_regiao":3}},{"type":"Feature","geometry":{"type":"Polygon","coordinates":[[[-42.71437072753906,-22.26752853393549],[-42.71207046508789,-22.266874313354492],[-42.70418167114258,-22.25900650024414],[-42.69003677368164,-22.2532958984375],[-42.674678802490234,-22.24062728881836],[-42.67123794555664,-22.223888397216797],[-42.659656524658146,-22.21823883056635],[-42.65890502929682,-22.20929718017578],[-42.6526260375976,-22.213890075683594],[-42.64474105834961,-22.21219253540039],[-42.643592834472656,-22.208755493164062],[-42.6473770141601,-22.205978393554688],[-42.638954162597656,-22.201719284057617],[-42.643402099609375,-22.196184158325195],[-42.641868591308594,-22.19135093688965],[-42.64107513427729,-22.187503814697266],[-42.63176727294922,-22.186088562011662],[-42.613014221191406,-22.196586608886662],[-42.60645675659174,-22.19353675842285],[-42.60320663452143,-22.189748764038086],[-42.592124938964844,-22.179004669189453],[-42.582008361816406,-22.177524566650334],[-42.57690429687494,-22.179040908813477],[-42.57209777832031,-22.175672531127816],[-42.56595993041992,-22.17854881286621],[-42.56459426879877,-22.172527313232422],[-42.55572891235346,-22.172128677368107],[-42.557682037353516,-22.16386604309082],[-42.56523513793945,-22.161041259765625],[-42.57386779785156,-22.163408279418945],[-42.578094482421875,-22.141075134277287],[-42.6111488342284,-22.140724182128793],[-42.61302185058588,-22.137680053710938],[-42.617317199706974,-22.134531021118164],[-42.60734176635742,-22.127042770385742],[-42.609371185302734,-22.12126159667963],[-42.60643005371094,-22.116739273071175],[-42.6020393371582,-22.111488342285156],[-42.5948600769043,-22.110950469970646],[-42.587120056152344,-22.103748321533203],[-42.59505844116211,-22.09886741638178],[-42.60377120971674,-22.097759246826172],[-42.60548782348627,-22.087879180908146],[-42.59834671020502,-22.07832908630371],[-42.58845901489258,-22.0770263671875],[-42.57461929321278,-22.06539535522461],[-42.574016571044865,-22.058168411254826],[-42.58131790161133,-22.049606323242188],[-42.57323455810547,-22.048301696777287],[-42.56501007080078,-22.038843154907227],[-42.563568115234375,-22.030052185058594],[-42.57551574707031,-22.025871276855412],[-42.57242965698231,-22.019113540649414],[-42.638248443603516,-21.991809844970703],[-42.691680908203125,-21.969873428344613],[-42.699317932128906,-21.981788635253906],[-42.69818115234369,-21.98984527587885],[-42.70234298706055,-21.99318313598627],[-42.696929931640625,-22.001829147338867],[-42.708377838134766,-22.013490676879883],[-42.70820999145502,-22.024272918701115],[-42.71598815917969,-22.025848388671875],[-42.71067810058588,-22.03371047973627],[-42.71739959716797,-22.052560806274414],[-42.72573471069336,-22.053180694580078],[-42.74398422241205,-22.04714012145996],[-42.74273681640619,-22.049968719482422],[-42.7367057800293,-22.06023025512684],[-42.73073577880848,-22.086448669433537],[-42.73582458496094,-22.095809936523438],[-42.75988006591797,-22.101394653320256],[-42.75498580932617,-22.117605209350586],[-42.74748992919916,-22.123180389404297],[-42.74533462524414,-22.12699317932129],[-42.749752044677734,-22.136875152587834],[-42.751235961914006,-22.14621925354004],[-42.75597381591791,-22.149288177490178],[-42.75621032714844,-22.157817840576172],[-42.74492645263666,-22.165771484374943],[-42.748630523681584,-22.17085075378418],[-42.74485015869129,-22.175527572631836],[-42.74812698364258,-22.1805801391601],[-42.747486114501896,-22.1850528717041],[-42.751651763916016,-22.18560218811035],[-42.75209808349598,-22.190298080444336],[-42.74582290649414,-22.193838119506836],[-42.743206024169865,-22.200937271118107],[-42.73339462280268,-22.20945167541504],[-42.733158111572266,-22.21796035766596],[-42.73757171630854,-22.22027587890625],[-42.73500442504877,-22.222869873046875],[-42.74462890624994,-22.233797073364258],[-42.724433898925724,-22.245309829711914],[-42.716804504394474,-22.255836486816406],[-42.719017028808594,-22.25945663452137],[-42.71437072753906,-22.26752853393549]]]},"properties":{"id_cidade":3305703,"cidade":"Sumidouro","id_microrregiao":330307,"id_mesorregiao":3303,"id_estado":33,"id_regiao":3}},{"type":"Feature","geometry":{"type":"Polygon","coordinates":[[[-42.66112518310547,-22.859075546264535],[-42.646595001220646,-22.855037689208984],[-42.64706039428711,-22.84543037414545],[-42.661651611328125,-22.8491535186767],[-42.67048263549805,-22.844375610351562],[-42.6581916809082,-22.827051162719727],[-42.66978454589838,-22.822322845458984],[-42.66725540161133,-22.81858062744135],[-42.671539306640625,-22.811542510986328],[-42.6655387878418,-22.804565429687443],[-42.6678466796875,-22.802589416503906],[-42.66101455688471,-22.799722671508732],[-42.68031692504883,-22.797466278076172],[-42.68563079833973,-22.7940616607666],[-42.68898010253906,-22.792779922485295],[-42.68988037109375,-22.786485671997013],[-42.67852783203125,-22.7750186920166],[-42.67745590209961,-22.770719528198242],[-42.68539810180664,-22.768468856811467],[-42.69059371948242,-22.762845993041935],[-42.68871307373047,-22.758602142333928],[-42.69525146484369,-22.753482818603516],[-42.699539184570256,-22.729301452636662],[-42.715293884277344,-22.72039794921875],[-42.746372222900334,-22.68648338317871],[-42.75502395629877,-22.702251434326172],[-42.770183563232365,-22.710187911987248],[-42.76190185546869,-22.719253540039062],[-42.761478424072266,-22.724653244018555],[-42.76321029663086,-22.72649192810053],[-42.7645149230957,-22.739406585693303],[-42.79912567138672,-22.736677169799805],[-42.80634689331049,-22.743572235107422],[-42.799118041992074,-22.750392913818303],[-42.80073165893549,-22.754112243652287],[-42.79576110839838,-22.75697708129877],[-42.79177093505848,-22.75377655029297],[-42.786964416503906,-22.759315490722656],[-42.7915153503418,-22.772436141967773],[-42.78364181518549,-22.77555274963379],[-42.790008544921875,-22.787658691406193],[-42.796939849853516,-22.787321090698242],[-42.799297332763615,-22.79075050354004],[-42.79870223999018,-22.79372787475586],[-42.803321838378906,-22.79474258422846],[-42.79787063598627,-22.800128936767578],[-42.784629821777344,-22.804403305053654],[-42.75819778442377,-22.796659469604492],[-42.750740051269474,-22.802043914794922],[-42.738368988036996,-22.807355880737248],[-42.739044189453125,-22.812704086303654],[-42.75373458862305,-22.82739067077631],[-42.735401153564396,-22.83614730834961],[-42.7335968017577,-22.84115219116211],[-42.715614318847656,-22.853979110717773],[-42.70204162597656,-22.84982872009266],[-42.69929122924805,-22.856164932250977],[-42.67020034790039,-22.857057571411076],[-42.66112518310547,-22.859075546264535]]]},"properties":{"id_cidade":3305752,"cidade":"Tanguá","id_microrregiao":330618,"id_mesorregiao":3306,"id_estado":33,"id_regiao":3}},{"type":"Feature","geometry":{"type":"Polygon","coordinates":[[[-42.99704360961914,-22.28113365173334],[-43.00562286376953,-22.287542343139535],[-43.017105102539006,-22.290111541748047],[-43.01321792602528,-22.298791885375863],[-43.0247688293457,-22.306900024414062],[-43.03943252563471,-22.31183624267578],[-43.044303894042855,-22.318265914916992],[-43.0484619140625,-22.32707405090332],[-43.0340461730957,-22.328636169433594],[-43.03030014038086,-22.338556289672795],[-43.02544021606445,-22.33938217163086],[-43.03390884399403,-22.344987869262695],[-43.0282096862793,-22.34579086303711],[-43.026710510253906,-22.35279464721674],[-43.02037811279297,-22.355669021606445],[-43.02484512329096,-22.35980796813959],[-43.03413391113281,-22.369951248168945],[-43.02943801879883,-22.377748489379826],[-43.034019470214844,-22.39014434814453],[-43.02779388427729,-22.392980575561467],[-43.0387725830077,-22.416385650634766],[-43.03190994262684,-22.420186996459904],[-43.03540420532221,-22.42356872558588],[-43.03248977661133,-22.433374404907227],[-43.02240753173828,-22.440650939941293],[-43.02415466308588,-22.442350387573242],[-43.025993347167855,-22.455324172973633],[-43.02499008178711,-22.461462020873967],[-43.01649475097656,-22.46620559692377],[-42.99940872192383,-22.45907211303711],[-42.9878311157226,-22.462440490722656],[-42.974220275878906,-22.470455169677734],[-42.9632682800293,-22.46405792236328],[-42.9576797485351,-22.465543746948242],[-42.954795837402344,-22.45737075805664],[-42.945556640625,-22.455686569213867],[-42.942100524902344,-22.457382202148438],[-42.928462982177734,-22.449851989746094],[-42.925601959228516,-22.453420639038086],[-42.91226577758789,-22.454898834228516],[-42.90958786010742,-22.45550918579096],[-42.89168548583979,-22.45721817016596],[-42.87934494018555,-22.44740676879877],[-42.875095367431584,-22.448059082031193],[-42.876907348632756,-22.443969726562443],[-42.87054061889643,-22.438592910766545],[-42.870517730712834,-22.431655883789006],[-42.85754776000971,-22.42626953125],[-42.852352142333984,-22.425735473632812],[-42.85257339477539,-22.41612434387207],[-42.84087371826166,-22.411329269409066],[-42.82720947265625,-22.41243934631342],[-42.811035156249886,-22.4029598236084],[-42.815765380859375,-22.391176223754826],[-42.80354309082031,-22.386983871459904],[-42.8034553527832,-22.377807617187386],[-42.790325164794865,-22.378114700317326],[-42.76918029785156,-22.383708953857365],[-42.76351547241205,-22.376745223999023],[-42.747074127197266,-22.373117446899414],[-42.7402610778808,-22.360267639160156],[-42.72748184204096,-22.355579376220646],[-42.72328948974604,-22.35073280334467],[-42.72571563720703,-22.340553283691406],[-42.72817611694336,-22.33578872680664],[-42.723964691161996,-22.33541488647461],[-42.71986389160145,-22.33167076110834],[-42.71829605102539,-22.328281402587834],[-42.72652053833002,-22.31596565246582],[-42.72051620483393,-22.306734085083008],[-42.71746444702143,-22.297243118286076],[-42.71204376220692,-22.2936954498291],[-42.71120834350586,-22.287773132324162],[-42.71827697753906,-22.277120590209904],[-42.71437072753906,-22.26752853393549],[-42.719017028808594,-22.25945663452137],[-42.716804504394474,-22.255836486816406],[-42.724433898925724,-22.245309829711914],[-42.74462890624994,-22.233797073364258],[-42.73500442504877,-22.222869873046875],[-42.73757171630854,-22.22027587890625],[-42.733158111572266,-22.21796035766596],[-42.73339462280268,-22.20945167541504],[-42.743206024169865,-22.200937271118107],[-42.74582290649414,-22.193838119506836],[-42.75209808349598,-22.190298080444336],[-42.751651763916016,-22.18560218811035],[-42.747486114501896,-22.1850528717041],[-42.74812698364258,-22.1805801391601],[-42.74485015869129,-22.175527572631836],[-42.748630523681584,-22.17085075378418],[-42.74492645263666,-22.165771484374943],[-42.75621032714844,-22.157817840576172],[-42.75597381591791,-22.149288177490178],[-42.751235961914006,-22.14621925354004],[-42.749752044677734,-22.136875152587834],[-42.74533462524414,-22.12699317932129],[-42.74748992919916,-22.123180389404297],[-42.76535797119129,-22.12860488891596],[-42.768653869628906,-22.132179260253906],[-42.775844573974496,-22.13074302673334],[-42.7799339294433,-22.133974075317326],[-42.7947044372558,-22.14500617980957],[-42.81489944458008,-22.163515090942383],[-42.83920669555664,-22.175384521484375],[-42.84581756591791,-22.174297332763672],[-42.85227966308594,-22.178005218505803],[-42.85448837280268,-22.1834716796875],[-42.86851501464838,-22.190921783447266],[-42.87723922729492,-22.191135406494084],[-42.8779411315918,-22.186403274536133],[-42.88686752319336,-22.18802833557129],[-42.89310073852539,-22.190233230590763],[-42.90016174316406,-22.2090167999267],[-42.90689468383789,-22.225137710571232],[-42.91782379150385,-22.223339080810547],[-42.92563629150385,-22.225656509399414],[-42.93752670288086,-22.232004165649357],[-42.95740890502924,-22.253410339355412],[-42.9708251953125,-22.25460243225092],[-42.97412872314453,-22.262754440307617],[-42.98067092895502,-22.264692306518555],[-42.983577728271484,-22.263469696044922],[-42.987876892089844,-22.26936912536621],[-42.98976516723633,-22.27842712402338],[-42.99704360961914,-22.28113365173334]]]},"properties":{"id_cidade":3305802,"cidade":"Teresópolis","id_microrregiao":330615,"id_mesorregiao":3306,"id_estado":33,"id_regiao":3}},{"type":"Feature","geometry":{"type":"Polygon","coordinates":[[[-41.96078109741211,-22.077373504638615],[-41.98941040039057,-22.062496185302678],[-42.001224517822266,-22.0576171875],[-42.05192565917969,-22.059574127197266],[-42.10258865356445,-22.04712677001953],[-42.100032806396484,-22.030714035034066],[-42.12395095825195,-22.03040122985834],[-42.134620666503906,-22.033599853515568],[-42.13948059082031,-22.029081344604435],[-42.13628387451166,-22.024938583374023],[-42.13838958740229,-22.019790649414006],[-42.14800643920893,-22.02440643310547],[-42.155704498291016,-22.010108947753906],[-42.173686981201115,-22.004976272583008],[-42.180454254150334,-22.007089614868164],[-42.1867790222168,-22.0180606842041],[-42.19487380981445,-22.013750076293945],[-42.20509338378906,-22.01595115661621],[-42.21939468383789,-22.009653091430664],[-42.23350524902344,-22.029420852661133],[-42.23997879028309,-22.024520874023438],[-42.250923156738224,-22.028930664062443],[-42.24050521850586,-22.03424835205078],[-42.249317169189396,-22.044448852539062],[-42.26037216186518,-22.046527862548828],[-42.26123428344721,-22.06319808959961],[-42.269588470458984,-22.069936752319336],[-42.26564407348633,-22.082103729248047],[-42.2689208984375,-22.08986473083496],[-42.27842330932617,-22.09596061706543],[-42.27559280395508,-22.097372055053654],[-42.275978088378906,-22.107461929321232],[-42.270538330078125,-22.104532241821175],[-42.266086578369084,-22.10685920715332],[-42.26333999633778,-22.118879318237305],[-42.2661247253418,-22.121480941772404],[-42.28614807128906,-22.11395263671875],[-42.29397964477539,-22.115278244018498],[-42.28000640869135,-22.123315811157113],[-42.27748489379883,-22.1301212310791],[-42.28042984008789,-22.141468048095646],[-42.29097747802729,-22.14042663574213],[-42.2975959777832,-22.151134490966797],[-42.29233551025379,-22.16017723083496],[-42.29256057739258,-22.169456481933594],[-42.282562255859375,-22.18092918395996],[-42.28114700317377,-22.191736221313477],[-42.285953521728516,-22.20083045959467],[-42.2815055847168,-22.20804786682129],[-42.27595138549805,-22.208400726318303],[-42.26589202880854,-22.216833114624023],[-42.25511932373041,-22.21420669555664],[-42.25469970703125,-22.219667434692383],[-42.25383377075195,-22.22022628784174],[-42.24400329589844,-22.2218780517577],[-42.23651123046869,-22.229536056518498],[-42.23467254638672,-22.232151031494084],[-42.25144958496094,-22.236688613891545],[-42.24842071533203,-22.2447834014892],[-42.25464248657221,-22.251968383789062],[-42.25225067138666,-22.25630950927723],[-42.26020050048828,-22.25896644592285],[-42.263450622558594,-22.26601219177246],[-42.279174804687386,-22.272014617919865],[-42.283061981201115,-22.279098510742074],[-42.294857025146484,-22.28520584106434],[-42.29331588745117,-22.289192199706974],[-42.28594970703125,-22.289274215698242],[-42.287899017333984,-22.293188095092773],[-42.27911376953125,-22.29438018798828],[-42.27397918701172,-22.302610397338754],[-42.2689476013183,-22.302627563476506],[-42.26578140258789,-22.307445526123047],[-42.25612258911133,-22.30404281616211],[-42.25104904174805,-22.306808471679688],[-42.24654006958002,-22.29199790954584],[-42.239261627197266,-22.286283493041935],[-42.23397445678711,-22.28859519958496],[-42.227420806884766,-22.27464866638178],[-42.2164421081543,-22.267751693725586],[-42.1968994140625,-22.247098922729435],[-42.18323135375965,-22.24337959289545],[-42.178535461425724,-22.233163833618107],[-42.168258666992074,-22.224500656127816],[-42.16303634643555,-22.221763610839787],[-42.1590843200683,-22.215225219726562],[-42.14738845825195,-22.21021652221674],[-42.128700256347656,-22.21412277221674],[-42.1140899658202,-22.206823348998967],[-42.10794448852539,-22.209253311157227],[-42.09706497192383,-22.202056884765625],[-42.09286117553711,-22.20111656188959],[-42.096588134765625,-22.19281005859375],[-42.09348297119135,-22.188987731933594],[-42.09738922119135,-22.183895111083928],[-42.08964538574213,-22.17257690429676],[-42.07594299316395,-22.16376876831049],[-42.02711486816395,-22.157508850097543],[-42.022815704345646,-22.150800704956055],[-41.978424072265625,-22.1251220703125],[-41.971694946289006,-22.131744384765568],[-41.961830139160156,-22.12671661376953],[-41.95802688598633,-22.117605209350586],[-41.96269989013672,-22.105712890624943],[-41.95903015136719,-22.09863662719721],[-41.96255874633789,-22.095567703246957],[-41.96078109741211,-22.077373504638615]]]},"properties":{"id_cidade":3305901,"cidade":"Trajano de Moraes","id_microrregiao":330308,"id_mesorregiao":3303,"id_estado":33,"id_regiao":3}},{"type":"Feature","geometry":{"type":"Polygon","coordinates":[[[-43.00374603271479,-22.033172607421875],[-43.00468063354492,-22.032958984374886],[-43.02557373046875,-22.04024887084961],[-43.03848648071278,-22.046176910400334],[-43.038852691650334,-22.052980422973633],[-43.032546997070256,-22.06023025512684],[-43.03310775756836,-22.065893173217717],[-43.05310821533203,-22.082534790039006],[-43.07407760620117,-22.09333992004389],[-43.07796478271479,-22.084108352661076],[-43.089439392089844,-22.087942123413086],[-43.10669708251953,-22.084035873413086],[-43.12249755859369,-22.091085433959847],[-43.127544403076115,-22.104906082153263],[-43.136489868164006,-22.109666824340763],[-43.14496612548828,-22.100547790527287],[-43.154067993164006,-22.077974319458008],[-43.150520324706974,-22.071632385253906],[-43.13403320312494,-22.059001922607422],[-43.12824249267578,-22.046649932861328],[-43.128311157226506,-22.04540252685547],[-43.13005447387695,-22.03552627563471],[-43.141105651855355,-22.039522171020508],[-43.14329910278309,-22.046176910400334],[-43.21438217163086,-22.06708908081049],[-43.259433746337834,-22.102958679199105],[-43.25013732910156,-22.13136863708496],[-43.245620727539006,-22.138004302978516],[-43.201026916503906,-22.177957534789982],[-43.19821929931635,-22.200958251953068],[-43.167938232421875,-22.18735694885254],[-43.166458129882756,-22.186470031738224],[-43.164348602294865,-22.185550689697266],[-43.14229202270508,-22.194570541381836],[-43.13115692138666,-22.19135093688965],[-43.119419097900334,-22.199634552001896],[-43.10885620117182,-22.19995689392084],[-43.10432052612305,-22.1923885345459],[-43.09809875488281,-22.192859649658146],[-43.09524917602539,-22.191314697265625],[-43.093601226806584,-22.183553695678654],[-43.08129882812494,-22.18122482299799],[-43.05535507202143,-22.164800643920785],[-43.03807830810541,-22.16349792480463],[-43.03479766845703,-22.16692543029785],[-43.03996658325195,-22.169147491455078],[-43.0427360534668,-22.179780960083008],[-43.0514564514159,-22.182281494140568],[-43.05909729003906,-22.189855575561467],[-43.048679351806584,-22.20680618286127],[-43.04068374633778,-22.18951797485346],[-43.02132415771473,-22.1619815826416],[-43.01723861694336,-22.14874267578125],[-43.01381301879883,-22.14729690551752],[-43.001575469970646,-22.151248931884766],[-42.97444152832031,-22.14340591430664],[-42.95687484741211,-22.13773536682129],[-42.957324981689396,-22.135095596313477],[-42.9647102355957,-22.12710189819336],[-42.967742919921875,-22.105636596679688],[-42.97309494018555,-22.099193572998047],[-42.96923828124994,-22.088748931884652],[-43.01124954223633,-22.08392333984375],[-43.01457214355469,-22.083631515502873],[-43.013545989990234,-22.075475692749023],[-43.008125305175724,-22.072141647338867],[-43.010963439941406,-22.05646514892578],[-43.004631042480355,-22.049165725708008],[-43.010093688964844,-22.03987693786621],[-43.00374603271479,-22.033172607421875]]]},"properties":{"id_cidade":3306008,"cidade":"Três Rios","id_microrregiao":330305,"id_mesorregiao":3303,"id_estado":33,"id_regiao":3}},{"type":"Feature","geometry":{"type":"Polygon","coordinates":[[[-43.748970031738224,-22.403923034667912],[-43.74177169799805,-22.39938545227045],[-43.732215881347656,-22.387880325317383],[-43.73044586181635,-22.385946273803654],[-43.731937408447266,-22.378547668456974],[-43.721641540527344,-22.376089096069336],[-43.710700988769474,-22.383281707763672],[-43.70449447631836,-22.386552810668945],[-43.69448852539057,-22.374898910522347],[-43.693923950195256,-22.362081527709904],[-43.69057083129883,-22.360292434692326],[-43.68734359741205,-22.360862731933594],[-43.67735671997059,-22.359621047973576],[-43.67823791503906,-22.35033798217762],[-43.67633056640625,-22.34387969970703],[-43.664661407470646,-22.343263626098633],[-43.66221618652344,-22.339969635009766],[-43.66219711303711,-22.33700942993164],[-43.669105529785156,-22.33456039428711],[-43.66855621337885,-22.32465171813965],[-43.65727615356445,-22.314300537109375],[-43.65405654907221,-22.313472747802734],[-43.63961410522461,-22.31734466552723],[-43.63121795654297,-22.308673858642578],[-43.619384765625,-22.303445816039982],[-43.61203002929676,-22.308395385742188],[-43.60605239868164,-22.306753158569336],[-43.588947296142464,-22.288007736205998],[-43.59281921386719,-22.286376953125],[-43.59463500976557,-22.28436851501459],[-43.58691024780268,-22.27645301818842],[-43.58874511718744,-22.2688312530517],[-43.59410858154297,-22.266563415527344],[-43.58741378784174,-22.26569366455078],[-43.59258270263672,-22.260852813720646],[-43.608524322509766,-22.25861167907709],[-43.61061096191406,-22.25294113159174],[-43.603668212890625,-22.24728012084961],[-43.611438751220646,-22.243345260620117],[-43.6081924438476,-22.22624397277832],[-43.62968444824219,-22.21893882751459],[-43.632198333740234,-22.2151203155517],[-43.635395050048714,-22.20668601989746],[-43.65113830566406,-22.20462036132801],[-43.65684509277338,-22.198257446289062],[-43.65949630737299,-22.196344375610295],[-43.65539169311518,-22.186143875122013],[-43.65769195556635,-22.18079185485834],[-43.66372299194336,-22.180854797363224],[-43.66616821289057,-22.17314338684082],[-43.67419815063471,-22.166460037231445],[-43.66575241088867,-22.162582397460938],[-43.6662483215332,-22.158622741699162],[-43.661746978759766,-22.155662536621037],[-43.66437149047846,-22.146678924560547],[-43.65974807739258,-22.104906082153263],[-43.662063598632756,-22.09145736694336],[-43.66851043701172,-22.085662841796818],[-43.673599243164006,-22.089567184448242],[-43.68186569213867,-22.071613311767578],[-43.691802978515625,-22.070905685424805],[-43.7001953125,-22.077899932861328],[-43.70867919921875,-22.077056884765625],[-43.709835052490234,-22.081560134887695],[-43.71989059448231,-22.081203460693303],[-43.733951568603516,-22.096595764160156],[-43.739646911621094,-22.095405578613224],[-43.746891021728516,-22.09277153015131],[-43.746337890625,-22.08823585510254],[-43.760459899902344,-22.08100509643549],[-43.75617599487305,-22.076976776123047],[-43.76381683349604,-22.073257446289062],[-43.765945434570256,-22.062915802001953],[-43.76872253417969,-22.067558288574162],[-43.77738952636713,-22.066774368286133],[-43.80021667480469,-22.082494735717717],[-43.81027984619135,-22.082286834716797],[-43.81280517578125,-22.08339309692377],[-43.811050415039006,-22.086017608642578],[-43.816715240478516,-22.08651351928711],[-43.82755661010731,-22.091344833373967],[-43.843345642089844,-22.098955154418945],[-43.85761260986328,-22.09514045715332],[-43.86228561401367,-22.099533081054688],[-43.87069320678711,-22.099977493286133],[-43.87138366699219,-22.103925704955998],[-43.87989425659174,-22.100791931152344],[-43.88055801391596,-22.1136417388916],[-43.89275360107416,-22.114456176757812],[-43.897624969482365,-22.118602752685547],[-43.940742492675724,-22.13214683532715],[-43.95324325561518,-22.141468048095646],[-43.962249755859375,-22.140422821044865],[-43.978759765625,-22.146654129028263],[-43.977115631103516,-22.149642944335938],[-43.98828125,-22.150171279907227],[-43.99325942993164,-22.1583309173584],[-43.997978210449105,-22.156038284301758],[-44.00500488281244,-22.16237449645996],[-44.02389144897455,-22.151374816894474],[-44.038230895996094,-22.154354095458928],[-44.04095458984369,-22.160593032836857],[-44.06634140014643,-22.162094116210938],[-44.072525024414006,-22.164957046508732],[-44.076816558837834,-22.175405502319336],[-44.0846710205077,-22.175851821899357],[-44.08738708496094,-22.18359375],[-44.090145111083984,-22.175815582275277],[-44.100032806396484,-22.173301696777287],[-44.10485839843744,-22.177803039550724],[-44.10503387451172,-22.184572219848633],[-44.117839813232365,-22.19011116027832],[-44.11925506591791,-22.187274932861328],[-44.12306213378906,-22.188262939453125],[-44.12125015258789,-22.19533157348627],[-44.1252555847168,-22.20051193237299],[-44.12147140502924,-22.20911407470703],[-44.126365661621094,-22.208799362182617],[-44.127418518066406,-22.212032318115178],[-44.13356399536127,-22.210098266601562],[-44.14103698730469,-22.220256805419808],[-44.14914321899414,-22.213659286499023],[-44.15362167358387,-22.22694587707514],[-44.158592224121094,-22.225282669067383],[-44.16409301757807,-22.232532501220646],[-44.1669807434082,-22.232223510742188],[-44.16681671142578,-22.227569580078068],[-44.173530578613224,-22.23045349121088],[-44.18020629882807,-22.228055953979492],[-44.180976867675724,-22.233123779296818],[-44.189483642578125,-22.240709304809513],[-44.181785583496094,-22.24010467529297],[-44.18019866943354,-22.24374580383295],[-44.17553329467768,-22.241823196411076],[-44.16425704956055,-22.252147674560547],[-44.15942382812494,-22.249536514282227],[-44.157005310058594,-22.25250244140625],[-44.156753540039006,-22.25766181945795],[-44.16859054565418,-22.270370483398438],[-44.146564483642464,-22.281265258789006],[-44.150642395019474,-22.2935848236084],[-44.1462287902832,-22.296009063720703],[-44.1464729309082,-22.302595138549748],[-44.15753936767578,-22.31281280517578],[-44.15478515625,-22.31819534301752],[-44.14811706542969,-22.320566177368164],[-44.147464752197266,-22.3311252593993],[-44.140918731689396,-22.3375186920166],[-44.13560104370117,-22.336847305297738],[-44.1239280700683,-22.338939666748047],[-44.11728286743153,-22.329879760742188],[-44.09619522094721,-22.329885482787972],[-44.067649841308594,-22.315811157226506],[-44.053390502929574,-22.313598632812443],[-44.047481536865234,-22.30733299255371],[-44.024803161621094,-22.296400070190373],[-44.02342987060541,-22.295200347900334],[-44.017173767089844,-22.305555343627873],[-44.00883483886713,-22.310068130493164],[-43.98836898803711,-22.308883666992188],[-43.97497177124018,-22.31208610534668],[-43.971355438232365,-22.32532882690424],[-43.9665641784668,-22.34381103515625],[-43.95917510986328,-22.3394718170166],[-43.95185852050781,-22.344142913818246],[-43.950801849365234,-22.35009002685547],[-43.9409446716308,-22.34936904907221],[-43.937477111816406,-22.345378875732308],[-43.930397033691406,-22.35191154479969],[-43.933113098144474,-22.358713150024414],[-43.93814468383789,-22.356840133666935],[-43.9478645324707,-22.367435455322266],[-43.940559387206974,-22.372425079345703],[-43.94089126586914,-22.38032722473139],[-43.91455841064453,-22.350845336914062],[-43.89375686645508,-22.34535026550293],[-43.885311126708984,-22.32972526550293],[-43.86953353881836,-22.32569694519043],[-43.855533599853516,-22.314874649047795],[-43.84916687011719,-22.315776824951172],[-43.84230422973627,-22.328235626220703],[-43.85025405883778,-22.337223052978516],[-43.8579216003418,-22.373279571533203],[-43.847644805908146,-22.36918640136713],[-43.845062255859375,-22.384082794189396],[-43.83705902099604,-22.38611412048334],[-43.83736419677729,-22.3746395111084],[-43.82731246948242,-22.373239517211857],[-43.8097190856933,-22.35252571105957],[-43.80445480346674,-22.35620880126953],[-43.803241729736214,-22.35683822631836],[-43.79600143432617,-22.356994628906193],[-43.796607971191406,-22.363704681396484],[-43.783863067626896,-22.361524581909123],[-43.78003311157221,-22.36788940429676],[-43.77570343017578,-22.368270874023324],[-43.775054931640625,-22.375520706176758],[-43.76597595214844,-22.38971519470215],[-43.748970031738224,-22.403923034667912]]]},"properties":{"id_cidade":3306107,"cidade":"Valença","id_microrregiao":330512,"id_mesorregiao":3305,"id_estado":33,"id_regiao":3}},{"type":"Feature","geometry":{"type":"Polygon","coordinates":[[[-41.8011474609375,-20.986660003662053],[-41.79570007324219,-20.984556198120117],[-41.79200363159174,-20.97429466247553],[-41.79225540161133,-20.96200180053711],[-41.79758071899414,-20.96302413940424],[-41.80073165893555,-20.957946777343693],[-41.808197021484375,-20.957082748413086],[-41.813648223876896,-20.94534111022938],[-41.78822326660145,-20.90934181213379],[-41.7778434753418,-20.897266387939453],[-41.76136016845703,-20.882915496826115],[-41.75738906860346,-20.8754367828368],[-41.749637603759766,-20.871578216552734],[-41.74180603027344,-20.872812271118164],[-41.74014282226557,-20.86609077453602],[-41.745540618896484,-20.853311538696175],[-41.737342834472656,-20.836591720580998],[-41.741024017333984,-20.83012962341303],[-41.73924255371094,-20.827816009521484],[-41.74293518066406,-20.825632095336857],[-41.74086380004883,-20.81828880310053],[-41.747112274169865,-20.814285278320312],[-41.75034332275385,-20.818077087402344],[-41.75562286376953,-20.807535171508675],[-41.76387405395502,-20.807069778442383],[-41.76747131347656,-20.801990509033203],[-41.775760650634766,-20.799884796142578],[-41.786643981933594,-20.80994033813471],[-41.799751281738224,-20.81556510925293],[-41.80934143066406,-20.82895278930664],[-41.8269309997558,-20.841571807861328],[-41.85225296020508,-20.85631179809559],[-41.859317779541016,-20.856279373168945],[-41.86225509643555,-20.863975524902344],[-41.86975860595692,-20.869239807128906],[-41.9034423828125,-20.87689590454096],[-41.90446472167963,-20.877994537353516],[-41.903812408447266,-20.901885986328068],[-41.89995956420893,-20.90259552001953],[-41.89255523681629,-20.91333389282221],[-41.88350296020508,-20.925302505493107],[-41.896152496337834,-20.927774429321232],[-41.90570068359369,-20.924528121948185],[-41.91139602661133,-20.929288864135685],[-41.913063049316406,-20.940927505493107],[-41.91850662231445,-20.946779251098633],[-41.91594696044922,-20.954036712646428],[-41.90659713745117,-20.965553283691406],[-41.89748001098627,-20.96550941467285],[-41.89493942260731,-20.969875335693303],[-41.89280700683588,-20.97237014770502],[-41.86811447143549,-20.97319221496582],[-41.86180877685541,-20.9695987701416],[-41.855144500732365,-20.949970245361328],[-41.83704757690418,-20.956674575805607],[-41.827816009521484,-20.950948715209904],[-41.81993865966797,-20.955917358398438],[-41.81750106811512,-20.96329689025879],[-41.81106185913086,-20.961933135986328],[-41.81704330444336,-20.974157333374023],[-41.8011474609375,-20.986660003662053]]]},"properties":{"id_cidade":3306156,"cidade":"Varre-Sai","id_microrregiao":330101,"id_mesorregiao":3301,"id_estado":33,"id_regiao":3}},{"type":"Feature","geometry":{"type":"Polygon","coordinates":[[[-43.49300003051752,-22.41779136657709],[-43.50808334350586,-22.401691436767578],[-43.502700805664006,-22.392087936401367],[-43.48907852172846,-22.378910064697266],[-43.4883079528808,-22.373571395874023],[-43.49522399902344,-22.370418548583984],[-43.498497009277344,-22.364612579345646],[-43.507137298583984,-22.332611083984375],[-43.513248443603516,-22.334161758422795],[-43.51394271850586,-22.329570770263672],[-43.505889892578125,-22.311166763305607],[-43.34913635253906,-22.2750625610351],[-43.36383056640625,-22.258962631225586],[-43.39695739746088,-22.223321914672795],[-43.397632598876896,-22.222734451293945],[-43.40302276611328,-22.21640968322754],[-43.41780090332031,-22.22447967529297],[-43.42074203491211,-22.230604171752816],[-43.431339263916016,-22.23711585998535],[-43.456607818603516,-22.21657943725586],[-43.46715927124018,-22.215145111083984],[-43.47138214111328,-22.217397689819336],[-43.47169876098633,-22.231401443481445],[-43.48146438598627,-22.24936294555664],[-43.5039176940918,-22.241008758544922],[-43.51425170898432,-22.236249923706055],[-43.51963424682617,-22.243408203124943],[-43.51686477661133,-22.260330200195312],[-43.52610778808594,-22.276803970336914],[-43.5610237121582,-22.265422821044922],[-43.57771301269531,-22.279455184936523],[-43.58419418334961,-22.285642623901367],[-43.586299896240234,-22.286350250244027],[-43.588947296142464,-22.288007736205998],[-43.60605239868164,-22.306753158569336],[-43.61203002929676,-22.308395385742188],[-43.619384765625,-22.303445816039982],[-43.63121795654297,-22.308673858642578],[-43.63961410522461,-22.31734466552723],[-43.65405654907221,-22.313472747802734],[-43.65727615356445,-22.314300537109375],[-43.66855621337885,-22.32465171813965],[-43.669105529785156,-22.33456039428711],[-43.66219711303711,-22.33700942993164],[-43.66221618652344,-22.339969635009766],[-43.664661407470646,-22.343263626098633],[-43.67633056640625,-22.34387969970703],[-43.67823791503906,-22.35033798217762],[-43.67735671997059,-22.359621047973576],[-43.68734359741205,-22.360862731933594],[-43.69057083129883,-22.360292434692326],[-43.693923950195256,-22.362081527709904],[-43.69448852539057,-22.374898910522347],[-43.70449447631836,-22.386552810668945],[-43.710700988769474,-22.383281707763672],[-43.721641540527344,-22.376089096069336],[-43.731937408447266,-22.378547668456974],[-43.73044586181635,-22.385946273803654],[-43.732215881347656,-22.387880325317383],[-43.74177169799805,-22.39938545227045],[-43.748970031738224,-22.403923034667912],[-43.75466156005854,-22.408050537109375],[-43.75591659545893,-22.411195755004826],[-43.7580680847168,-22.416955947875863],[-43.76232147216791,-22.42392349243164],[-43.77234649658203,-22.436637878417912],[-43.77872848510731,-22.438159942626896],[-43.778423309326115,-22.44092178344721],[-43.7667236328125,-22.443662643432617],[-43.76499557495106,-22.44870376586914],[-43.75936126708979,-22.449716567993164],[-43.76086425781244,-22.456632614135742],[-43.754978179931584,-22.459970474243164],[-43.74942016601557,-22.46320152282709],[-43.751888275146484,-22.466402053833008],[-43.747722625732365,-22.47321128845209],[-43.74125289916981,-22.482528686523438],[-43.71713638305664,-22.49618148803711],[-43.71701049804682,-22.496143341064396],[-43.584190368652344,-22.45656204223627],[-43.57313537597656,-22.46099853515625],[-43.562515258789006,-22.500537872314396],[-43.560913085937386,-22.504566192626953],[-43.55480575561512,-22.52607345581049],[-43.539993286132756,-22.451456069946232],[-43.53080368041992,-22.44285011291504],[-43.51769256591791,-22.446733474731445],[-43.504974365234375,-22.434572219848576],[-43.50833129882807,-22.42652511596674],[-43.49300003051752,-22.41779136657709]]]},"properties":{"id_cidade":3306206,"cidade":"Vassouras","id_microrregiao":330614,"id_mesorregiao":3306,"id_estado":33,"id_regiao":3}},{"type":"Feature","geometry":{"type":"Polygon","coordinates":[[[-44.06819534301758,-22.592151641845703],[-44.05439376831055,-22.55359649658203],[-44.04138946533203,-22.551614761352425],[-44.03800964355463,-22.540605545043945],[-44.03305816650385,-22.538427352905217],[-44.03569793701172,-22.531333923339787],[-44.02977752685547,-22.52013397216797],[-44.02808761596674,-22.50726127624506],[-44.03120803833008,-22.504377365112248],[-44.03070068359375,-22.497173309326115],[-44.053611755371094,-22.48014259338379],[-44.05552673339844,-22.471204757690373],[-44.06172561645508,-22.462648391723633],[-44.071392059326115,-22.459724426269418],[-44.06105041503906,-22.452152252197266],[-44.04999923706055,-22.44500160217285],[-44.03692626953125,-22.429615020751953],[-44.02639007568354,-22.424850463867188],[-44.003257751464844,-22.409082412719727],[-44.004753112792855,-22.40708351135254],[-44.08966827392578,-22.406398773193303],[-44.09645080566406,-22.407989501953125],[-44.1060333251952,-22.419389724731445],[-44.1283340454101,-22.427349090576172],[-44.137935638427734,-22.431619644164982],[-44.1413688659668,-22.435188293456974],[-44.15153503417969,-22.452632904052678],[-44.15401840209961,-22.486030578613224],[-44.15569686889643,-22.49486351013178],[-44.153175354003906,-22.52328872680664],[-44.14194107055664,-22.52732276916504],[-44.13890075683588,-22.531827926635742],[-44.139087677001896,-22.535734176635742],[-44.127368927001896,-22.535943984985295],[-44.10423278808594,-22.532297134399414],[-44.09019470214838,-22.529842376708984],[-44.08930587768549,-22.54201316833496],[-44.0859489440918,-22.545490264892578],[-44.09075546264643,-22.56005477905262],[-44.09003448486328,-22.564102172851562],[-44.097835540771484,-22.577125549316293],[-44.09111404418945,-22.579128265380746],[-44.09461212158203,-22.588378906249886],[-44.09661865234375,-22.597190856933594],[-44.08811569213867,-22.604137420654297],[-44.09086990356434,-22.60699462890625],[-44.086143493652344,-22.642288208007812],[-44.06819534301758,-22.592151641845703]]]},"properties":{"id_cidade":3306305,"cidade":"Volta Redonda","id_microrregiao":330511,"id_mesorregiao":3305,"id_estado":33,"id_regiao":3}}]}